title,company_profile,description,requirements,benefits,fraudulent
Work From Home - Earn $5000/week,,We are offering a lucrative home-based job. Earn money by liking Facebook posts and sharing links. Daily payment guaranteed. No experience needed. Register now and pay activation fee to get your login credentials.,Willing to work from home. No degree required. Need to invest a small refundable deposit to start. Immediate starters preferred.,,1
Online Data Entry - No Experience,,Make money online from the comfort of your home. No skills needed. We guarantee daily payments. Just register now by paying a small security deposit. Earn $200-$500 per day doing simple online tasks. 100% legitimate! Act now!,Anyone can apply. Age 18+. No qualifications needed. Just need internet connection. Pay small joining fee to activate account.,Earn while you sleep. Passive income. No investment limit. Referral bonuses up to $1000 per person.,1
Data Analyst,Established company with a strong track record in the industry.,"We are looking for an experienced professional to join our team. The ideal candidate will have strong analytical skills and the ability to work collaboratively. Responsibilities include developing solutions, collaborating with cross-functional teams, and delivering high-quality results. We offer competitive salary, health benefits, and career growth opportunities.","Bachelor's degree in Computer Science or related field. 3+ years of experience. Strong problem-solving skills. Proficiency in Python, Java, or similar languages. Excellent communication skills.","Health insurance, dental, vision. 401k with company match. Flexible working hours. Remote work options. Annual performance bonus. Professional development budget.",0
Full Stack Developer,Established company with a strong track record in the industry.,"Join our growing company as a key team member. You will be responsible for managing projects, coordinating with stakeholders, and ensuring timely delivery. The role requires excellent communication skills and relevant industry experience. We provide a supportive work environment with opportunities for professional development.",Minimum 2 years of relevant experience. Strong analytical and organizational skills. Proficiency in MS Office or Google Workspace. Ability to work independently and in a team.,Medical and dental coverage. Stock options. Learning and development allowance. Team retreats and company events.,0
HR Manager,Established company with a strong track record in the industry.,"Our company is hiring a motivated professional to lead key initiatives. You'll collaborate with engineering, design, and business teams to deliver impactful outcomes. Proficiency in relevant tools and technologies is required. Benefits include flexible hours, remote work options, and professional training.","Bachelor's degree in Computer Science or related field. 3+ years of experience. Strong problem-solving skills. Proficiency in Python, Java, or similar languages. Excellent communication skills.","Health insurance, dental, vision. 401k with company match. Flexible working hours. Remote work options. Annual performance bonus. Professional development budget.",0
Sales Executive,Established company with a strong track record in the industry.,"Our company is hiring a motivated professional to lead key initiatives. You'll collaborate with engineering, design, and business teams to deliver impactful outcomes. Proficiency in relevant tools and technologies is required. Benefits include flexible hours, remote work options, and professional training.",Bachelor's degree required. Experience with project management tools. Strong written and verbal communication. Attention to detail and ability to meet deadlines.,"Health insurance, dental, vision. 401k with company match. Flexible working hours. Remote work options. Annual performance bonus. Professional development budget.",0
Graphic Designer,Established company with a strong track record in the industry.,"Our company is hiring a motivated professional to lead key initiatives. You'll collaborate with engineering, design, and business teams to deliver impactful outcomes. Proficiency in relevant tools and technologies is required. Benefits include flexible hours, remote work options, and professional training.",Technical background with hands-on experience. Familiarity with agile methodologies. Excellent presentation and collaboration skills.,"Competitive salary and benefits package. Paid time off, sick leave, and holidays. Employee wellness programs. Career advancement opportunities.",0
Network Administrator,Established company with a strong track record in the industry.,"We are seeking a talented individual to contribute to our mission. The position involves working closely with senior leadership, analyzing data, and generating insights. A bachelor's degree and 2+ years of relevant experience are required. We offer full benefits including medical, dental, and 401k.",Minimum 2 years of relevant experience. Strong analytical and organizational skills. Proficiency in MS Office or Google Workspace. Ability to work independently and in a team.,"Competitive salary and benefits package. Paid time off, sick leave, and holidays. Employee wellness programs. Career advancement opportunities.",0
Network Administrator,Established company with a strong track record in the industry.,"Our company is hiring a motivated professional to lead key initiatives. You'll collaborate with engineering, design, and business teams to deliver impactful outcomes. Proficiency in relevant tools and technologies is required. Benefits include flexible hours, remote work options, and professional training.",Bachelor's degree required. Experience with project management tools. Strong written and verbal communication. Attention to detail and ability to meet deadlines.,"Health insurance, dental, vision. 401k with company match. Flexible working hours. Remote work options. Annual performance bonus. Professional development budget.",0
Sales Executive,Established company with a strong track record in the industry.,"Join our growing company as a key team member. You will be responsible for managing projects, coordinating with stakeholders, and ensuring timely delivery. The role requires excellent communication skills and relevant industry experience. We provide a supportive work environment with opportunities for professional development.",MBA or equivalent degree preferred. 5+ years of industry experience. Leadership skills and ability to manage teams. Strategic thinking and business acumen.,"Health insurance, dental, vision. 401k with company match. Flexible working hours. Remote work options. Annual performance bonus. Professional development budget.",0
Network Administrator,Established company with a strong track record in the industry.,"Join our growing company as a key team member. You will be responsible for managing projects, coordinating with stakeholders, and ensuring timely delivery. The role requires excellent communication skills and relevant industry experience. We provide a supportive work environment with opportunities for professional development.",Bachelor's degree required. Experience with project management tools. Strong written and verbal communication. Attention to detail and ability to meet deadlines.,Medical and dental coverage. Stock options. Learning and development allowance. Team retreats and company events.,0
Network Administrator,Established company with a strong track record in the industry.,"An exciting opportunity to work in a fast-paced environment. You will manage client relationships, drive business development, and contribute to company growth. Strong interpersonal skills and a results-driven mindset are essential. Competitive compensation and performance bonuses available.","Bachelor's degree in Computer Science or related field. 3+ years of experience. Strong problem-solving skills. Proficiency in Python, Java, or similar languages. Excellent communication skills.","Health insurance, dental, vision. 401k with company match. Flexible working hours. Remote work options. Annual performance bonus. Professional development budget.",0
QA Engineer,Established company with a strong track record in the industry.,"We are seeking a talented individual to contribute to our mission. The position involves working closely with senior leadership, analyzing data, and generating insights. A bachelor's degree and 2+ years of relevant experience are required. We offer full benefits including medical, dental, and 401k.","Bachelor's degree in Computer Science or related field. 3+ years of experience. Strong problem-solving skills. Proficiency in Python, Java, or similar languages. Excellent communication skills.","Health insurance, dental, vision. 401k with company match. Flexible working hours. Remote work options. Annual performance bonus. Professional development budget.",0
Social Media Manager - $200/day,,Urgent hiring! Work from home opportunity. No experience required. Earn up to $5000 per week easily. Limited positions available. Click the link below and pay a small registration fee to get started immediately. Hurry up before positions are filled!,Anyone can apply. Age 18+. No qualifications needed. Just need internet connection. Pay small joining fee to activate account.,,1
Project Manager,Established company with a strong track record in the industry.,"Our company is hiring a motivated professional to lead key initiatives. You'll collaborate with engineering, design, and business teams to deliver impactful outcomes. Proficiency in relevant tools and technologies is required. Benefits include flexible hours, remote work options, and professional training.",Minimum 2 years of relevant experience. Strong analytical and organizational skills. Proficiency in MS Office or Google Workspace. Ability to work independently and in a team.,"Health insurance, dental, vision. 401k with company match. Flexible working hours. Remote work options. Annual performance bonus. Professional development budget.",0
QA Engineer,Established company with a strong track record in the industry.,"An exciting opportunity to work in a fast-paced environment. You will manage client relationships, drive business development, and contribute to company growth. Strong interpersonal skills and a results-driven mindset are essential. Competitive compensation and performance bonuses available.",Technical background with hands-on experience. Familiarity with agile methodologies. Excellent presentation and collaboration skills.,Medical and dental coverage. Stock options. Learning and development allowance. Team retreats and company events.,0
Sales Executive,Established company with a strong track record in the industry.,"We are seeking a talented individual to contribute to our mission. The position involves working closely with senior leadership, analyzing data, and generating insights. A bachelor's degree and 2+ years of relevant experience are required. We offer full benefits including medical, dental, and 401k.","Bachelor's degree in Computer Science or related field. 3+ years of experience. Strong problem-solving skills. Proficiency in Python, Java, or similar languages. Excellent communication skills.","Competitive salary and benefits package. Paid time off, sick leave, and holidays. Employee wellness programs. Career advancement opportunities.",0
Work From Home - Earn $5000/week,,"Online job opportunity: copy paste work, data entry, form filling. Earn Rs 50000/month. No target, no boss. Work from anywhere. Just pay registration fee of Rs 500 to join. Immediate joining. Limited seats!",No experience required. Only need a smartphone or computer. Must pay registration fee. Must be willing to share personal bank details. No background check needed.,,1
QA Engineer,Established company with a strong track record in the industry.,"An exciting opportunity to work in a fast-paced environment. You will manage client relationships, drive business development, and contribute to company growth. Strong interpersonal skills and a results-driven mindset are essential. Competitive compensation and performance bonuses available.",Minimum 2 years of relevant experience. Strong analytical and organizational skills. Proficiency in MS Office or Google Workspace. Ability to work independently and in a team.,"Health insurance, dental, vision. 401k with company match. Flexible working hours. Remote work options. Annual performance bonus. Professional development budget.",0
Home Based Job - Unlimited Earnings,,Earn big money without any experience or qualifications. This exclusive work from home opportunity offers unlimited income. Send us your bank details and registration fee to start immediately. No interview required. Positions filling up fast!,Anyone can apply. Age 18+. No qualifications needed. Just need internet connection. Pay small joining fee to activate account.,Earn while you sleep. Passive income. No investment limit. Referral bonuses up to $1000 per person.,1
Software Engineer,Established company with a strong track record in the industry.,"We are looking for an experienced professional to join our team. The ideal candidate will have strong analytical skills and the ability to work collaboratively. Responsibilities include developing solutions, collaborating with cross-functional teams, and delivering high-quality results. We offer competitive salary, health benefits, and career growth opportunities.",Technical background with hands-on experience. Familiarity with agile methodologies. Excellent presentation and collaboration skills.,"Health insurance, dental, vision. 401k with company match. Flexible working hours. Remote work options. Annual performance bonus. Professional development budget.",0
Content Writer,Established company with a strong track record in the industry.,"We are looking for an experienced professional to join our team. The ideal candidate will have strong analytical skills and the ability to work collaboratively. Responsibilities include developing solutions, collaborating with cross-functional teams, and delivering high-quality results. We offer competitive salary, health benefits, and career growth opportunities.",Technical background with hands-on experience. Familiarity with agile methodologies. Excellent presentation and collaboration skills.,"Competitive salary and benefits package. Paid time off, sick leave, and holidays. Employee wellness programs. Career advancement opportunities.",0
Financial Analyst,Established company with a strong track record in the industry.,"We are seeking a talented individual to contribute to our mission. The position involves working closely with senior leadership, analyzing data, and generating insights. A bachelor's degree and 2+ years of relevant experience are required. We offer full benefits including medical, dental, and 401k.","Bachelor's degree in Computer Science or related field. 3+ years of experience. Strong problem-solving skills. Proficiency in Python, Java, or similar languages. Excellent communication skills.","Competitive salary and benefits package. Paid time off, sick leave, and holidays. Employee wellness programs. Career advancement opportunities.",0
Part Time Online Job - Easy Money,,Earn big money without any experience or qualifications. This exclusive work from home opportunity offers unlimited income. Send us your bank details and registration fee to start immediately. No interview required. Positions filling up fast!,No experience required. Only need a smartphone or computer. Must pay registration fee. Must be willing to share personal bank details. No background check needed.,Earn while you sleep. Passive income. No investment limit. Referral bonuses up to $1000 per person.,1
Project Manager,Established company with a strong track record in the industry.,"We are seeking a talented individual to contribute to our mission. The position involves working closely with senior leadership, analyzing data, and generating insights. A bachelor's degree and 2+ years of relevant experience are required. We offer full benefits including medical, dental, and 401k.","Bachelor's degree in Computer Science or related field. 3+ years of experience. Strong problem-solving skills. Proficiency in Python, Java, or similar languages. Excellent communication skills.","Health insurance, dental, vision. 401k with company match. Flexible working hours. Remote work options. Annual performance bonus. Professional development budget.",0
Customer Support Specialist,Established company with a strong track record in the industry.,"We are seeking a talented individual to contribute to our mission. The position involves working closely with senior leadership, analyzing data, and generating insights. A bachelor's degree and 2+ years of relevant experience are required. We offer full benefits including medical, dental, and 401k.",Minimum 2 years of relevant experience. Strong analytical and organizational skills. Proficiency in MS Office or Google Workspace. Ability to work independently and in a team.,Medical and dental coverage. Stock options. Learning and development allowance. Team retreats and company events.,0
Marketing Manager,Established company with a strong track record in the industry.,"We are looking for an experienced professional to join our team. The ideal candidate will have strong analytical skills and the ability to work collaboratively. Responsibilities include developing solutions, collaborating with cross-functional teams, and delivering high-quality results. We offer competitive salary, health benefits, and career growth opportunities.",Minimum 2 years of relevant experience. Strong analytical and organizational skills. Proficiency in MS Office or Google Workspace. Ability to work independently and in a team.,Medical and dental coverage. Stock options. Learning and development allowance. Team retreats and company events.,0
QA Engineer,Established company with a strong track record in the industry.,"We are seeking a talented individual to contribute to our mission. The position involves working closely with senior leadership, analyzing data, and generating insights. A bachelor's degree and 2+ years of relevant experience are required. We offer full benefits including medical, dental, and 401k.",MBA or equivalent degree preferred. 5+ years of industry experience. Leadership skills and ability to manage teams. Strategic thinking and business acumen.,Medical and dental coverage. Stock options. Learning and development allowance. Team retreats and company events.,0
Full Stack Developer,Established company with a strong track record in the industry.,"An exciting opportunity to work in a fast-paced environment. You will manage client relationships, drive business development, and contribute to company growth. Strong interpersonal skills and a results-driven mindset are essential. Competitive compensation and performance bonuses available.",Technical background with hands-on experience. Familiarity with agile methodologies. Excellent presentation and collaboration skills.,"Health insurance, dental, vision. 401k with company match. Flexible working hours. Remote work options. Annual performance bonus. Professional development budget.",0
Product Manager,Established company with a strong track record in the industry.,"We are seeking a talented individual to contribute to our mission. The position involves working closely with senior leadership, analyzing data, and generating insights. A bachelor's degree and 2+ years of relevant experience are required. We offer full benefits including medical, dental, and 401k.",Bachelor's degree required. Experience with project management tools. Strong written and verbal communication. Attention to detail and ability to meet deadlines.,Medical and dental coverage. Stock options. Learning and development allowance. Team retreats and company events.,0
Make Money Fast - Flexible Hours,,We are offering a lucrative home-based job. Earn money by liking Facebook posts and sharing links. Daily payment guaranteed. No experience needed. Register now and pay activation fee to get your login credentials.,No experience required. Only need a smartphone or computer. Must pay registration fee. Must be willing to share personal bank details. No background check needed.,Unlimited income potential. Work whenever you want. No boss. Be your own boss. Daily payments. Extra bonuses for referrals.,1
DevOps Engineer,Established company with a strong track record in the industry.,"Join our growing company as a key team member. You will be responsible for managing projects, coordinating with stakeholders, and ensuring timely delivery. The role requires excellent communication skills and relevant industry experience. We provide a supportive work environment with opportunities for professional development.",MBA or equivalent degree preferred. 5+ years of industry experience. Leadership skills and ability to manage teams. Strategic thinking and business acumen.,Medical and dental coverage. Stock options. Learning and development allowance. Team retreats and company events.,0
Customer Support Specialist,Established company with a strong track record in the industry.,"We are seeking a talented individual to contribute to our mission. The position involves working closely with senior leadership, analyzing data, and generating insights. A bachelor's degree and 2+ years of relevant experience are required. We offer full benefits including medical, dental, and 401k.",Technical background with hands-on experience. Familiarity with agile methodologies. Excellent presentation and collaboration skills.,"Health insurance, dental, vision. 401k with company match. Flexible working hours. Remote work options. Annual performance bonus. Professional development budget.",0
Full Stack Developer,Established company with a strong track record in the industry.,"We are looking for an experienced professional to join our team. The ideal candidate will have strong analytical skills and the ability to work collaboratively. Responsibilities include developing solutions, collaborating with cross-functional teams, and delivering high-quality results. We offer competitive salary, health benefits, and career growth opportunities.",MBA or equivalent degree preferred. 5+ years of industry experience. Leadership skills and ability to manage teams. Strategic thinking and business acumen.,Medical and dental coverage. Stock options. Learning and development allowance. Team retreats and company events.,0
Marketing Manager,Established company with a strong track record in the industry.,"Our company is hiring a motivated professional to lead key initiatives. You'll collaborate with engineering, design, and business teams to deliver impactful outcomes. Proficiency in relevant tools and technologies is required. Benefits include flexible hours, remote work options, and professional training.","Bachelor's degree in Computer Science or related field. 3+ years of experience. Strong problem-solving skills. Proficiency in Python, Java, or similar languages. Excellent communication skills.","Competitive salary and benefits package. Paid time off, sick leave, and holidays. Employee wellness programs. Career advancement opportunities.",0
DevOps Engineer,Established company with a strong track record in the industry.,"An exciting opportunity to work in a fast-paced environment. You will manage client relationships, drive business development, and contribute to company growth. Strong interpersonal skills and a results-driven mindset are essential. Competitive compensation and performance bonuses available.","Bachelor's degree in Computer Science or related field. 3+ years of experience. Strong problem-solving skills. Proficiency in Python, Java, or similar languages. Excellent communication skills.",Medical and dental coverage. Stock options. Learning and development allowance. Team retreats and company events.,0
DevOps Engineer,Established company with a strong track record in the industry.,"We are seeking a talented individual to contribute to our mission. The position involves working closely with senior leadership, analyzing data, and generating insights. A bachelor's degree and 2+ years of relevant experience are required. We offer full benefits including medical, dental, and 401k.","Bachelor's degree in Computer Science or related field. 3+ years of experience. Strong problem-solving skills. Proficiency in Python, Java, or similar languages. Excellent communication skills.","Health insurance, dental, vision. 401k with company match. Flexible working hours. Remote work options. Annual performance bonus. Professional development budget.",0
DevOps Engineer,Established company with a strong track record in the industry.,"Join our growing company as a key team member. You will be responsible for managing projects, coordinating with stakeholders, and ensuring timely delivery. The role requires excellent communication skills and relevant industry experience. We provide a supportive work environment with opportunities for professional development.",Technical background with hands-on experience. Familiarity with agile methodologies. Excellent presentation and collaboration skills.,"Health insurance, dental, vision. 401k with company match. Flexible working hours. Remote work options. Annual performance bonus. Professional development budget.",0
Software Engineer,Established company with a strong track record in the industry.,"We are seeking a talented individual to contribute to our mission. The position involves working closely with senior leadership, analyzing data, and generating insights. A bachelor's degree and 2+ years of relevant experience are required. We offer full benefits including medical, dental, and 401k.",Bachelor's degree required. Experience with project management tools. Strong written and verbal communication. Attention to detail and ability to meet deadlines.,Medical and dental coverage. Stock options. Learning and development allowance. Team retreats and company events.,0
Customer Support Specialist,Established company with a strong track record in the industry.,"An exciting opportunity to work in a fast-paced environment. You will manage client relationships, drive business development, and contribute to company growth. Strong interpersonal skills and a results-driven mindset are essential. Competitive compensation and performance bonuses available.","Bachelor's degree in Computer Science or related field. 3+ years of experience. Strong problem-solving skills. Proficiency in Python, Java, or similar languages. Excellent communication skills.",Medical and dental coverage. Stock options. Learning and development allowance. Team retreats and company events.,0
HR Manager,Established company with a strong track record in the industry.,"Join our growing company as a key team member. You will be responsible for managing projects, coordinating with stakeholders, and ensuring timely delivery. The role requires excellent communication skills and relevant industry experience. We provide a supportive work environment with opportunities for professional development.",Bachelor's degree required. Experience with project management tools. Strong written and verbal communication. Attention to detail and ability to meet deadlines.,"Health insurance, dental, vision. 401k with company match. Flexible working hours. Remote work options. Annual performance bonus. Professional development budget.",0
Network Administrator,Established company with a strong track record in the industry.,"An exciting opportunity to work in a fast-paced environment. You will manage client relationships, drive business development, and contribute to company growth. Strong interpersonal skills and a results-driven mindset are essential. Competitive compensation and performance bonuses available.",Bachelor's degree required. Experience with project management tools. Strong written and verbal communication. Attention to detail and ability to meet deadlines.,"Health insurance, dental, vision. 401k with company match. Flexible working hours. Remote work options. Annual performance bonus. Professional development budget.",0
Project Manager,Established company with a strong track record in the industry.,"An exciting opportunity to work in a fast-paced environment. You will manage client relationships, drive business development, and contribute to company growth. Strong interpersonal skills and a results-driven mindset are essential. Competitive compensation and performance bonuses available.","Bachelor's degree in Computer Science or related field. 3+ years of experience. Strong problem-solving skills. Proficiency in Python, Java, or similar languages. Excellent communication skills.",Medical and dental coverage. Stock options. Learning and development allowance. Team retreats and company events.,0
Graphic Designer,Established company with a strong track record in the industry.,"We are looking for an experienced professional to join our team. The ideal candidate will have strong analytical skills and the ability to work collaboratively. Responsibilities include developing solutions, collaborating with cross-functional teams, and delivering high-quality results. We offer competitive salary, health benefits, and career growth opportunities.",Technical background with hands-on experience. Familiarity with agile methodologies. Excellent presentation and collaboration skills.,"Health insurance, dental, vision. 401k with company match. Flexible working hours. Remote work options. Annual performance bonus. Professional development budget.",0
Network Administrator,Established company with a strong track record in the industry.,"Our company is hiring a motivated professional to lead key initiatives. You'll collaborate with engineering, design, and business teams to deliver impactful outcomes. Proficiency in relevant tools and technologies is required. Benefits include flexible hours, remote work options, and professional training.","Bachelor's degree in Computer Science or related field. 3+ years of experience. Strong problem-solving skills. Proficiency in Python, Java, or similar languages. Excellent communication skills.","Competitive salary and benefits package. Paid time off, sick leave, and holidays. Employee wellness programs. Career advancement opportunities.",0
UX Designer,Established company with a strong track record in the industry.,"We are seeking a talented individual to contribute to our mission. The position involves working closely with senior leadership, analyzing data, and generating insights. A bachelor's degree and 2+ years of relevant experience are required. We offer full benefits including medical, dental, and 401k.",Bachelor's degree required. Experience with project management tools. Strong written and verbal communication. Attention to detail and ability to meet deadlines.,Medical and dental coverage. Stock options. Learning and development allowance. Team retreats and company events.,0
Full Stack Developer,Established company with a strong track record in the industry.,"We are seeking a talented individual to contribute to our mission. The position involves working closely with senior leadership, analyzing data, and generating insights. A bachelor's degree and 2+ years of relevant experience are required. We offer full benefits including medical, dental, and 401k.",Minimum 2 years of relevant experience. Strong analytical and organizational skills. Proficiency in MS Office or Google Workspace. Ability to work independently and in a team.,Medical and dental coverage. Stock options. Learning and development allowance. Team retreats and company events.,0
Online Data Entry - No Experience,,"Online job opportunity: copy paste work, data entry, form filling. Earn Rs 50000/month. No target, no boss. Work from anywhere. Just pay registration fee of Rs 500 to join. Immediate joining. Limited seats!",No experience required. Only need a smartphone or computer. Must pay registration fee. Must be willing to share personal bank details. No background check needed.,Earn while you sleep. Passive income. No investment limit. Referral bonuses up to $1000 per person.,1
Full Stack Developer,Established company with a strong track record in the industry.,"We are seeking a talented individual to contribute to our mission. The position involves working closely with senior leadership, analyzing data, and generating insights. A bachelor's degree and 2+ years of relevant experience are required. We offer full benefits including medical, dental, and 401k.",Minimum 2 years of relevant experience. Strong analytical and organizational skills. Proficiency in MS Office or Google Workspace. Ability to work independently and in a team.,"Health insurance, dental, vision. 401k with company match. Flexible working hours. Remote work options. Annual performance bonus. Professional development budget.",0
Sales Executive,Established company with a strong track record in the industry.,"Join our growing company as a key team member. You will be responsible for managing projects, coordinating with stakeholders, and ensuring timely delivery. The role requires excellent communication skills and relevant industry experience. We provide a supportive work environment with opportunities for professional development.",Technical background with hands-on experience. Familiarity with agile methodologies. Excellent presentation and collaboration skills.,"Health insurance, dental, vision. 401k with company match. Flexible working hours. Remote work options. Annual performance bonus. Professional development budget.",0
Customer Support Specialist,Established company with a strong track record in the industry.,"We are looking for an experienced professional to join our team. The ideal candidate will have strong analytical skills and the ability to work collaboratively. Responsibilities include developing solutions, collaborating with cross-functional teams, and delivering high-quality results. We offer competitive salary, health benefits, and career growth opportunities.",Minimum 2 years of relevant experience. Strong analytical and organizational skills. Proficiency in MS Office or Google Workspace. Ability to work independently and in a team.,"Health insurance, dental, vision. 401k with company match. Flexible working hours. Remote work options. Annual performance bonus. Professional development budget.",0
Data Analyst,Established company with a strong track record in the industry.,"We are looking for an experienced professional to join our team. The ideal candidate will have strong analytical skills and the ability to work collaboratively. Responsibilities include developing solutions, collaborating with cross-functional teams, and delivering high-quality results. We offer competitive salary, health benefits, and career growth opportunities.",Bachelor's degree required. Experience with project management tools. Strong written and verbal communication. Attention to detail and ability to meet deadlines.,"Health insurance, dental, vision. 401k with company match. Flexible working hours. Remote work options. Annual performance bonus. Professional development budget.",0
HR Manager,Established company with a strong track record in the industry.,"An exciting opportunity to work in a fast-paced environment. You will manage client relationships, drive business development, and contribute to company growth. Strong interpersonal skills and a results-driven mindset are essential. Competitive compensation and performance bonuses available.","Bachelor's degree in Computer Science or related field. 3+ years of experience. Strong problem-solving skills. Proficiency in Python, Java, or similar languages. Excellent communication skills.","Competitive salary and benefits package. Paid time off, sick leave, and holidays. Employee wellness programs. Career advancement opportunities.",0
Marketing Manager,Established company with a strong track record in the industry.,"We are seeking a talented individual to contribute to our mission. The position involves working closely with senior leadership, analyzing data, and generating insights. A bachelor's degree and 2+ years of relevant experience are required. We offer full benefits including medical, dental, and 401k.",Technical background with hands-on experience. Familiarity with agile methodologies. Excellent presentation and collaboration skills.,"Competitive salary and benefits package. Paid time off, sick leave, and holidays. Employee wellness programs. Career advancement opportunities.",0
Network Administrator,Established company with a strong track record in the industry.,"Join our growing company as a key team member. You will be responsible for managing projects, coordinating with stakeholders, and ensuring timely delivery. The role requires excellent communication skills and relevant industry experience. We provide a supportive work environment with opportunities for professional development.",Minimum 2 years of relevant experience. Strong analytical and organizational skills. Proficiency in MS Office or Google Workspace. Ability to work independently and in a team.,"Health insurance, dental, vision. 401k with company match. Flexible working hours. Remote work options. Annual performance bonus. Professional development budget.",0
QA Engineer,Established company with a strong track record in the industry.,"An exciting opportunity to work in a fast-paced environment. You will manage client relationships, drive business development, and contribute to company growth. Strong interpersonal skills and a results-driven mindset are essential. Competitive compensation and performance bonuses available.",MBA or equivalent degree preferred. 5+ years of industry experience. Leadership skills and ability to manage teams. Strategic thinking and business acumen.,"Health insurance, dental, vision. 401k with company match. Flexible working hours. Remote work options. Annual performance bonus. Professional development budget.",0
Part Time Online Job - Easy Money,,Make money online from the comfort of your home. No skills needed. We guarantee daily payments. Just register now by paying a small security deposit. Earn $200-$500 per day doing simple online tasks. 100% legitimate! Act now!,No experience required. Only need a smartphone or computer. Must pay registration fee. Must be willing to share personal bank details. No background check needed.,Unlimited income potential. Work whenever you want. No boss. Be your own boss. Daily payments. Extra bonuses for referrals.,1
Machine Learning Engineer,Established company with a strong track record in the industry.,"Our company is hiring a motivated professional to lead key initiatives. You'll collaborate with engineering, design, and business teams to deliver impactful outcomes. Proficiency in relevant tools and technologies is required. Benefits include flexible hours, remote work options, and professional training.",Bachelor's degree required. Experience with project management tools. Strong written and verbal communication. Attention to detail and ability to meet deadlines.,"Health insurance, dental, vision. 401k with company match. Flexible working hours. Remote work options. Annual performance bonus. Professional development budget.",0
Sales Executive,Established company with a strong track record in the industry.,"We are seeking a talented individual to contribute to our mission. The position involves working closely with senior leadership, analyzing data, and generating insights. A bachelor's degree and 2+ years of relevant experience are required. We offer full benefits including medical, dental, and 401k.",MBA or equivalent degree preferred. 5+ years of industry experience. Leadership skills and ability to manage teams. Strategic thinking and business acumen.,Medical and dental coverage. Stock options. Learning and development allowance. Team retreats and company events.,0
Full Stack Developer,Established company with a strong track record in the industry.,"We are looking for an experienced professional to join our team. The ideal candidate will have strong analytical skills and the ability to work collaboratively. Responsibilities include developing solutions, collaborating with cross-functional teams, and delivering high-quality results. We offer competitive salary, health benefits, and career growth opportunities.","Bachelor's degree in Computer Science or related field. 3+ years of experience. Strong problem-solving skills. Proficiency in Python, Java, or similar languages. Excellent communication skills.","Competitive salary and benefits package. Paid time off, sick leave, and holidays. Employee wellness programs. Career advancement opportunities.",0
HR Manager,Established company with a strong track record in the industry.,"Join our growing company as a key team member. You will be responsible for managing projects, coordinating with stakeholders, and ensuring timely delivery. The role requires excellent communication skills and relevant industry experience. We provide a supportive work environment with opportunities for professional development.","Bachelor's degree in Computer Science or related field. 3+ years of experience. Strong problem-solving skills. Proficiency in Python, Java, or similar languages. Excellent communication skills.",Medical and dental coverage. Stock options. Learning and development allowance. Team retreats and company events.,0
Earn Daily from Home,,"Online job opportunity: copy paste work, data entry, form filling. Earn Rs 50000/month. No target, no boss. Work from anywhere. Just pay registration fee of Rs 500 to join. Immediate joining. Limited seats!",Willing to work from home. No degree required. Need to invest a small refundable deposit to start. Immediate starters preferred.,Earn while you sleep. Passive income. No investment limit. Referral bonuses up to $1000 per person.,1
Sales Executive,Established company with a strong track record in the industry.,"An exciting opportunity to work in a fast-paced environment. You will manage client relationships, drive business development, and contribute to company growth. Strong interpersonal skills and a results-driven mindset are essential. Competitive compensation and performance bonuses available.",MBA or equivalent degree preferred. 5+ years of industry experience. Leadership skills and ability to manage teams. Strategic thinking and business acumen.,"Competitive salary and benefits package. Paid time off, sick leave, and holidays. Employee wellness programs. Career advancement opportunities.",0
HR Manager,Established company with a strong track record in the industry.,"We are looking for an experienced professional to join our team. The ideal candidate will have strong analytical skills and the ability to work collaboratively. Responsibilities include developing solutions, collaborating with cross-functional teams, and delivering high-quality results. We offer competitive salary, health benefits, and career growth opportunities.",Bachelor's degree required. Experience with project management tools. Strong written and verbal communication. Attention to detail and ability to meet deadlines.,Medical and dental coverage. Stock options. Learning and development allowance. Team retreats and company events.,0
Graphic Designer,Established company with a strong track record in the industry.,"We are looking for an experienced professional to join our team. The ideal candidate will have strong analytical skills and the ability to work collaboratively. Responsibilities include developing solutions, collaborating with cross-functional teams, and delivering high-quality results. We offer competitive salary, health benefits, and career growth opportunities.","Bachelor's degree in Computer Science or related field. 3+ years of experience. Strong problem-solving skills. Proficiency in Python, Java, or similar languages. Excellent communication skills.","Competitive salary and benefits package. Paid time off, sick leave, and holidays. Employee wellness programs. Career advancement opportunities.",0
UX Designer,Established company with a strong track record in the industry.,"Our company is hiring a motivated professional to lead key initiatives. You'll collaborate with engineering, design, and business teams to deliver impactful outcomes. Proficiency in relevant tools and technologies is required. Benefits include flexible hours, remote work options, and professional training.",MBA or equivalent degree preferred. 5+ years of industry experience. Leadership skills and ability to manage teams. Strategic thinking and business acumen.,"Competitive salary and benefits package. Paid time off, sick leave, and holidays. Employee wellness programs. Career advancement opportunities.",0
Project Manager,Established company with a strong track record in the industry.,"We are seeking a talented individual to contribute to our mission. The position involves working closely with senior leadership, analyzing data, and generating insights. A bachelor's degree and 2+ years of relevant experience are required. We offer full benefits including medical, dental, and 401k.",MBA or equivalent degree preferred. 5+ years of industry experience. Leadership skills and ability to manage teams. Strategic thinking and business acumen.,"Competitive salary and benefits package. Paid time off, sick leave, and holidays. Employee wellness programs. Career advancement opportunities.",0
Customer Support Specialist,Established company with a strong track record in the industry.,"An exciting opportunity to work in a fast-paced environment. You will manage client relationships, drive business development, and contribute to company growth. Strong interpersonal skills and a results-driven mindset are essential. Competitive compensation and performance bonuses available.",MBA or equivalent degree preferred. 5+ years of industry experience. Leadership skills and ability to manage teams. Strategic thinking and business acumen.,"Competitive salary and benefits package. Paid time off, sick leave, and holidays. Employee wellness programs. Career advancement opportunities.",0
QA Engineer,Established company with a strong track record in the industry.,"We are seeking a talented individual to contribute to our mission. The position involves working closely with senior leadership, analyzing data, and generating insights. A bachelor's degree and 2+ years of relevant experience are required. We offer full benefits including medical, dental, and 401k.",MBA or equivalent degree preferred. 5+ years of industry experience. Leadership skills and ability to manage teams. Strategic thinking and business acumen.,Medical and dental coverage. Stock options. Learning and development allowance. Team retreats and company events.,0
Data Analyst,Established company with a strong track record in the industry.,"We are looking for an experienced professional to join our team. The ideal candidate will have strong analytical skills and the ability to work collaboratively. Responsibilities include developing solutions, collaborating with cross-functional teams, and delivering high-quality results. We offer competitive salary, health benefits, and career growth opportunities.",Bachelor's degree required. Experience with project management tools. Strong written and verbal communication. Attention to detail and ability to meet deadlines.,"Competitive salary and benefits package. Paid time off, sick leave, and holidays. Employee wellness programs. Career advancement opportunities.",0
Customer Support Specialist,Established company with a strong track record in the industry.,"Our company is hiring a motivated professional to lead key initiatives. You'll collaborate with engineering, design, and business teams to deliver impactful outcomes. Proficiency in relevant tools and technologies is required. Benefits include flexible hours, remote work options, and professional training.",Technical background with hands-on experience. Familiarity with agile methodologies. Excellent presentation and collaboration skills.,"Health insurance, dental, vision. 401k with company match. Flexible working hours. Remote work options. Annual performance bonus. Professional development budget.",0
Customer Support Specialist,Established company with a strong track record in the industry.,"Join our growing company as a key team member. You will be responsible for managing projects, coordinating with stakeholders, and ensuring timely delivery. The role requires excellent communication skills and relevant industry experience. We provide a supportive work environment with opportunities for professional development.",Minimum 2 years of relevant experience. Strong analytical and organizational skills. Proficiency in MS Office or Google Workspace. Ability to work independently and in a team.,"Health insurance, dental, vision. 401k with company match. Flexible working hours. Remote work options. Annual performance bonus. Professional development budget.",0
Simple Copy Paste Work - High Pay,,Make money online from the comfort of your home. No skills needed. We guarantee daily payments. Just register now by paying a small security deposit. Earn $200-$500 per day doing simple online tasks. 100% legitimate! Act now!,Anyone can apply. Age 18+. No qualifications needed. Just need internet connection. Pay small joining fee to activate account.,Unlimited income potential. Work whenever you want. No boss. Be your own boss. Daily payments. Extra bonuses for referrals.,1
Network Administrator,Established company with a strong track record in the industry.,"Our company is hiring a motivated professional to lead key initiatives. You'll collaborate with engineering, design, and business teams to deliver impactful outcomes. Proficiency in relevant tools and technologies is required. Benefits include flexible hours, remote work options, and professional training.",Technical background with hands-on experience. Familiarity with agile methodologies. Excellent presentation and collaboration skills.,Medical and dental coverage. Stock options. Learning and development allowance. Team retreats and company events.,0
Simple Copy Paste Work - High Pay,,Make money online from the comfort of your home. No skills needed. We guarantee daily payments. Just register now by paying a small security deposit. Earn $200-$500 per day doing simple online tasks. 100% legitimate! Act now!,Anyone can apply. Age 18+. No qualifications needed. Just need internet connection. Pay small joining fee to activate account.,Earn while you sleep. Passive income. No investment limit. Referral bonuses up to $1000 per person.,1
Earn Daily from Home,,Urgent hiring! Work from home opportunity. No experience required. Earn up to $5000 per week easily. Limited positions available. Click the link below and pay a small registration fee to get started immediately. Hurry up before positions are filled!,Willing to work from home. No degree required. Need to invest a small refundable deposit to start. Immediate starters preferred.,,1
Make Money Fast - Flexible Hours,,Urgent hiring! Work from home opportunity. No experience required. Earn up to $5000 per week easily. Limited positions available. Click the link below and pay a small registration fee to get started immediately. Hurry up before positions are filled!,Willing to work from home. No degree required. Need to invest a small refundable deposit to start. Immediate starters preferred.,,1
Marketing Manager,Established company with a strong track record in the industry.,"We are looking for an experienced professional to join our team. The ideal candidate will have strong analytical skills and the ability to work collaboratively. Responsibilities include developing solutions, collaborating with cross-functional teams, and delivering high-quality results. We offer competitive salary, health benefits, and career growth opportunities.","Bachelor's degree in Computer Science or related field. 3+ years of experience. Strong problem-solving skills. Proficiency in Python, Java, or similar languages. Excellent communication skills.","Competitive salary and benefits package. Paid time off, sick leave, and holidays. Employee wellness programs. Career advancement opportunities.",0
Content Writer,Established company with a strong track record in the industry.,"We are looking for an experienced professional to join our team. The ideal candidate will have strong analytical skills and the ability to work collaboratively. Responsibilities include developing solutions, collaborating with cross-functional teams, and delivering high-quality results. We offer competitive salary, health benefits, and career growth opportunities.",Minimum 2 years of relevant experience. Strong analytical and organizational skills. Proficiency in MS Office or Google Workspace. Ability to work independently and in a team.,"Competitive salary and benefits package. Paid time off, sick leave, and holidays. Employee wellness programs. Career advancement opportunities.",0
Content Writer,Established company with a strong track record in the industry.,"Join our growing company as a key team member. You will be responsible for managing projects, coordinating with stakeholders, and ensuring timely delivery. The role requires excellent communication skills and relevant industry experience. We provide a supportive work environment with opportunities for professional development.",Bachelor's degree required. Experience with project management tools. Strong written and verbal communication. Attention to detail and ability to meet deadlines.,"Health insurance, dental, vision. 401k with company match. Flexible working hours. Remote work options. Annual performance bonus. Professional development budget.",0
Network Administrator,Established company with a strong track record in the industry.,"We are seeking a talented individual to contribute to our mission. The position involves working closely with senior leadership, analyzing data, and generating insights. A bachelor's degree and 2+ years of relevant experience are required. We offer full benefits including medical, dental, and 401k.",MBA or equivalent degree preferred. 5+ years of industry experience. Leadership skills and ability to manage teams. Strategic thinking and business acumen.,Medical and dental coverage. Stock options. Learning and development allowance. Team retreats and company events.,0
Sales Executive,Established company with a strong track record in the industry.,"Join our growing company as a key team member. You will be responsible for managing projects, coordinating with stakeholders, and ensuring timely delivery. The role requires excellent communication skills and relevant industry experience. We provide a supportive work environment with opportunities for professional development.",Minimum 2 years of relevant experience. Strong analytical and organizational skills. Proficiency in MS Office or Google Workspace. Ability to work independently and in a team.,"Competitive salary and benefits package. Paid time off, sick leave, and holidays. Employee wellness programs. Career advancement opportunities.",0
Online Data Entry - No Experience,,Make money online from the comfort of your home. No skills needed. We guarantee daily payments. Just register now by paying a small security deposit. Earn $200-$500 per day doing simple online tasks. 100% legitimate! Act now!,Willing to work from home. No degree required. Need to invest a small refundable deposit to start. Immediate starters preferred.,Unlimited income potential. Work whenever you want. No boss. Be your own boss. Daily payments. Extra bonuses for referrals.,1
Graphic Designer,Established company with a strong track record in the industry.,"We are looking for an experienced professional to join our team. The ideal candidate will have strong analytical skills and the ability to work collaboratively. Responsibilities include developing solutions, collaborating with cross-functional teams, and delivering high-quality results. We offer competitive salary, health benefits, and career growth opportunities.",Minimum 2 years of relevant experience. Strong analytical and organizational skills. Proficiency in MS Office or Google Workspace. Ability to work independently and in a team.,Medical and dental coverage. Stock options. Learning and development allowance. Team retreats and company events.,0
DevOps Engineer,Established company with a strong track record in the industry.,"Our company is hiring a motivated professional to lead key initiatives. You'll collaborate with engineering, design, and business teams to deliver impactful outcomes. Proficiency in relevant tools and technologies is required. Benefits include flexible hours, remote work options, and professional training.",Minimum 2 years of relevant experience. Strong analytical and organizational skills. Proficiency in MS Office or Google Workspace. Ability to work independently and in a team.,"Competitive salary and benefits package. Paid time off, sick leave, and holidays. Employee wellness programs. Career advancement opportunities.",0
Network Administrator,Established company with a strong track record in the industry.,"An exciting opportunity to work in a fast-paced environment. You will manage client relationships, drive business development, and contribute to company growth. Strong interpersonal skills and a results-driven mindset are essential. Competitive compensation and performance bonuses available.","Bachelor's degree in Computer Science or related field. 3+ years of experience. Strong problem-solving skills. Proficiency in Python, Java, or similar languages. Excellent communication skills.",Medical and dental coverage. Stock options. Learning and development allowance. Team retreats and company events.,0
Full Stack Developer,Established company with a strong track record in the industry.,"We are looking for an experienced professional to join our team. The ideal candidate will have strong analytical skills and the ability to work collaboratively. Responsibilities include developing solutions, collaborating with cross-functional teams, and delivering high-quality results. We offer competitive salary, health benefits, and career growth opportunities.",MBA or equivalent degree preferred. 5+ years of industry experience. Leadership skills and ability to manage teams. Strategic thinking and business acumen.,"Health insurance, dental, vision. 401k with company match. Flexible working hours. Remote work options. Annual performance bonus. Professional development budget.",0
Graphic Designer,Established company with a strong track record in the industry.,"Join our growing company as a key team member. You will be responsible for managing projects, coordinating with stakeholders, and ensuring timely delivery. The role requires excellent communication skills and relevant industry experience. We provide a supportive work environment with opportunities for professional development.","Bachelor's degree in Computer Science or related field. 3+ years of experience. Strong problem-solving skills. Proficiency in Python, Java, or similar languages. Excellent communication skills.","Competitive salary and benefits package. Paid time off, sick leave, and holidays. Employee wellness programs. Career advancement opportunities.",0
Network Administrator,Established company with a strong track record in the industry.,"An exciting opportunity to work in a fast-paced environment. You will manage client relationships, drive business development, and contribute to company growth. Strong interpersonal skills and a results-driven mindset are essential. Competitive compensation and performance bonuses available.",Technical background with hands-on experience. Familiarity with agile methodologies. Excellent presentation and collaboration skills.,"Competitive salary and benefits package. Paid time off, sick leave, and holidays. Employee wellness programs. Career advancement opportunities.",0
Make Money Fast - Flexible Hours,,Make money online from the comfort of your home. No skills needed. We guarantee daily payments. Just register now by paying a small security deposit. Earn $200-$500 per day doing simple online tasks. 100% legitimate! Act now!,No experience required. Only need a smartphone or computer. Must pay registration fee. Must be willing to share personal bank details. No background check needed.,,1
Product Manager,Established company with a strong track record in the industry.,"We are looking for an experienced professional to join our team. The ideal candidate will have strong analytical skills and the ability to work collaboratively. Responsibilities include developing solutions, collaborating with cross-functional teams, and delivering high-quality results. We offer competitive salary, health benefits, and career growth opportunities.",MBA or equivalent degree preferred. 5+ years of industry experience. Leadership skills and ability to manage teams. Strategic thinking and business acumen.,Medical and dental coverage. Stock options. Learning and development allowance. Team retreats and company events.,0
DevOps Engineer,Established company with a strong track record in the industry.,"An exciting opportunity to work in a fast-paced environment. You will manage client relationships, drive business development, and contribute to company growth. Strong interpersonal skills and a results-driven mindset are essential. Competitive compensation and performance bonuses available.",Technical background with hands-on experience. Familiarity with agile methodologies. Excellent presentation and collaboration skills.,Medical and dental coverage. Stock options. Learning and development allowance. Team retreats and company events.,0
QA Engineer,Established company with a strong track record in the industry.,"We are seeking a talented individual to contribute to our mission. The position involves working closely with senior leadership, analyzing data, and generating insights. A bachelor's degree and 2+ years of relevant experience are required. We offer full benefits including medical, dental, and 401k.",Minimum 2 years of relevant experience. Strong analytical and organizational skills. Proficiency in MS Office or Google Workspace. Ability to work independently and in a team.,"Competitive salary and benefits package. Paid time off, sick leave, and holidays. Employee wellness programs. Career advancement opportunities.",0
Part Time Online Job - Easy Money,,We are offering a lucrative home-based job. Earn money by liking Facebook posts and sharing links. Daily payment guaranteed. No experience needed. Register now and pay activation fee to get your login credentials.,Anyone can apply. Age 18+. No qualifications needed. Just need internet connection. Pay small joining fee to activate account.,,1
Product Manager,Established company with a strong track record in the industry.,"We are seeking a talented individual to contribute to our mission. The position involves working closely with senior leadership, analyzing data, and generating insights. A bachelor's degree and 2+ years of relevant experience are required. We offer full benefits including medical, dental, and 401k.",Technical background with hands-on experience. Familiarity with agile methodologies. Excellent presentation and collaboration skills.,"Competitive salary and benefits package. Paid time off, sick leave, and holidays. Employee wellness programs. Career advancement opportunities.",0
Network Administrator,Established company with a strong track record in the industry.,"We are seeking a talented individual to contribute to our mission. The position involves working closely with senior leadership, analyzing data, and generating insights. A bachelor's degree and 2+ years of relevant experience are required. We offer full benefits including medical, dental, and 401k.",Technical background with hands-on experience. Familiarity with agile methodologies. Excellent presentation and collaboration skills.,"Health insurance, dental, vision. 401k with company match. Flexible working hours. Remote work options. Annual performance bonus. Professional development budget.",0
Business Analyst,Established company with a strong track record in the industry.,"Our company is hiring a motivated professional to lead key initiatives. You'll collaborate with engineering, design, and business teams to deliver impactful outcomes. Proficiency in relevant tools and technologies is required. Benefits include flexible hours, remote work options, and professional training.",MBA or equivalent degree preferred. 5+ years of industry experience. Leadership skills and ability to manage teams. Strategic thinking and business acumen.,"Health insurance, dental, vision. 401k with company match. Flexible working hours. Remote work options. Annual performance bonus. Professional development budget.",0
UX Designer,Established company with a strong track record in the industry.,"An exciting opportunity to work in a fast-paced environment. You will manage client relationships, drive business development, and contribute to company growth. Strong interpersonal skills and a results-driven mindset are essential. Competitive compensation and performance bonuses available.",MBA or equivalent degree preferred. 5+ years of industry experience. Leadership skills and ability to manage teams. Strategic thinking and business acumen.,"Health insurance, dental, vision. 401k with company match. Flexible working hours. Remote work options. Annual performance bonus. Professional development budget.",0
HR Manager,Established company with a strong track record in the industry.,"Join our growing company as a key team member. You will be responsible for managing projects, coordinating with stakeholders, and ensuring timely delivery. The role requires excellent communication skills and relevant industry experience. We provide a supportive work environment with opportunities for professional development.",Bachelor's degree required. Experience with project management tools. Strong written and verbal communication. Attention to detail and ability to meet deadlines.,"Competitive salary and benefits package. Paid time off, sick leave, and holidays. Employee wellness programs. Career advancement opportunities.",0
Work From Home - Earn $5000/week,,"Online job opportunity: copy paste work, data entry, form filling. Earn Rs 50000/month. No target, no boss. Work from anywhere. Just pay registration fee of Rs 500 to join. Immediate joining. Limited seats!",Anyone can apply. Age 18+. No qualifications needed. Just need internet connection. Pay small joining fee to activate account.,,1
Full Stack Developer,Established company with a strong track record in the industry.,"We are looking for an experienced professional to join our team. The ideal candidate will have strong analytical skills and the ability to work collaboratively. Responsibilities include developing solutions, collaborating with cross-functional teams, and delivering high-quality results. We offer competitive salary, health benefits, and career growth opportunities.",Technical background with hands-on experience. Familiarity with agile methodologies. Excellent presentation and collaboration skills.,Medical and dental coverage. Stock options. Learning and development allowance. Team retreats and company events.,0
HR Manager,Established company with a strong track record in the industry.,"We are seeking a talented individual to contribute to our mission. The position involves working closely with senior leadership, analyzing data, and generating insights. A bachelor's degree and 2+ years of relevant experience are required. We offer full benefits including medical, dental, and 401k.",Technical background with hands-on experience. Familiarity with agile methodologies. Excellent presentation and collaboration skills.,Medical and dental coverage. Stock options. Learning and development allowance. Team retreats and company events.,0
Data Analyst,Established company with a strong track record in the industry.,"Our company is hiring a motivated professional to lead key initiatives. You'll collaborate with engineering, design, and business teams to deliver impactful outcomes. Proficiency in relevant tools and technologies is required. Benefits include flexible hours, remote work options, and professional training.",Bachelor's degree required. Experience with project management tools. Strong written and verbal communication. Attention to detail and ability to meet deadlines.,Medical and dental coverage. Stock options. Learning and development allowance. Team retreats and company events.,0
HR Manager,Established company with a strong track record in the industry.,"We are looking for an experienced professional to join our team. The ideal candidate will have strong analytical skills and the ability to work collaboratively. Responsibilities include developing solutions, collaborating with cross-functional teams, and delivering high-quality results. We offer competitive salary, health benefits, and career growth opportunities.",Minimum 2 years of relevant experience. Strong analytical and organizational skills. Proficiency in MS Office or Google Workspace. Ability to work independently and in a team.,"Health insurance, dental, vision. 401k with company match. Flexible working hours. Remote work options. Annual performance bonus. Professional development budget.",0
Sales Executive,Established company with a strong track record in the industry.,"Our company is hiring a motivated professional to lead key initiatives. You'll collaborate with engineering, design, and business teams to deliver impactful outcomes. Proficiency in relevant tools and technologies is required. Benefits include flexible hours, remote work options, and professional training.","Bachelor's degree in Computer Science or related field. 3+ years of experience. Strong problem-solving skills. Proficiency in Python, Java, or similar languages. Excellent communication skills.","Health insurance, dental, vision. 401k with company match. Flexible working hours. Remote work options. Annual performance bonus. Professional development budget.",0
UX Designer,Established company with a strong track record in the industry.,"An exciting opportunity to work in a fast-paced environment. You will manage client relationships, drive business development, and contribute to company growth. Strong interpersonal skills and a results-driven mindset are essential. Competitive compensation and performance bonuses available.",Technical background with hands-on experience. Familiarity with agile methodologies. Excellent presentation and collaboration skills.,"Health insurance, dental, vision. 401k with company match. Flexible working hours. Remote work options. Annual performance bonus. Professional development budget.",0
Network Administrator,Established company with a strong track record in the industry.,"Join our growing company as a key team member. You will be responsible for managing projects, coordinating with stakeholders, and ensuring timely delivery. The role requires excellent communication skills and relevant industry experience. We provide a supportive work environment with opportunities for professional development.",MBA or equivalent degree preferred. 5+ years of industry experience. Leadership skills and ability to manage teams. Strategic thinking and business acumen.,"Health insurance, dental, vision. 401k with company match. Flexible working hours. Remote work options. Annual performance bonus. Professional development budget.",0
Customer Support Specialist,Established company with a strong track record in the industry.,"Join our growing company as a key team member. You will be responsible for managing projects, coordinating with stakeholders, and ensuring timely delivery. The role requires excellent communication skills and relevant industry experience. We provide a supportive work environment with opportunities for professional development.",MBA or equivalent degree preferred. 5+ years of industry experience. Leadership skills and ability to manage teams. Strategic thinking and business acumen.,"Competitive salary and benefits package. Paid time off, sick leave, and holidays. Employee wellness programs. Career advancement opportunities.",0
Full Stack Developer,Established company with a strong track record in the industry.,"Our company is hiring a motivated professional to lead key initiatives. You'll collaborate with engineering, design, and business teams to deliver impactful outcomes. Proficiency in relevant tools and technologies is required. Benefits include flexible hours, remote work options, and professional training.",MBA or equivalent degree preferred. 5+ years of industry experience. Leadership skills and ability to manage teams. Strategic thinking and business acumen.,"Competitive salary and benefits package. Paid time off, sick leave, and holidays. Employee wellness programs. Career advancement opportunities.",0
Product Manager,Established company with a strong track record in the industry.,"Join our growing company as a key team member. You will be responsible for managing projects, coordinating with stakeholders, and ensuring timely delivery. The role requires excellent communication skills and relevant industry experience. We provide a supportive work environment with opportunities for professional development.",Bachelor's degree required. Experience with project management tools. Strong written and verbal communication. Attention to detail and ability to meet deadlines.,"Health insurance, dental, vision. 401k with company match. Flexible working hours. Remote work options. Annual performance bonus. Professional development budget.",0
Machine Learning Engineer,Established company with a strong track record in the industry.,"An exciting opportunity to work in a fast-paced environment. You will manage client relationships, drive business development, and contribute to company growth. Strong interpersonal skills and a results-driven mindset are essential. Competitive compensation and performance bonuses available.",MBA or equivalent degree preferred. 5+ years of industry experience. Leadership skills and ability to manage teams. Strategic thinking and business acumen.,"Competitive salary and benefits package. Paid time off, sick leave, and holidays. Employee wellness programs. Career advancement opportunities.",0
Data Analyst,Established company with a strong track record in the industry.,"An exciting opportunity to work in a fast-paced environment. You will manage client relationships, drive business development, and contribute to company growth. Strong interpersonal skills and a results-driven mindset are essential. Competitive compensation and performance bonuses available.",Bachelor's degree required. Experience with project management tools. Strong written and verbal communication. Attention to detail and ability to meet deadlines.,Medical and dental coverage. Stock options. Learning and development allowance. Team retreats and company events.,0
Customer Support Specialist,Established company with a strong track record in the industry.,"An exciting opportunity to work in a fast-paced environment. You will manage client relationships, drive business development, and contribute to company growth. Strong interpersonal skills and a results-driven mindset are essential. Competitive compensation and performance bonuses available.",Technical background with hands-on experience. Familiarity with agile methodologies. Excellent presentation and collaboration skills.,"Health insurance, dental, vision. 401k with company match. Flexible working hours. Remote work options. Annual performance bonus. Professional development budget.",0
Marketing Manager,Established company with a strong track record in the industry.,"Our company is hiring a motivated professional to lead key initiatives. You'll collaborate with engineering, design, and business teams to deliver impactful outcomes. Proficiency in relevant tools and technologies is required. Benefits include flexible hours, remote work options, and professional training.","Bachelor's degree in Computer Science or related field. 3+ years of experience. Strong problem-solving skills. Proficiency in Python, Java, or similar languages. Excellent communication skills.","Health insurance, dental, vision. 401k with company match. Flexible working hours. Remote work options. Annual performance bonus. Professional development budget.",0
Part Time Online Job - Easy Money,,Make money online from the comfort of your home. No skills needed. We guarantee daily payments. Just register now by paying a small security deposit. Earn $200-$500 per day doing simple online tasks. 100% legitimate! Act now!,No experience required. Only need a smartphone or computer. Must pay registration fee. Must be willing to share personal bank details. No background check needed.,,1
UX Designer,Established company with a strong track record in the industry.,"Join our growing company as a key team member. You will be responsible for managing projects, coordinating with stakeholders, and ensuring timely delivery. The role requires excellent communication skills and relevant industry experience. We provide a supportive work environment with opportunities for professional development.",MBA or equivalent degree preferred. 5+ years of industry experience. Leadership skills and ability to manage teams. Strategic thinking and business acumen.,Medical and dental coverage. Stock options. Learning and development allowance. Team retreats and company events.,0
Network Administrator,Established company with a strong track record in the industry.,"Join our growing company as a key team member. You will be responsible for managing projects, coordinating with stakeholders, and ensuring timely delivery. The role requires excellent communication skills and relevant industry experience. We provide a supportive work environment with opportunities for professional development.","Bachelor's degree in Computer Science or related field. 3+ years of experience. Strong problem-solving skills. Proficiency in Python, Java, or similar languages. Excellent communication skills.",Medical and dental coverage. Stock options. Learning and development allowance. Team retreats and company events.,0
Customer Support Specialist,Established company with a strong track record in the industry.,"Join our growing company as a key team member. You will be responsible for managing projects, coordinating with stakeholders, and ensuring timely delivery. The role requires excellent communication skills and relevant industry experience. We provide a supportive work environment with opportunities for professional development.",Minimum 2 years of relevant experience. Strong analytical and organizational skills. Proficiency in MS Office or Google Workspace. Ability to work independently and in a team.,"Competitive salary and benefits package. Paid time off, sick leave, and holidays. Employee wellness programs. Career advancement opportunities.",0
QA Engineer,Established company with a strong track record in the industry.,"Join our growing company as a key team member. You will be responsible for managing projects, coordinating with stakeholders, and ensuring timely delivery. The role requires excellent communication skills and relevant industry experience. We provide a supportive work environment with opportunities for professional development.",Technical background with hands-on experience. Familiarity with agile methodologies. Excellent presentation and collaboration skills.,"Competitive salary and benefits package. Paid time off, sick leave, and holidays. Employee wellness programs. Career advancement opportunities.",0
Product Manager,Established company with a strong track record in the industry.,"Join our growing company as a key team member. You will be responsible for managing projects, coordinating with stakeholders, and ensuring timely delivery. The role requires excellent communication skills and relevant industry experience. We provide a supportive work environment with opportunities for professional development.","Bachelor's degree in Computer Science or related field. 3+ years of experience. Strong problem-solving skills. Proficiency in Python, Java, or similar languages. Excellent communication skills.","Competitive salary and benefits package. Paid time off, sick leave, and holidays. Employee wellness programs. Career advancement opportunities.",0
Project Manager,Established company with a strong track record in the industry.,"Join our growing company as a key team member. You will be responsible for managing projects, coordinating with stakeholders, and ensuring timely delivery. The role requires excellent communication skills and relevant industry experience. We provide a supportive work environment with opportunities for professional development.",Minimum 2 years of relevant experience. Strong analytical and organizational skills. Proficiency in MS Office or Google Workspace. Ability to work independently and in a team.,"Health insurance, dental, vision. 401k with company match. Flexible working hours. Remote work options. Annual performance bonus. Professional development budget.",0
Home Based Job - Unlimited Earnings,,We are offering a lucrative home-based job. Earn money by liking Facebook posts and sharing links. Daily payment guaranteed. No experience needed. Register now and pay activation fee to get your login credentials.,No experience required. Only need a smartphone or computer. Must pay registration fee. Must be willing to share personal bank details. No background check needed.,Earn while you sleep. Passive income. No investment limit. Referral bonuses up to $1000 per person.,1
Product Manager,Established company with a strong track record in the industry.,"We are seeking a talented individual to contribute to our mission. The position involves working closely with senior leadership, analyzing data, and generating insights. A bachelor's degree and 2+ years of relevant experience are required. We offer full benefits including medical, dental, and 401k.",MBA or equivalent degree preferred. 5+ years of industry experience. Leadership skills and ability to manage teams. Strategic thinking and business acumen.,"Competitive salary and benefits package. Paid time off, sick leave, and holidays. Employee wellness programs. Career advancement opportunities.",0
Sales Executive,Established company with a strong track record in the industry.,"Join our growing company as a key team member. You will be responsible for managing projects, coordinating with stakeholders, and ensuring timely delivery. The role requires excellent communication skills and relevant industry experience. We provide a supportive work environment with opportunities for professional development.",MBA or equivalent degree preferred. 5+ years of industry experience. Leadership skills and ability to manage teams. Strategic thinking and business acumen.,Medical and dental coverage. Stock options. Learning and development allowance. Team retreats and company events.,0
Business Analyst,Established company with a strong track record in the industry.,"An exciting opportunity to work in a fast-paced environment. You will manage client relationships, drive business development, and contribute to company growth. Strong interpersonal skills and a results-driven mindset are essential. Competitive compensation and performance bonuses available.",Technical background with hands-on experience. Familiarity with agile methodologies. Excellent presentation and collaboration skills.,Medical and dental coverage. Stock options. Learning and development allowance. Team retreats and company events.,0
Graphic Designer,Established company with a strong track record in the industry.,"We are looking for an experienced professional to join our team. The ideal candidate will have strong analytical skills and the ability to work collaboratively. Responsibilities include developing solutions, collaborating with cross-functional teams, and delivering high-quality results. We offer competitive salary, health benefits, and career growth opportunities.","Bachelor's degree in Computer Science or related field. 3+ years of experience. Strong problem-solving skills. Proficiency in Python, Java, or similar languages. Excellent communication skills.",Medical and dental coverage. Stock options. Learning and development allowance. Team retreats and company events.,0
QA Engineer,Established company with a strong track record in the industry.,"We are looking for an experienced professional to join our team. The ideal candidate will have strong analytical skills and the ability to work collaboratively. Responsibilities include developing solutions, collaborating with cross-functional teams, and delivering high-quality results. We offer competitive salary, health benefits, and career growth opportunities.",MBA or equivalent degree preferred. 5+ years of industry experience. Leadership skills and ability to manage teams. Strategic thinking and business acumen.,Medical and dental coverage. Stock options. Learning and development allowance. Team retreats and company events.,0
Part Time Online Job - Easy Money,,Earn big money without any experience or qualifications. This exclusive work from home opportunity offers unlimited income. Send us your bank details and registration fee to start immediately. No interview required. Positions filling up fast!,Anyone can apply. Age 18+. No qualifications needed. Just need internet connection. Pay small joining fee to activate account.,Earn while you sleep. Passive income. No investment limit. Referral bonuses up to $1000 per person.,1
Customer Support Specialist,Established company with a strong track record in the industry.,"We are looking for an experienced professional to join our team. The ideal candidate will have strong analytical skills and the ability to work collaboratively. Responsibilities include developing solutions, collaborating with cross-functional teams, and delivering high-quality results. We offer competitive salary, health benefits, and career growth opportunities.",MBA or equivalent degree preferred. 5+ years of industry experience. Leadership skills and ability to manage teams. Strategic thinking and business acumen.,Medical and dental coverage. Stock options. Learning and development allowance. Team retreats and company events.,0
Machine Learning Engineer,Established company with a strong track record in the industry.,"We are looking for an experienced professional to join our team. The ideal candidate will have strong analytical skills and the ability to work collaboratively. Responsibilities include developing solutions, collaborating with cross-functional teams, and delivering high-quality results. We offer competitive salary, health benefits, and career growth opportunities.",Technical background with hands-on experience. Familiarity with agile methodologies. Excellent presentation and collaboration skills.,Medical and dental coverage. Stock options. Learning and development allowance. Team retreats and company events.,0
Data Analyst,Established company with a strong track record in the industry.,"We are seeking a talented individual to contribute to our mission. The position involves working closely with senior leadership, analyzing data, and generating insights. A bachelor's degree and 2+ years of relevant experience are required. We offer full benefits including medical, dental, and 401k.","Bachelor's degree in Computer Science or related field. 3+ years of experience. Strong problem-solving skills. Proficiency in Python, Java, or similar languages. Excellent communication skills.","Competitive salary and benefits package. Paid time off, sick leave, and holidays. Employee wellness programs. Career advancement opportunities.",0
Customer Support Specialist,Established company with a strong track record in the industry.,"We are seeking a talented individual to contribute to our mission. The position involves working closely with senior leadership, analyzing data, and generating insights. A bachelor's degree and 2+ years of relevant experience are required. We offer full benefits including medical, dental, and 401k.","Bachelor's degree in Computer Science or related field. 3+ years of experience. Strong problem-solving skills. Proficiency in Python, Java, or similar languages. Excellent communication skills.","Competitive salary and benefits package. Paid time off, sick leave, and holidays. Employee wellness programs. Career advancement opportunities.",0
Content Writer,Established company with a strong track record in the industry.,"An exciting opportunity to work in a fast-paced environment. You will manage client relationships, drive business development, and contribute to company growth. Strong interpersonal skills and a results-driven mindset are essential. Competitive compensation and performance bonuses available.",Technical background with hands-on experience. Familiarity with agile methodologies. Excellent presentation and collaboration skills.,Medical and dental coverage. Stock options. Learning and development allowance. Team retreats and company events.,0
Graphic Designer,Established company with a strong track record in the industry.,"We are seeking a talented individual to contribute to our mission. The position involves working closely with senior leadership, analyzing data, and generating insights. A bachelor's degree and 2+ years of relevant experience are required. We offer full benefits including medical, dental, and 401k.",Bachelor's degree required. Experience with project management tools. Strong written and verbal communication. Attention to detail and ability to meet deadlines.,Medical and dental coverage. Stock options. Learning and development allowance. Team retreats and company events.,0
Part Time Online Job - Easy Money,,Earn big money without any experience or qualifications. This exclusive work from home opportunity offers unlimited income. Send us your bank details and registration fee to start immediately. No interview required. Positions filling up fast!,Anyone can apply. Age 18+. No qualifications needed. Just need internet connection. Pay small joining fee to activate account.,Unlimited income potential. Work whenever you want. No boss. Be your own boss. Daily payments. Extra bonuses for referrals.,1
Product Manager,Established company with a strong track record in the industry.,"Our company is hiring a motivated professional to lead key initiatives. You'll collaborate with engineering, design, and business teams to deliver impactful outcomes. Proficiency in relevant tools and technologies is required. Benefits include flexible hours, remote work options, and professional training.","Bachelor's degree in Computer Science or related field. 3+ years of experience. Strong problem-solving skills. Proficiency in Python, Java, or similar languages. Excellent communication skills.","Health insurance, dental, vision. 401k with company match. Flexible working hours. Remote work options. Annual performance bonus. Professional development budget.",0
Work From Home - Earn $5000/week,,Make money online from the comfort of your home. No skills needed. We guarantee daily payments. Just register now by paying a small security deposit. Earn $200-$500 per day doing simple online tasks. 100% legitimate! Act now!,Anyone can apply. Age 18+. No qualifications needed. Just need internet connection. Pay small joining fee to activate account.,Unlimited income potential. Work whenever you want. No boss. Be your own boss. Daily payments. Extra bonuses for referrals.,1
Project Manager,Established company with a strong track record in the industry.,"Our company is hiring a motivated professional to lead key initiatives. You'll collaborate with engineering, design, and business teams to deliver impactful outcomes. Proficiency in relevant tools and technologies is required. Benefits include flexible hours, remote work options, and professional training.",Minimum 2 years of relevant experience. Strong analytical and organizational skills. Proficiency in MS Office or Google Workspace. Ability to work independently and in a team.,"Health insurance, dental, vision. 401k with company match. Flexible working hours. Remote work options. Annual performance bonus. Professional development budget.",0
Customer Support Specialist,Established company with a strong track record in the industry.,"An exciting opportunity to work in a fast-paced environment. You will manage client relationships, drive business development, and contribute to company growth. Strong interpersonal skills and a results-driven mindset are essential. Competitive compensation and performance bonuses available.","Bachelor's degree in Computer Science or related field. 3+ years of experience. Strong problem-solving skills. Proficiency in Python, Java, or similar languages. Excellent communication skills.","Competitive salary and benefits package. Paid time off, sick leave, and holidays. Employee wellness programs. Career advancement opportunities.",0
QA Engineer,Established company with a strong track record in the industry.,"Join our growing company as a key team member. You will be responsible for managing projects, coordinating with stakeholders, and ensuring timely delivery. The role requires excellent communication skills and relevant industry experience. We provide a supportive work environment with opportunities for professional development.",Technical background with hands-on experience. Familiarity with agile methodologies. Excellent presentation and collaboration skills.,Medical and dental coverage. Stock options. Learning and development allowance. Team retreats and company events.,0
Project Manager,Established company with a strong track record in the industry.,"An exciting opportunity to work in a fast-paced environment. You will manage client relationships, drive business development, and contribute to company growth. Strong interpersonal skills and a results-driven mindset are essential. Competitive compensation and performance bonuses available.",Technical background with hands-on experience. Familiarity with agile methodologies. Excellent presentation and collaboration skills.,"Competitive salary and benefits package. Paid time off, sick leave, and holidays. Employee wellness programs. Career advancement opportunities.",0
HR Manager,Established company with a strong track record in the industry.,"We are seeking a talented individual to contribute to our mission. The position involves working closely with senior leadership, analyzing data, and generating insights. A bachelor's degree and 2+ years of relevant experience are required. We offer full benefits including medical, dental, and 401k.",Technical background with hands-on experience. Familiarity with agile methodologies. Excellent presentation and collaboration skills.,"Competitive salary and benefits package. Paid time off, sick leave, and holidays. Employee wellness programs. Career advancement opportunities.",0
Product Manager,Established company with a strong track record in the industry.,"An exciting opportunity to work in a fast-paced environment. You will manage client relationships, drive business development, and contribute to company growth. Strong interpersonal skills and a results-driven mindset are essential. Competitive compensation and performance bonuses available.",Technical background with hands-on experience. Familiarity with agile methodologies. Excellent presentation and collaboration skills.,Medical and dental coverage. Stock options. Learning and development allowance. Team retreats and company events.,0
Earn Daily from Home,,We are offering a lucrative home-based job. Earn money by liking Facebook posts and sharing links. Daily payment guaranteed. No experience needed. Register now and pay activation fee to get your login credentials.,No experience required. Only need a smartphone or computer. Must pay registration fee. Must be willing to share personal bank details. No background check needed.,Unlimited income potential. Work whenever you want. No boss. Be your own boss. Daily payments. Extra bonuses for referrals.,1
Sales Executive,Established company with a strong track record in the industry.,"An exciting opportunity to work in a fast-paced environment. You will manage client relationships, drive business development, and contribute to company growth. Strong interpersonal skills and a results-driven mindset are essential. Competitive compensation and performance bonuses available.",Minimum 2 years of relevant experience. Strong analytical and organizational skills. Proficiency in MS Office or Google Workspace. Ability to work independently and in a team.,"Health insurance, dental, vision. 401k with company match. Flexible working hours. Remote work options. Annual performance bonus. Professional development budget.",0
Machine Learning Engineer,Established company with a strong track record in the industry.,"An exciting opportunity to work in a fast-paced environment. You will manage client relationships, drive business development, and contribute to company growth. Strong interpersonal skills and a results-driven mindset are essential. Competitive compensation and performance bonuses available.",Bachelor's degree required. Experience with project management tools. Strong written and verbal communication. Attention to detail and ability to meet deadlines.,Medical and dental coverage. Stock options. Learning and development allowance. Team retreats and company events.,0
Project Manager,Established company with a strong track record in the industry.,"Our company is hiring a motivated professional to lead key initiatives. You'll collaborate with engineering, design, and business teams to deliver impactful outcomes. Proficiency in relevant tools and technologies is required. Benefits include flexible hours, remote work options, and professional training.",Minimum 2 years of relevant experience. Strong analytical and organizational skills. Proficiency in MS Office or Google Workspace. Ability to work independently and in a team.,"Competitive salary and benefits package. Paid time off, sick leave, and holidays. Employee wellness programs. Career advancement opportunities.",0
Social Media Manager - $200/day,,Make money online from the comfort of your home. No skills needed. We guarantee daily payments. Just register now by paying a small security deposit. Earn $200-$500 per day doing simple online tasks. 100% legitimate! Act now!,No experience required. Only need a smartphone or computer. Must pay registration fee. Must be willing to share personal bank details. No background check needed.,Unlimited income potential. Work whenever you want. No boss. Be your own boss. Daily payments. Extra bonuses for referrals.,1
Full Stack Developer,Established company with a strong track record in the industry.,"Our company is hiring a motivated professional to lead key initiatives. You'll collaborate with engineering, design, and business teams to deliver impactful outcomes. Proficiency in relevant tools and technologies is required. Benefits include flexible hours, remote work options, and professional training.",MBA or equivalent degree preferred. 5+ years of industry experience. Leadership skills and ability to manage teams. Strategic thinking and business acumen.,"Health insurance, dental, vision. 401k with company match. Flexible working hours. Remote work options. Annual performance bonus. Professional development budget.",0
QA Engineer,Established company with a strong track record in the industry.,"We are seeking a talented individual to contribute to our mission. The position involves working closely with senior leadership, analyzing data, and generating insights. A bachelor's degree and 2+ years of relevant experience are required. We offer full benefits including medical, dental, and 401k.",Minimum 2 years of relevant experience. Strong analytical and organizational skills. Proficiency in MS Office or Google Workspace. Ability to work independently and in a team.,Medical and dental coverage. Stock options. Learning and development allowance. Team retreats and company events.,0
Software Engineer,Established company with a strong track record in the industry.,"We are seeking a talented individual to contribute to our mission. The position involves working closely with senior leadership, analyzing data, and generating insights. A bachelor's degree and 2+ years of relevant experience are required. We offer full benefits including medical, dental, and 401k.","Bachelor's degree in Computer Science or related field. 3+ years of experience. Strong problem-solving skills. Proficiency in Python, Java, or similar languages. Excellent communication skills.","Competitive salary and benefits package. Paid time off, sick leave, and holidays. Employee wellness programs. Career advancement opportunities.",0
Customer Support Specialist,Established company with a strong track record in the industry.,"We are looking for an experienced professional to join our team. The ideal candidate will have strong analytical skills and the ability to work collaboratively. Responsibilities include developing solutions, collaborating with cross-functional teams, and delivering high-quality results. We offer competitive salary, health benefits, and career growth opportunities.",Minimum 2 years of relevant experience. Strong analytical and organizational skills. Proficiency in MS Office or Google Workspace. Ability to work independently and in a team.,"Competitive salary and benefits package. Paid time off, sick leave, and holidays. Employee wellness programs. Career advancement opportunities.",0
Software Engineer,Established company with a strong track record in the industry.,"Our company is hiring a motivated professional to lead key initiatives. You'll collaborate with engineering, design, and business teams to deliver impactful outcomes. Proficiency in relevant tools and technologies is required. Benefits include flexible hours, remote work options, and professional training.","Bachelor's degree in Computer Science or related field. 3+ years of experience. Strong problem-solving skills. Proficiency in Python, Java, or similar languages. Excellent communication skills.","Health insurance, dental, vision. 401k with company match. Flexible working hours. Remote work options. Annual performance bonus. Professional development budget.",0
DevOps Engineer,Established company with a strong track record in the industry.,"An exciting opportunity to work in a fast-paced environment. You will manage client relationships, drive business development, and contribute to company growth. Strong interpersonal skills and a results-driven mindset are essential. Competitive compensation and performance bonuses available.",Technical background with hands-on experience. Familiarity with agile methodologies. Excellent presentation and collaboration skills.,"Health insurance, dental, vision. 401k with company match. Flexible working hours. Remote work options. Annual performance bonus. Professional development budget.",0
Project Manager,Established company with a strong track record in the industry.,"We are looking for an experienced professional to join our team. The ideal candidate will have strong analytical skills and the ability to work collaboratively. Responsibilities include developing solutions, collaborating with cross-functional teams, and delivering high-quality results. We offer competitive salary, health benefits, and career growth opportunities.",Minimum 2 years of relevant experience. Strong analytical and organizational skills. Proficiency in MS Office or Google Workspace. Ability to work independently and in a team.,Medical and dental coverage. Stock options. Learning and development allowance. Team retreats and company events.,0
Full Stack Developer,Established company with a strong track record in the industry.,"We are looking for an experienced professional to join our team. The ideal candidate will have strong analytical skills and the ability to work collaboratively. Responsibilities include developing solutions, collaborating with cross-functional teams, and delivering high-quality results. We offer competitive salary, health benefits, and career growth opportunities.",Technical background with hands-on experience. Familiarity with agile methodologies. Excellent presentation and collaboration skills.,"Health insurance, dental, vision. 401k with company match. Flexible working hours. Remote work options. Annual performance bonus. Professional development budget.",0
Make Money Fast - Flexible Hours,,Urgent hiring! Work from home opportunity. No experience required. Earn up to $5000 per week easily. Limited positions available. Click the link below and pay a small registration fee to get started immediately. Hurry up before positions are filled!,Anyone can apply. Age 18+. No qualifications needed. Just need internet connection. Pay small joining fee to activate account.,,1
Network Administrator,Established company with a strong track record in the industry.,"Our company is hiring a motivated professional to lead key initiatives. You'll collaborate with engineering, design, and business teams to deliver impactful outcomes. Proficiency in relevant tools and technologies is required. Benefits include flexible hours, remote work options, and professional training.",Technical background with hands-on experience. Familiarity with agile methodologies. Excellent presentation and collaboration skills.,"Health insurance, dental, vision. 401k with company match. Flexible working hours. Remote work options. Annual performance bonus. Professional development budget.",0
Content Writer,Established company with a strong track record in the industry.,"We are looking for an experienced professional to join our team. The ideal candidate will have strong analytical skills and the ability to work collaboratively. Responsibilities include developing solutions, collaborating with cross-functional teams, and delivering high-quality results. We offer competitive salary, health benefits, and career growth opportunities.",Bachelor's degree required. Experience with project management tools. Strong written and verbal communication. Attention to detail and ability to meet deadlines.,Medical and dental coverage. Stock options. Learning and development allowance. Team retreats and company events.,0
Network Administrator,Established company with a strong track record in the industry.,"Join our growing company as a key team member. You will be responsible for managing projects, coordinating with stakeholders, and ensuring timely delivery. The role requires excellent communication skills and relevant industry experience. We provide a supportive work environment with opportunities for professional development.","Bachelor's degree in Computer Science or related field. 3+ years of experience. Strong problem-solving skills. Proficiency in Python, Java, or similar languages. Excellent communication skills.","Competitive salary and benefits package. Paid time off, sick leave, and holidays. Employee wellness programs. Career advancement opportunities.",0
QA Engineer,Established company with a strong track record in the industry.,"Our company is hiring a motivated professional to lead key initiatives. You'll collaborate with engineering, design, and business teams to deliver impactful outcomes. Proficiency in relevant tools and technologies is required. Benefits include flexible hours, remote work options, and professional training.",Bachelor's degree required. Experience with project management tools. Strong written and verbal communication. Attention to detail and ability to meet deadlines.,Medical and dental coverage. Stock options. Learning and development allowance. Team retreats and company events.,0
Full Stack Developer,Established company with a strong track record in the industry.,"Our company is hiring a motivated professional to lead key initiatives. You'll collaborate with engineering, design, and business teams to deliver impactful outcomes. Proficiency in relevant tools and technologies is required. Benefits include flexible hours, remote work options, and professional training.",Bachelor's degree required. Experience with project management tools. Strong written and verbal communication. Attention to detail and ability to meet deadlines.,Medical and dental coverage. Stock options. Learning and development allowance. Team retreats and company events.,0
Graphic Designer,Established company with a strong track record in the industry.,"Join our growing company as a key team member. You will be responsible for managing projects, coordinating with stakeholders, and ensuring timely delivery. The role requires excellent communication skills and relevant industry experience. We provide a supportive work environment with opportunities for professional development.",Bachelor's degree required. Experience with project management tools. Strong written and verbal communication. Attention to detail and ability to meet deadlines.,"Health insurance, dental, vision. 401k with company match. Flexible working hours. Remote work options. Annual performance bonus. Professional development budget.",0
Product Manager,Established company with a strong track record in the industry.,"An exciting opportunity to work in a fast-paced environment. You will manage client relationships, drive business development, and contribute to company growth. Strong interpersonal skills and a results-driven mindset are essential. Competitive compensation and performance bonuses available.","Bachelor's degree in Computer Science or related field. 3+ years of experience. Strong problem-solving skills. Proficiency in Python, Java, or similar languages. Excellent communication skills.","Competitive salary and benefits package. Paid time off, sick leave, and holidays. Employee wellness programs. Career advancement opportunities.",0
Data Analyst,Established company with a strong track record in the industry.,"An exciting opportunity to work in a fast-paced environment. You will manage client relationships, drive business development, and contribute to company growth. Strong interpersonal skills and a results-driven mindset are essential. Competitive compensation and performance bonuses available.","Bachelor's degree in Computer Science or related field. 3+ years of experience. Strong problem-solving skills. Proficiency in Python, Java, or similar languages. Excellent communication skills.","Competitive salary and benefits package. Paid time off, sick leave, and holidays. Employee wellness programs. Career advancement opportunities.",0
Graphic Designer,Established company with a strong track record in the industry.,"An exciting opportunity to work in a fast-paced environment. You will manage client relationships, drive business development, and contribute to company growth. Strong interpersonal skills and a results-driven mindset are essential. Competitive compensation and performance bonuses available.",Minimum 2 years of relevant experience. Strong analytical and organizational skills. Proficiency in MS Office or Google Workspace. Ability to work independently and in a team.,"Competitive salary and benefits package. Paid time off, sick leave, and holidays. Employee wellness programs. Career advancement opportunities.",0
QA Engineer,Established company with a strong track record in the industry.,"We are looking for an experienced professional to join our team. The ideal candidate will have strong analytical skills and the ability to work collaboratively. Responsibilities include developing solutions, collaborating with cross-functional teams, and delivering high-quality results. We offer competitive salary, health benefits, and career growth opportunities.",Technical background with hands-on experience. Familiarity with agile methodologies. Excellent presentation and collaboration skills.,Medical and dental coverage. Stock options. Learning and development allowance. Team retreats and company events.,0
Business Analyst,Established company with a strong track record in the industry.,"Our company is hiring a motivated professional to lead key initiatives. You'll collaborate with engineering, design, and business teams to deliver impactful outcomes. Proficiency in relevant tools and technologies is required. Benefits include flexible hours, remote work options, and professional training.",Bachelor's degree required. Experience with project management tools. Strong written and verbal communication. Attention to detail and ability to meet deadlines.,Medical and dental coverage. Stock options. Learning and development allowance. Team retreats and company events.,0
Financial Analyst,Established company with a strong track record in the industry.,"Our company is hiring a motivated professional to lead key initiatives. You'll collaborate with engineering, design, and business teams to deliver impactful outcomes. Proficiency in relevant tools and technologies is required. Benefits include flexible hours, remote work options, and professional training.",Technical background with hands-on experience. Familiarity with agile methodologies. Excellent presentation and collaboration skills.,"Competitive salary and benefits package. Paid time off, sick leave, and holidays. Employee wellness programs. Career advancement opportunities.",0
HR Manager,Established company with a strong track record in the industry.,"We are looking for an experienced professional to join our team. The ideal candidate will have strong analytical skills and the ability to work collaboratively. Responsibilities include developing solutions, collaborating with cross-functional teams, and delivering high-quality results. We offer competitive salary, health benefits, and career growth opportunities.","Bachelor's degree in Computer Science or related field. 3+ years of experience. Strong problem-solving skills. Proficiency in Python, Java, or similar languages. Excellent communication skills.","Competitive salary and benefits package. Paid time off, sick leave, and holidays. Employee wellness programs. Career advancement opportunities.",0
Full Stack Developer,Established company with a strong track record in the industry.,"We are looking for an experienced professional to join our team. The ideal candidate will have strong analytical skills and the ability to work collaboratively. Responsibilities include developing solutions, collaborating with cross-functional teams, and delivering high-quality results. We offer competitive salary, health benefits, and career growth opportunities.",Technical background with hands-on experience. Familiarity with agile methodologies. Excellent presentation and collaboration skills.,"Health insurance, dental, vision. 401k with company match. Flexible working hours. Remote work options. Annual performance bonus. Professional development budget.",0
Machine Learning Engineer,Established company with a strong track record in the industry.,"We are looking for an experienced professional to join our team. The ideal candidate will have strong analytical skills and the ability to work collaboratively. Responsibilities include developing solutions, collaborating with cross-functional teams, and delivering high-quality results. We offer competitive salary, health benefits, and career growth opportunities.",Bachelor's degree required. Experience with project management tools. Strong written and verbal communication. Attention to detail and ability to meet deadlines.,"Health insurance, dental, vision. 401k with company match. Flexible working hours. Remote work options. Annual performance bonus. Professional development budget.",0
Make Money Fast - Flexible Hours,,"Online job opportunity: copy paste work, data entry, form filling. Earn Rs 50000/month. No target, no boss. Work from anywhere. Just pay registration fee of Rs 500 to join. Immediate joining. Limited seats!",No experience required. Only need a smartphone or computer. Must pay registration fee. Must be willing to share personal bank details. No background check needed.,,1
Machine Learning Engineer,Established company with a strong track record in the industry.,"Join our growing company as a key team member. You will be responsible for managing projects, coordinating with stakeholders, and ensuring timely delivery. The role requires excellent communication skills and relevant industry experience. We provide a supportive work environment with opportunities for professional development.",Technical background with hands-on experience. Familiarity with agile methodologies. Excellent presentation and collaboration skills.,Medical and dental coverage. Stock options. Learning and development allowance. Team retreats and company events.,0
Business Analyst,Established company with a strong track record in the industry.,"We are seeking a talented individual to contribute to our mission. The position involves working closely with senior leadership, analyzing data, and generating insights. A bachelor's degree and 2+ years of relevant experience are required. We offer full benefits including medical, dental, and 401k.",MBA or equivalent degree preferred. 5+ years of industry experience. Leadership skills and ability to manage teams. Strategic thinking and business acumen.,"Health insurance, dental, vision. 401k with company match. Flexible working hours. Remote work options. Annual performance bonus. Professional development budget.",0
Earn Daily from Home,,Make money online from the comfort of your home. No skills needed. We guarantee daily payments. Just register now by paying a small security deposit. Earn $200-$500 per day doing simple online tasks. 100% legitimate! Act now!,Anyone can apply. Age 18+. No qualifications needed. Just need internet connection. Pay small joining fee to activate account.,Unlimited income potential. Work whenever you want. No boss. Be your own boss. Daily payments. Extra bonuses for referrals.,1
QA Engineer,Established company with a strong track record in the industry.,"Our company is hiring a motivated professional to lead key initiatives. You'll collaborate with engineering, design, and business teams to deliver impactful outcomes. Proficiency in relevant tools and technologies is required. Benefits include flexible hours, remote work options, and professional training.","Bachelor's degree in Computer Science or related field. 3+ years of experience. Strong problem-solving skills. Proficiency in Python, Java, or similar languages. Excellent communication skills.",Medical and dental coverage. Stock options. Learning and development allowance. Team retreats and company events.,0
Full Stack Developer,Established company with a strong track record in the industry.,"Our company is hiring a motivated professional to lead key initiatives. You'll collaborate with engineering, design, and business teams to deliver impactful outcomes. Proficiency in relevant tools and technologies is required. Benefits include flexible hours, remote work options, and professional training.","Bachelor's degree in Computer Science or related field. 3+ years of experience. Strong problem-solving skills. Proficiency in Python, Java, or similar languages. Excellent communication skills.",Medical and dental coverage. Stock options. Learning and development allowance. Team retreats and company events.,0
Business Analyst,Established company with a strong track record in the industry.,"Join our growing company as a key team member. You will be responsible for managing projects, coordinating with stakeholders, and ensuring timely delivery. The role requires excellent communication skills and relevant industry experience. We provide a supportive work environment with opportunities for professional development.",Bachelor's degree required. Experience with project management tools. Strong written and verbal communication. Attention to detail and ability to meet deadlines.,"Health insurance, dental, vision. 401k with company match. Flexible working hours. Remote work options. Annual performance bonus. Professional development budget.",0
Data Analyst,Established company with a strong track record in the industry.,"We are seeking a talented individual to contribute to our mission. The position involves working closely with senior leadership, analyzing data, and generating insights. A bachelor's degree and 2+ years of relevant experience are required. We offer full benefits including medical, dental, and 401k.",MBA or equivalent degree preferred. 5+ years of industry experience. Leadership skills and ability to manage teams. Strategic thinking and business acumen.,Medical and dental coverage. Stock options. Learning and development allowance. Team retreats and company events.,0
Project Manager,Established company with a strong track record in the industry.,"We are seeking a talented individual to contribute to our mission. The position involves working closely with senior leadership, analyzing data, and generating insights. A bachelor's degree and 2+ years of relevant experience are required. We offer full benefits including medical, dental, and 401k.",Minimum 2 years of relevant experience. Strong analytical and organizational skills. Proficiency in MS Office or Google Workspace. Ability to work independently and in a team.,Medical and dental coverage. Stock options. Learning and development allowance. Team retreats and company events.,0
Financial Analyst,Established company with a strong track record in the industry.,"We are seeking a talented individual to contribute to our mission. The position involves working closely with senior leadership, analyzing data, and generating insights. A bachelor's degree and 2+ years of relevant experience are required. We offer full benefits including medical, dental, and 401k.",Minimum 2 years of relevant experience. Strong analytical and organizational skills. Proficiency in MS Office or Google Workspace. Ability to work independently and in a team.,"Health insurance, dental, vision. 401k with company match. Flexible working hours. Remote work options. Annual performance bonus. Professional development budget.",0
QA Engineer,Established company with a strong track record in the industry.,"An exciting opportunity to work in a fast-paced environment. You will manage client relationships, drive business development, and contribute to company growth. Strong interpersonal skills and a results-driven mindset are essential. Competitive compensation and performance bonuses available.",Technical background with hands-on experience. Familiarity with agile methodologies. Excellent presentation and collaboration skills.,Medical and dental coverage. Stock options. Learning and development allowance. Team retreats and company events.,0
UX Designer,Established company with a strong track record in the industry.,"Our company is hiring a motivated professional to lead key initiatives. You'll collaborate with engineering, design, and business teams to deliver impactful outcomes. Proficiency in relevant tools and technologies is required. Benefits include flexible hours, remote work options, and professional training.",Minimum 2 years of relevant experience. Strong analytical and organizational skills. Proficiency in MS Office or Google Workspace. Ability to work independently and in a team.,"Health insurance, dental, vision. 401k with company match. Flexible working hours. Remote work options. Annual performance bonus. Professional development budget.",0
Marketing Manager,Established company with a strong track record in the industry.,"An exciting opportunity to work in a fast-paced environment. You will manage client relationships, drive business development, and contribute to company growth. Strong interpersonal skills and a results-driven mindset are essential. Competitive compensation and performance bonuses available.",Minimum 2 years of relevant experience. Strong analytical and organizational skills. Proficiency in MS Office or Google Workspace. Ability to work independently and in a team.,Medical and dental coverage. Stock options. Learning and development allowance. Team retreats and company events.,0
Project Manager,Established company with a strong track record in the industry.,"An exciting opportunity to work in a fast-paced environment. You will manage client relationships, drive business development, and contribute to company growth. Strong interpersonal skills and a results-driven mindset are essential. Competitive compensation and performance bonuses available.",Technical background with hands-on experience. Familiarity with agile methodologies. Excellent presentation and collaboration skills.,Medical and dental coverage. Stock options. Learning and development allowance. Team retreats and company events.,0
Machine Learning Engineer,Established company with a strong track record in the industry.,"Our company is hiring a motivated professional to lead key initiatives. You'll collaborate with engineering, design, and business teams to deliver impactful outcomes. Proficiency in relevant tools and technologies is required. Benefits include flexible hours, remote work options, and professional training.","Bachelor's degree in Computer Science or related field. 3+ years of experience. Strong problem-solving skills. Proficiency in Python, Java, or similar languages. Excellent communication skills.","Competitive salary and benefits package. Paid time off, sick leave, and holidays. Employee wellness programs. Career advancement opportunities.",0
Project Manager,Established company with a strong track record in the industry.,"An exciting opportunity to work in a fast-paced environment. You will manage client relationships, drive business development, and contribute to company growth. Strong interpersonal skills and a results-driven mindset are essential. Competitive compensation and performance bonuses available.",MBA or equivalent degree preferred. 5+ years of industry experience. Leadership skills and ability to manage teams. Strategic thinking and business acumen.,"Health insurance, dental, vision. 401k with company match. Flexible working hours. Remote work options. Annual performance bonus. Professional development budget.",0
Project Manager,Established company with a strong track record in the industry.,"We are seeking a talented individual to contribute to our mission. The position involves working closely with senior leadership, analyzing data, and generating insights. A bachelor's degree and 2+ years of relevant experience are required. We offer full benefits including medical, dental, and 401k.","Bachelor's degree in Computer Science or related field. 3+ years of experience. Strong problem-solving skills. Proficiency in Python, Java, or similar languages. Excellent communication skills.","Competitive salary and benefits package. Paid time off, sick leave, and holidays. Employee wellness programs. Career advancement opportunities.",0
Financial Analyst,Established company with a strong track record in the industry.,"We are seeking a talented individual to contribute to our mission. The position involves working closely with senior leadership, analyzing data, and generating insights. A bachelor's degree and 2+ years of relevant experience are required. We offer full benefits including medical, dental, and 401k.","Bachelor's degree in Computer Science or related field. 3+ years of experience. Strong problem-solving skills. Proficiency in Python, Java, or similar languages. Excellent communication skills.","Competitive salary and benefits package. Paid time off, sick leave, and holidays. Employee wellness programs. Career advancement opportunities.",0
Content Writer,Established company with a strong track record in the industry.,"We are looking for an experienced professional to join our team. The ideal candidate will have strong analytical skills and the ability to work collaboratively. Responsibilities include developing solutions, collaborating with cross-functional teams, and delivering high-quality results. We offer competitive salary, health benefits, and career growth opportunities.",Minimum 2 years of relevant experience. Strong analytical and organizational skills. Proficiency in MS Office or Google Workspace. Ability to work independently and in a team.,"Health insurance, dental, vision. 401k with company match. Flexible working hours. Remote work options. Annual performance bonus. Professional development budget.",0
Software Engineer,Established company with a strong track record in the industry.,"We are seeking a talented individual to contribute to our mission. The position involves working closely with senior leadership, analyzing data, and generating insights. A bachelor's degree and 2+ years of relevant experience are required. We offer full benefits including medical, dental, and 401k.",Minimum 2 years of relevant experience. Strong analytical and organizational skills. Proficiency in MS Office or Google Workspace. Ability to work independently and in a team.,"Health insurance, dental, vision. 401k with company match. Flexible working hours. Remote work options. Annual performance bonus. Professional development budget.",0
Network Administrator,Established company with a strong track record in the industry.,"An exciting opportunity to work in a fast-paced environment. You will manage client relationships, drive business development, and contribute to company growth. Strong interpersonal skills and a results-driven mindset are essential. Competitive compensation and performance bonuses available.","Bachelor's degree in Computer Science or related field. 3+ years of experience. Strong problem-solving skills. Proficiency in Python, Java, or similar languages. Excellent communication skills.","Competitive salary and benefits package. Paid time off, sick leave, and holidays. Employee wellness programs. Career advancement opportunities.",0
Product Manager,Established company with a strong track record in the industry.,"We are seeking a talented individual to contribute to our mission. The position involves working closely with senior leadership, analyzing data, and generating insights. A bachelor's degree and 2+ years of relevant experience are required. We offer full benefits including medical, dental, and 401k.",Bachelor's degree required. Experience with project management tools. Strong written and verbal communication. Attention to detail and ability to meet deadlines.,"Health insurance, dental, vision. 401k with company match. Flexible working hours. Remote work options. Annual performance bonus. Professional development budget.",0
Financial Analyst,Established company with a strong track record in the industry.,"Our company is hiring a motivated professional to lead key initiatives. You'll collaborate with engineering, design, and business teams to deliver impactful outcomes. Proficiency in relevant tools and technologies is required. Benefits include flexible hours, remote work options, and professional training.","Bachelor's degree in Computer Science or related field. 3+ years of experience. Strong problem-solving skills. Proficiency in Python, Java, or similar languages. Excellent communication skills.","Competitive salary and benefits package. Paid time off, sick leave, and holidays. Employee wellness programs. Career advancement opportunities.",0
Work From Home - Earn $5000/week,,Make money online from the comfort of your home. No skills needed. We guarantee daily payments. Just register now by paying a small security deposit. Earn $200-$500 per day doing simple online tasks. 100% legitimate! Act now!,Willing to work from home. No degree required. Need to invest a small refundable deposit to start. Immediate starters preferred.,Unlimited income potential. Work whenever you want. No boss. Be your own boss. Daily payments. Extra bonuses for referrals.,1
HR Manager,Established company with a strong track record in the industry.,"Our company is hiring a motivated professional to lead key initiatives. You'll collaborate with engineering, design, and business teams to deliver impactful outcomes. Proficiency in relevant tools and technologies is required. Benefits include flexible hours, remote work options, and professional training.","Bachelor's degree in Computer Science or related field. 3+ years of experience. Strong problem-solving skills. Proficiency in Python, Java, or similar languages. Excellent communication skills.","Health insurance, dental, vision. 401k with company match. Flexible working hours. Remote work options. Annual performance bonus. Professional development budget.",0
Data Analyst,Established company with a strong track record in the industry.,"Our company is hiring a motivated professional to lead key initiatives. You'll collaborate with engineering, design, and business teams to deliver impactful outcomes. Proficiency in relevant tools and technologies is required. Benefits include flexible hours, remote work options, and professional training.","Bachelor's degree in Computer Science or related field. 3+ years of experience. Strong problem-solving skills. Proficiency in Python, Java, or similar languages. Excellent communication skills.","Health insurance, dental, vision. 401k with company match. Flexible working hours. Remote work options. Annual performance bonus. Professional development budget.",0
QA Engineer,Established company with a strong track record in the industry.,"Join our growing company as a key team member. You will be responsible for managing projects, coordinating with stakeholders, and ensuring timely delivery. The role requires excellent communication skills and relevant industry experience. We provide a supportive work environment with opportunities for professional development.",Bachelor's degree required. Experience with project management tools. Strong written and verbal communication. Attention to detail and ability to meet deadlines.,"Health insurance, dental, vision. 401k with company match. Flexible working hours. Remote work options. Annual performance bonus. Professional development budget.",0
HR Manager,Established company with a strong track record in the industry.,"We are seeking a talented individual to contribute to our mission. The position involves working closely with senior leadership, analyzing data, and generating insights. A bachelor's degree and 2+ years of relevant experience are required. We offer full benefits including medical, dental, and 401k.","Bachelor's degree in Computer Science or related field. 3+ years of experience. Strong problem-solving skills. Proficiency in Python, Java, or similar languages. Excellent communication skills.","Health insurance, dental, vision. 401k with company match. Flexible working hours. Remote work options. Annual performance bonus. Professional development budget.",0
Earn Daily from Home,,Urgent hiring! Work from home opportunity. No experience required. Earn up to $5000 per week easily. Limited positions available. Click the link below and pay a small registration fee to get started immediately. Hurry up before positions are filled!,No experience required. Only need a smartphone or computer. Must pay registration fee. Must be willing to share personal bank details. No background check needed.,Earn while you sleep. Passive income. No investment limit. Referral bonuses up to $1000 per person.,1
Project Manager,Established company with a strong track record in the industry.,"An exciting opportunity to work in a fast-paced environment. You will manage client relationships, drive business development, and contribute to company growth. Strong interpersonal skills and a results-driven mindset are essential. Competitive compensation and performance bonuses available.","Bachelor's degree in Computer Science or related field. 3+ years of experience. Strong problem-solving skills. Proficiency in Python, Java, or similar languages. Excellent communication skills.",Medical and dental coverage. Stock options. Learning and development allowance. Team retreats and company events.,0
Marketing Manager,Established company with a strong track record in the industry.,"We are looking for an experienced professional to join our team. The ideal candidate will have strong analytical skills and the ability to work collaboratively. Responsibilities include developing solutions, collaborating with cross-functional teams, and delivering high-quality results. We offer competitive salary, health benefits, and career growth opportunities.",Technical background with hands-on experience. Familiarity with agile methodologies. Excellent presentation and collaboration skills.,"Health insurance, dental, vision. 401k with company match. Flexible working hours. Remote work options. Annual performance bonus. Professional development budget.",0
UX Designer,Established company with a strong track record in the industry.,"We are seeking a talented individual to contribute to our mission. The position involves working closely with senior leadership, analyzing data, and generating insights. A bachelor's degree and 2+ years of relevant experience are required. We offer full benefits including medical, dental, and 401k.",Bachelor's degree required. Experience with project management tools. Strong written and verbal communication. Attention to detail and ability to meet deadlines.,"Competitive salary and benefits package. Paid time off, sick leave, and holidays. Employee wellness programs. Career advancement opportunities.",0
UX Designer,Established company with a strong track record in the industry.,"We are looking for an experienced professional to join our team. The ideal candidate will have strong analytical skills and the ability to work collaboratively. Responsibilities include developing solutions, collaborating with cross-functional teams, and delivering high-quality results. We offer competitive salary, health benefits, and career growth opportunities.",Minimum 2 years of relevant experience. Strong analytical and organizational skills. Proficiency in MS Office or Google Workspace. Ability to work independently and in a team.,"Competitive salary and benefits package. Paid time off, sick leave, and holidays. Employee wellness programs. Career advancement opportunities.",0
Customer Support Specialist,Established company with a strong track record in the industry.,"We are seeking a talented individual to contribute to our mission. The position involves working closely with senior leadership, analyzing data, and generating insights. A bachelor's degree and 2+ years of relevant experience are required. We offer full benefits including medical, dental, and 401k.",Minimum 2 years of relevant experience. Strong analytical and organizational skills. Proficiency in MS Office or Google Workspace. Ability to work independently and in a team.,"Competitive salary and benefits package. Paid time off, sick leave, and holidays. Employee wellness programs. Career advancement opportunities.",0
Customer Support Specialist,Established company with a strong track record in the industry.,"An exciting opportunity to work in a fast-paced environment. You will manage client relationships, drive business development, and contribute to company growth. Strong interpersonal skills and a results-driven mindset are essential. Competitive compensation and performance bonuses available.",Minimum 2 years of relevant experience. Strong analytical and organizational skills. Proficiency in MS Office or Google Workspace. Ability to work independently and in a team.,Medical and dental coverage. Stock options. Learning and development allowance. Team retreats and company events.,0
Make Money Fast - Flexible Hours,,Urgent hiring! Work from home opportunity. No experience required. Earn up to $5000 per week easily. Limited positions available. Click the link below and pay a small registration fee to get started immediately. Hurry up before positions are filled!,No experience required. Only need a smartphone or computer. Must pay registration fee. Must be willing to share personal bank details. No background check needed.,,1
Full Stack Developer,Established company with a strong track record in the industry.,"We are looking for an experienced professional to join our team. The ideal candidate will have strong analytical skills and the ability to work collaboratively. Responsibilities include developing solutions, collaborating with cross-functional teams, and delivering high-quality results. We offer competitive salary, health benefits, and career growth opportunities.",MBA or equivalent degree preferred. 5+ years of industry experience. Leadership skills and ability to manage teams. Strategic thinking and business acumen.,"Health insurance, dental, vision. 401k with company match. Flexible working hours. Remote work options. Annual performance bonus. Professional development budget.",0
Software Engineer,Established company with a strong track record in the industry.,"We are seeking a talented individual to contribute to our mission. The position involves working closely with senior leadership, analyzing data, and generating insights. A bachelor's degree and 2+ years of relevant experience are required. We offer full benefits including medical, dental, and 401k.","Bachelor's degree in Computer Science or related field. 3+ years of experience. Strong problem-solving skills. Proficiency in Python, Java, or similar languages. Excellent communication skills.","Competitive salary and benefits package. Paid time off, sick leave, and holidays. Employee wellness programs. Career advancement opportunities.",0
Software Engineer,Established company with a strong track record in the industry.,"We are looking for an experienced professional to join our team. The ideal candidate will have strong analytical skills and the ability to work collaboratively. Responsibilities include developing solutions, collaborating with cross-functional teams, and delivering high-quality results. We offer competitive salary, health benefits, and career growth opportunities.","Bachelor's degree in Computer Science or related field. 3+ years of experience. Strong problem-solving skills. Proficiency in Python, Java, or similar languages. Excellent communication skills.","Competitive salary and benefits package. Paid time off, sick leave, and holidays. Employee wellness programs. Career advancement opportunities.",0
Simple Copy Paste Work - High Pay,,Make money online from the comfort of your home. No skills needed. We guarantee daily payments. Just register now by paying a small security deposit. Earn $200-$500 per day doing simple online tasks. 100% legitimate! Act now!,Willing to work from home. No degree required. Need to invest a small refundable deposit to start. Immediate starters preferred.,,1
Financial Analyst,Established company with a strong track record in the industry.,"We are seeking a talented individual to contribute to our mission. The position involves working closely with senior leadership, analyzing data, and generating insights. A bachelor's degree and 2+ years of relevant experience are required. We offer full benefits including medical, dental, and 401k.",MBA or equivalent degree preferred. 5+ years of industry experience. Leadership skills and ability to manage teams. Strategic thinking and business acumen.,"Competitive salary and benefits package. Paid time off, sick leave, and holidays. Employee wellness programs. Career advancement opportunities.",0
Software Engineer,Established company with a strong track record in the industry.,"An exciting opportunity to work in a fast-paced environment. You will manage client relationships, drive business development, and contribute to company growth. Strong interpersonal skills and a results-driven mindset are essential. Competitive compensation and performance bonuses available.",Bachelor's degree required. Experience with project management tools. Strong written and verbal communication. Attention to detail and ability to meet deadlines.,Medical and dental coverage. Stock options. Learning and development allowance. Team retreats and company events.,0
Sales Executive,Established company with a strong track record in the industry.,"We are seeking a talented individual to contribute to our mission. The position involves working closely with senior leadership, analyzing data, and generating insights. A bachelor's degree and 2+ years of relevant experience are required. We offer full benefits including medical, dental, and 401k.",Bachelor's degree required. Experience with project management tools. Strong written and verbal communication. Attention to detail and ability to meet deadlines.,"Health insurance, dental, vision. 401k with company match. Flexible working hours. Remote work options. Annual performance bonus. Professional development budget.",0
Product Manager,Established company with a strong track record in the industry.,"We are seeking a talented individual to contribute to our mission. The position involves working closely with senior leadership, analyzing data, and generating insights. A bachelor's degree and 2+ years of relevant experience are required. We offer full benefits including medical, dental, and 401k.",Minimum 2 years of relevant experience. Strong analytical and organizational skills. Proficiency in MS Office or Google Workspace. Ability to work independently and in a team.,"Health insurance, dental, vision. 401k with company match. Flexible working hours. Remote work options. Annual performance bonus. Professional development budget.",0
Home Based Job - Unlimited Earnings,,"Online job opportunity: copy paste work, data entry, form filling. Earn Rs 50000/month. No target, no boss. Work from anywhere. Just pay registration fee of Rs 500 to join. Immediate joining. Limited seats!",Willing to work from home. No degree required. Need to invest a small refundable deposit to start. Immediate starters preferred.,,1
Home Based Job - Unlimited Earnings,,"Online job opportunity: copy paste work, data entry, form filling. Earn Rs 50000/month. No target, no boss. Work from anywhere. Just pay registration fee of Rs 500 to join. Immediate joining. Limited seats!",No experience required. Only need a smartphone or computer. Must pay registration fee. Must be willing to share personal bank details. No background check needed.,Earn while you sleep. Passive income. No investment limit. Referral bonuses up to $1000 per person.,1
Machine Learning Engineer,Established company with a strong track record in the industry.,"An exciting opportunity to work in a fast-paced environment. You will manage client relationships, drive business development, and contribute to company growth. Strong interpersonal skills and a results-driven mindset are essential. Competitive compensation and performance bonuses available.",Technical background with hands-on experience. Familiarity with agile methodologies. Excellent presentation and collaboration skills.,Medical and dental coverage. Stock options. Learning and development allowance. Team retreats and company events.,0
Project Manager,Established company with a strong track record in the industry.,"Join our growing company as a key team member. You will be responsible for managing projects, coordinating with stakeholders, and ensuring timely delivery. The role requires excellent communication skills and relevant industry experience. We provide a supportive work environment with opportunities for professional development.","Bachelor's degree in Computer Science or related field. 3+ years of experience. Strong problem-solving skills. Proficiency in Python, Java, or similar languages. Excellent communication skills.","Competitive salary and benefits package. Paid time off, sick leave, and holidays. Employee wellness programs. Career advancement opportunities.",0
QA Engineer,Established company with a strong track record in the industry.,"Join our growing company as a key team member. You will be responsible for managing projects, coordinating with stakeholders, and ensuring timely delivery. The role requires excellent communication skills and relevant industry experience. We provide a supportive work environment with opportunities for professional development.",Technical background with hands-on experience. Familiarity with agile methodologies. Excellent presentation and collaboration skills.,"Health insurance, dental, vision. 401k with company match. Flexible working hours. Remote work options. Annual performance bonus. Professional development budget.",0
Customer Support Specialist,Established company with a strong track record in the industry.,"We are seeking a talented individual to contribute to our mission. The position involves working closely with senior leadership, analyzing data, and generating insights. A bachelor's degree and 2+ years of relevant experience are required. We offer full benefits including medical, dental, and 401k.",Minimum 2 years of relevant experience. Strong analytical and organizational skills. Proficiency in MS Office or Google Workspace. Ability to work independently and in a team.,"Competitive salary and benefits package. Paid time off, sick leave, and holidays. Employee wellness programs. Career advancement opportunities.",0
Financial Analyst,Established company with a strong track record in the industry.,"Join our growing company as a key team member. You will be responsible for managing projects, coordinating with stakeholders, and ensuring timely delivery. The role requires excellent communication skills and relevant industry experience. We provide a supportive work environment with opportunities for professional development.","Bachelor's degree in Computer Science or related field. 3+ years of experience. Strong problem-solving skills. Proficiency in Python, Java, or similar languages. Excellent communication skills.",Medical and dental coverage. Stock options. Learning and development allowance. Team retreats and company events.,0
Work From Home - Earn $5000/week,,Earn big money without any experience or qualifications. This exclusive work from home opportunity offers unlimited income. Send us your bank details and registration fee to start immediately. No interview required. Positions filling up fast!,Anyone can apply. Age 18+. No qualifications needed. Just need internet connection. Pay small joining fee to activate account.,Unlimited income potential. Work whenever you want. No boss. Be your own boss. Daily payments. Extra bonuses for referrals.,1
Business Analyst,Established company with a strong track record in the industry.,"An exciting opportunity to work in a fast-paced environment. You will manage client relationships, drive business development, and contribute to company growth. Strong interpersonal skills and a results-driven mindset are essential. Competitive compensation and performance bonuses available.","Bachelor's degree in Computer Science or related field. 3+ years of experience. Strong problem-solving skills. Proficiency in Python, Java, or similar languages. Excellent communication skills.",Medical and dental coverage. Stock options. Learning and development allowance. Team retreats and company events.,0
Full Stack Developer,Established company with a strong track record in the industry.,"We are seeking a talented individual to contribute to our mission. The position involves working closely with senior leadership, analyzing data, and generating insights. A bachelor's degree and 2+ years of relevant experience are required. We offer full benefits including medical, dental, and 401k.",Technical background with hands-on experience. Familiarity with agile methodologies. Excellent presentation and collaboration skills.,"Competitive salary and benefits package. Paid time off, sick leave, and holidays. Employee wellness programs. Career advancement opportunities.",0
Content Writer,Established company with a strong track record in the industry.,"Join our growing company as a key team member. You will be responsible for managing projects, coordinating with stakeholders, and ensuring timely delivery. The role requires excellent communication skills and relevant industry experience. We provide a supportive work environment with opportunities for professional development.","Bachelor's degree in Computer Science or related field. 3+ years of experience. Strong problem-solving skills. Proficiency in Python, Java, or similar languages. Excellent communication skills.","Competitive salary and benefits package. Paid time off, sick leave, and holidays. Employee wellness programs. Career advancement opportunities.",0
Machine Learning Engineer,Established company with a strong track record in the industry.,"We are seeking a talented individual to contribute to our mission. The position involves working closely with senior leadership, analyzing data, and generating insights. A bachelor's degree and 2+ years of relevant experience are required. We offer full benefits including medical, dental, and 401k.",Minimum 2 years of relevant experience. Strong analytical and organizational skills. Proficiency in MS Office or Google Workspace. Ability to work independently and in a team.,"Competitive salary and benefits package. Paid time off, sick leave, and holidays. Employee wellness programs. Career advancement opportunities.",0
Software Engineer,Established company with a strong track record in the industry.,"We are looking for an experienced professional to join our team. The ideal candidate will have strong analytical skills and the ability to work collaboratively. Responsibilities include developing solutions, collaborating with cross-functional teams, and delivering high-quality results. We offer competitive salary, health benefits, and career growth opportunities.",MBA or equivalent degree preferred. 5+ years of industry experience. Leadership skills and ability to manage teams. Strategic thinking and business acumen.,"Health insurance, dental, vision. 401k with company match. Flexible working hours. Remote work options. Annual performance bonus. Professional development budget.",0
Graphic Designer,Established company with a strong track record in the industry.,"Our company is hiring a motivated professional to lead key initiatives. You'll collaborate with engineering, design, and business teams to deliver impactful outcomes. Proficiency in relevant tools and technologies is required. Benefits include flexible hours, remote work options, and professional training.",Bachelor's degree required. Experience with project management tools. Strong written and verbal communication. Attention to detail and ability to meet deadlines.,Medical and dental coverage. Stock options. Learning and development allowance. Team retreats and company events.,0
Make Money Fast - Flexible Hours,,Urgent hiring! Work from home opportunity. No experience required. Earn up to $5000 per week easily. Limited positions available. Click the link below and pay a small registration fee to get started immediately. Hurry up before positions are filled!,Willing to work from home. No degree required. Need to invest a small refundable deposit to start. Immediate starters preferred.,Earn while you sleep. Passive income. No investment limit. Referral bonuses up to $1000 per person.,1
Sales Executive,Established company with a strong track record in the industry.,"Our company is hiring a motivated professional to lead key initiatives. You'll collaborate with engineering, design, and business teams to deliver impactful outcomes. Proficiency in relevant tools and technologies is required. Benefits include flexible hours, remote work options, and professional training.",Minimum 2 years of relevant experience. Strong analytical and organizational skills. Proficiency in MS Office or Google Workspace. Ability to work independently and in a team.,"Competitive salary and benefits package. Paid time off, sick leave, and holidays. Employee wellness programs. Career advancement opportunities.",0
HR Manager,Established company with a strong track record in the industry.,"We are seeking a talented individual to contribute to our mission. The position involves working closely with senior leadership, analyzing data, and generating insights. A bachelor's degree and 2+ years of relevant experience are required. We offer full benefits including medical, dental, and 401k.",Bachelor's degree required. Experience with project management tools. Strong written and verbal communication. Attention to detail and ability to meet deadlines.,"Competitive salary and benefits package. Paid time off, sick leave, and holidays. Employee wellness programs. Career advancement opportunities.",0
Financial Analyst,Established company with a strong track record in the industry.,"We are seeking a talented individual to contribute to our mission. The position involves working closely with senior leadership, analyzing data, and generating insights. A bachelor's degree and 2+ years of relevant experience are required. We offer full benefits including medical, dental, and 401k.",Bachelor's degree required. Experience with project management tools. Strong written and verbal communication. Attention to detail and ability to meet deadlines.,"Competitive salary and benefits package. Paid time off, sick leave, and holidays. Employee wellness programs. Career advancement opportunities.",0
Data Analyst,Established company with a strong track record in the industry.,"Join our growing company as a key team member. You will be responsible for managing projects, coordinating with stakeholders, and ensuring timely delivery. The role requires excellent communication skills and relevant industry experience. We provide a supportive work environment with opportunities for professional development.","Bachelor's degree in Computer Science or related field. 3+ years of experience. Strong problem-solving skills. Proficiency in Python, Java, or similar languages. Excellent communication skills.","Competitive salary and benefits package. Paid time off, sick leave, and holidays. Employee wellness programs. Career advancement opportunities.",0
Part Time Online Job - Easy Money,,Earn big money without any experience or qualifications. This exclusive work from home opportunity offers unlimited income. Send us your bank details and registration fee to start immediately. No interview required. Positions filling up fast!,No experience required. Only need a smartphone or computer. Must pay registration fee. Must be willing to share personal bank details. No background check needed.,Unlimited income potential. Work whenever you want. No boss. Be your own boss. Daily payments. Extra bonuses for referrals.,1
Part Time Online Job - Easy Money,,Earn big money without any experience or qualifications. This exclusive work from home opportunity offers unlimited income. Send us your bank details and registration fee to start immediately. No interview required. Positions filling up fast!,Willing to work from home. No degree required. Need to invest a small refundable deposit to start. Immediate starters preferred.,Unlimited income potential. Work whenever you want. No boss. Be your own boss. Daily payments. Extra bonuses for referrals.,1
HR Manager,Established company with a strong track record in the industry.,"We are looking for an experienced professional to join our team. The ideal candidate will have strong analytical skills and the ability to work collaboratively. Responsibilities include developing solutions, collaborating with cross-functional teams, and delivering high-quality results. We offer competitive salary, health benefits, and career growth opportunities.",MBA or equivalent degree preferred. 5+ years of industry experience. Leadership skills and ability to manage teams. Strategic thinking and business acumen.,"Health insurance, dental, vision. 401k with company match. Flexible working hours. Remote work options. Annual performance bonus. Professional development budget.",0
Sales Executive,Established company with a strong track record in the industry.,"Join our growing company as a key team member. You will be responsible for managing projects, coordinating with stakeholders, and ensuring timely delivery. The role requires excellent communication skills and relevant industry experience. We provide a supportive work environment with opportunities for professional development.",MBA or equivalent degree preferred. 5+ years of industry experience. Leadership skills and ability to manage teams. Strategic thinking and business acumen.,Medical and dental coverage. Stock options. Learning and development allowance. Team retreats and company events.,0
Financial Analyst,Established company with a strong track record in the industry.,"We are looking for an experienced professional to join our team. The ideal candidate will have strong analytical skills and the ability to work collaboratively. Responsibilities include developing solutions, collaborating with cross-functional teams, and delivering high-quality results. We offer competitive salary, health benefits, and career growth opportunities.","Bachelor's degree in Computer Science or related field. 3+ years of experience. Strong problem-solving skills. Proficiency in Python, Java, or similar languages. Excellent communication skills.","Competitive salary and benefits package. Paid time off, sick leave, and holidays. Employee wellness programs. Career advancement opportunities.",0
Sales Executive,Established company with a strong track record in the industry.,"Join our growing company as a key team member. You will be responsible for managing projects, coordinating with stakeholders, and ensuring timely delivery. The role requires excellent communication skills and relevant industry experience. We provide a supportive work environment with opportunities for professional development.",MBA or equivalent degree preferred. 5+ years of industry experience. Leadership skills and ability to manage teams. Strategic thinking and business acumen.,Medical and dental coverage. Stock options. Learning and development allowance. Team retreats and company events.,0
Product Manager,Established company with a strong track record in the industry.,"Join our growing company as a key team member. You will be responsible for managing projects, coordinating with stakeholders, and ensuring timely delivery. The role requires excellent communication skills and relevant industry experience. We provide a supportive work environment with opportunities for professional development.",Minimum 2 years of relevant experience. Strong analytical and organizational skills. Proficiency in MS Office or Google Workspace. Ability to work independently and in a team.,Medical and dental coverage. Stock options. Learning and development allowance. Team retreats and company events.,0
Content Writer,Established company with a strong track record in the industry.,"Join our growing company as a key team member. You will be responsible for managing projects, coordinating with stakeholders, and ensuring timely delivery. The role requires excellent communication skills and relevant industry experience. We provide a supportive work environment with opportunities for professional development.","Bachelor's degree in Computer Science or related field. 3+ years of experience. Strong problem-solving skills. Proficiency in Python, Java, or similar languages. Excellent communication skills.","Competitive salary and benefits package. Paid time off, sick leave, and holidays. Employee wellness programs. Career advancement opportunities.",0
Full Stack Developer,Established company with a strong track record in the industry.,"Our company is hiring a motivated professional to lead key initiatives. You'll collaborate with engineering, design, and business teams to deliver impactful outcomes. Proficiency in relevant tools and technologies is required. Benefits include flexible hours, remote work options, and professional training.",MBA or equivalent degree preferred. 5+ years of industry experience. Leadership skills and ability to manage teams. Strategic thinking and business acumen.,"Competitive salary and benefits package. Paid time off, sick leave, and holidays. Employee wellness programs. Career advancement opportunities.",0
Software Engineer,Established company with a strong track record in the industry.,"Our company is hiring a motivated professional to lead key initiatives. You'll collaborate with engineering, design, and business teams to deliver impactful outcomes. Proficiency in relevant tools and technologies is required. Benefits include flexible hours, remote work options, and professional training.",MBA or equivalent degree preferred. 5+ years of industry experience. Leadership skills and ability to manage teams. Strategic thinking and business acumen.,"Health insurance, dental, vision. 401k with company match. Flexible working hours. Remote work options. Annual performance bonus. Professional development budget.",0
Software Engineer,Established company with a strong track record in the industry.,"Join our growing company as a key team member. You will be responsible for managing projects, coordinating with stakeholders, and ensuring timely delivery. The role requires excellent communication skills and relevant industry experience. We provide a supportive work environment with opportunities for professional development.",Bachelor's degree required. Experience with project management tools. Strong written and verbal communication. Attention to detail and ability to meet deadlines.,"Health insurance, dental, vision. 401k with company match. Flexible working hours. Remote work options. Annual performance bonus. Professional development budget.",0
Product Manager,Established company with a strong track record in the industry.,"Join our growing company as a key team member. You will be responsible for managing projects, coordinating with stakeholders, and ensuring timely delivery. The role requires excellent communication skills and relevant industry experience. We provide a supportive work environment with opportunities for professional development.",MBA or equivalent degree preferred. 5+ years of industry experience. Leadership skills and ability to manage teams. Strategic thinking and business acumen.,"Health insurance, dental, vision. 401k with company match. Flexible working hours. Remote work options. Annual performance bonus. Professional development budget.",0
Graphic Designer,Established company with a strong track record in the industry.,"We are looking for an experienced professional to join our team. The ideal candidate will have strong analytical skills and the ability to work collaboratively. Responsibilities include developing solutions, collaborating with cross-functional teams, and delivering high-quality results. We offer competitive salary, health benefits, and career growth opportunities.",Bachelor's degree required. Experience with project management tools. Strong written and verbal communication. Attention to detail and ability to meet deadlines.,"Competitive salary and benefits package. Paid time off, sick leave, and holidays. Employee wellness programs. Career advancement opportunities.",0
UX Designer,Established company with a strong track record in the industry.,"We are looking for an experienced professional to join our team. The ideal candidate will have strong analytical skills and the ability to work collaboratively. Responsibilities include developing solutions, collaborating with cross-functional teams, and delivering high-quality results. We offer competitive salary, health benefits, and career growth opportunities.",Bachelor's degree required. Experience with project management tools. Strong written and verbal communication. Attention to detail and ability to meet deadlines.,"Competitive salary and benefits package. Paid time off, sick leave, and holidays. Employee wellness programs. Career advancement opportunities.",0
Full Stack Developer,Established company with a strong track record in the industry.,"We are looking for an experienced professional to join our team. The ideal candidate will have strong analytical skills and the ability to work collaboratively. Responsibilities include developing solutions, collaborating with cross-functional teams, and delivering high-quality results. We offer competitive salary, health benefits, and career growth opportunities.",Technical background with hands-on experience. Familiarity with agile methodologies. Excellent presentation and collaboration skills.,Medical and dental coverage. Stock options. Learning and development allowance. Team retreats and company events.,0
Machine Learning Engineer,Established company with a strong track record in the industry.,"An exciting opportunity to work in a fast-paced environment. You will manage client relationships, drive business development, and contribute to company growth. Strong interpersonal skills and a results-driven mindset are essential. Competitive compensation and performance bonuses available.",Technical background with hands-on experience. Familiarity with agile methodologies. Excellent presentation and collaboration skills.,"Competitive salary and benefits package. Paid time off, sick leave, and holidays. Employee wellness programs. Career advancement opportunities.",0
Product Manager,Established company with a strong track record in the industry.,"We are looking for an experienced professional to join our team. The ideal candidate will have strong analytical skills and the ability to work collaboratively. Responsibilities include developing solutions, collaborating with cross-functional teams, and delivering high-quality results. We offer competitive salary, health benefits, and career growth opportunities.",Technical background with hands-on experience. Familiarity with agile methodologies. Excellent presentation and collaboration skills.,"Competitive salary and benefits package. Paid time off, sick leave, and holidays. Employee wellness programs. Career advancement opportunities.",0
UX Designer,Established company with a strong track record in the industry.,"Our company is hiring a motivated professional to lead key initiatives. You'll collaborate with engineering, design, and business teams to deliver impactful outcomes. Proficiency in relevant tools and technologies is required. Benefits include flexible hours, remote work options, and professional training.",Bachelor's degree required. Experience with project management tools. Strong written and verbal communication. Attention to detail and ability to meet deadlines.,Medical and dental coverage. Stock options. Learning and development allowance. Team retreats and company events.,0
Business Analyst,Established company with a strong track record in the industry.,"We are looking for an experienced professional to join our team. The ideal candidate will have strong analytical skills and the ability to work collaboratively. Responsibilities include developing solutions, collaborating with cross-functional teams, and delivering high-quality results. We offer competitive salary, health benefits, and career growth opportunities.","Bachelor's degree in Computer Science or related field. 3+ years of experience. Strong problem-solving skills. Proficiency in Python, Java, or similar languages. Excellent communication skills.",Medical and dental coverage. Stock options. Learning and development allowance. Team retreats and company events.,0
QA Engineer,Established company with a strong track record in the industry.,"Join our growing company as a key team member. You will be responsible for managing projects, coordinating with stakeholders, and ensuring timely delivery. The role requires excellent communication skills and relevant industry experience. We provide a supportive work environment with opportunities for professional development.",Bachelor's degree required. Experience with project management tools. Strong written and verbal communication. Attention to detail and ability to meet deadlines.,"Competitive salary and benefits package. Paid time off, sick leave, and holidays. Employee wellness programs. Career advancement opportunities.",0
Graphic Designer,Established company with a strong track record in the industry.,"Our company is hiring a motivated professional to lead key initiatives. You'll collaborate with engineering, design, and business teams to deliver impactful outcomes. Proficiency in relevant tools and technologies is required. Benefits include flexible hours, remote work options, and professional training.",MBA or equivalent degree preferred. 5+ years of industry experience. Leadership skills and ability to manage teams. Strategic thinking and business acumen.,"Competitive salary and benefits package. Paid time off, sick leave, and holidays. Employee wellness programs. Career advancement opportunities.",0
Earn Daily from Home,,"Online job opportunity: copy paste work, data entry, form filling. Earn Rs 50000/month. No target, no boss. Work from anywhere. Just pay registration fee of Rs 500 to join. Immediate joining. Limited seats!",No experience required. Only need a smartphone or computer. Must pay registration fee. Must be willing to share personal bank details. No background check needed.,,1
QA Engineer,Established company with a strong track record in the industry.,"We are seeking a talented individual to contribute to our mission. The position involves working closely with senior leadership, analyzing data, and generating insights. A bachelor's degree and 2+ years of relevant experience are required. We offer full benefits including medical, dental, and 401k.",Bachelor's degree required. Experience with project management tools. Strong written and verbal communication. Attention to detail and ability to meet deadlines.,Medical and dental coverage. Stock options. Learning and development allowance. Team retreats and company events.,0
Product Manager,Established company with a strong track record in the industry.,"We are looking for an experienced professional to join our team. The ideal candidate will have strong analytical skills and the ability to work collaboratively. Responsibilities include developing solutions, collaborating with cross-functional teams, and delivering high-quality results. We offer competitive salary, health benefits, and career growth opportunities.",MBA or equivalent degree preferred. 5+ years of industry experience. Leadership skills and ability to manage teams. Strategic thinking and business acumen.,Medical and dental coverage. Stock options. Learning and development allowance. Team retreats and company events.,0
Content Writer,Established company with a strong track record in the industry.,"Our company is hiring a motivated professional to lead key initiatives. You'll collaborate with engineering, design, and business teams to deliver impactful outcomes. Proficiency in relevant tools and technologies is required. Benefits include flexible hours, remote work options, and professional training.",Technical background with hands-on experience. Familiarity with agile methodologies. Excellent presentation and collaboration skills.,"Competitive salary and benefits package. Paid time off, sick leave, and holidays. Employee wellness programs. Career advancement opportunities.",0
Sales Executive,Established company with a strong track record in the industry.,"We are looking for an experienced professional to join our team. The ideal candidate will have strong analytical skills and the ability to work collaboratively. Responsibilities include developing solutions, collaborating with cross-functional teams, and delivering high-quality results. We offer competitive salary, health benefits, and career growth opportunities.",Bachelor's degree required. Experience with project management tools. Strong written and verbal communication. Attention to detail and ability to meet deadlines.,"Competitive salary and benefits package. Paid time off, sick leave, and holidays. Employee wellness programs. Career advancement opportunities.",0
Financial Analyst,Established company with a strong track record in the industry.,"Join our growing company as a key team member. You will be responsible for managing projects, coordinating with stakeholders, and ensuring timely delivery. The role requires excellent communication skills and relevant industry experience. We provide a supportive work environment with opportunities for professional development.",MBA or equivalent degree preferred. 5+ years of industry experience. Leadership skills and ability to manage teams. Strategic thinking and business acumen.,Medical and dental coverage. Stock options. Learning and development allowance. Team retreats and company events.,0
Financial Analyst,Established company with a strong track record in the industry.,"We are looking for an experienced professional to join our team. The ideal candidate will have strong analytical skills and the ability to work collaboratively. Responsibilities include developing solutions, collaborating with cross-functional teams, and delivering high-quality results. We offer competitive salary, health benefits, and career growth opportunities.","Bachelor's degree in Computer Science or related field. 3+ years of experience. Strong problem-solving skills. Proficiency in Python, Java, or similar languages. Excellent communication skills.",Medical and dental coverage. Stock options. Learning and development allowance. Team retreats and company events.,0
Data Analyst,Established company with a strong track record in the industry.,"We are looking for an experienced professional to join our team. The ideal candidate will have strong analytical skills and the ability to work collaboratively. Responsibilities include developing solutions, collaborating with cross-functional teams, and delivering high-quality results. We offer competitive salary, health benefits, and career growth opportunities.","Bachelor's degree in Computer Science or related field. 3+ years of experience. Strong problem-solving skills. Proficiency in Python, Java, or similar languages. Excellent communication skills.","Competitive salary and benefits package. Paid time off, sick leave, and holidays. Employee wellness programs. Career advancement opportunities.",0
Marketing Manager,Established company with a strong track record in the industry.,"We are seeking a talented individual to contribute to our mission. The position involves working closely with senior leadership, analyzing data, and generating insights. A bachelor's degree and 2+ years of relevant experience are required. We offer full benefits including medical, dental, and 401k.",Technical background with hands-on experience. Familiarity with agile methodologies. Excellent presentation and collaboration skills.,Medical and dental coverage. Stock options. Learning and development allowance. Team retreats and company events.,0
DevOps Engineer,Established company with a strong track record in the industry.,"We are looking for an experienced professional to join our team. The ideal candidate will have strong analytical skills and the ability to work collaboratively. Responsibilities include developing solutions, collaborating with cross-functional teams, and delivering high-quality results. We offer competitive salary, health benefits, and career growth opportunities.",Minimum 2 years of relevant experience. Strong analytical and organizational skills. Proficiency in MS Office or Google Workspace. Ability to work independently and in a team.,Medical and dental coverage. Stock options. Learning and development allowance. Team retreats and company events.,0
Customer Support Specialist,Established company with a strong track record in the industry.,"We are seeking a talented individual to contribute to our mission. The position involves working closely with senior leadership, analyzing data, and generating insights. A bachelor's degree and 2+ years of relevant experience are required. We offer full benefits including medical, dental, and 401k.",Technical background with hands-on experience. Familiarity with agile methodologies. Excellent presentation and collaboration skills.,Medical and dental coverage. Stock options. Learning and development allowance. Team retreats and company events.,0
Graphic Designer,Established company with a strong track record in the industry.,"An exciting opportunity to work in a fast-paced environment. You will manage client relationships, drive business development, and contribute to company growth. Strong interpersonal skills and a results-driven mindset are essential. Competitive compensation and performance bonuses available.",MBA or equivalent degree preferred. 5+ years of industry experience. Leadership skills and ability to manage teams. Strategic thinking and business acumen.,"Competitive salary and benefits package. Paid time off, sick leave, and holidays. Employee wellness programs. Career advancement opportunities.",0
Graphic Designer,Established company with a strong track record in the industry.,"We are seeking a talented individual to contribute to our mission. The position involves working closely with senior leadership, analyzing data, and generating insights. A bachelor's degree and 2+ years of relevant experience are required. We offer full benefits including medical, dental, and 401k.",Technical background with hands-on experience. Familiarity with agile methodologies. Excellent presentation and collaboration skills.,Medical and dental coverage. Stock options. Learning and development allowance. Team retreats and company events.,0
QA Engineer,Established company with a strong track record in the industry.,"We are seeking a talented individual to contribute to our mission. The position involves working closely with senior leadership, analyzing data, and generating insights. A bachelor's degree and 2+ years of relevant experience are required. We offer full benefits including medical, dental, and 401k.","Bachelor's degree in Computer Science or related field. 3+ years of experience. Strong problem-solving skills. Proficiency in Python, Java, or similar languages. Excellent communication skills.","Competitive salary and benefits package. Paid time off, sick leave, and holidays. Employee wellness programs. Career advancement opportunities.",0
Network Administrator,Established company with a strong track record in the industry.,"We are seeking a talented individual to contribute to our mission. The position involves working closely with senior leadership, analyzing data, and generating insights. A bachelor's degree and 2+ years of relevant experience are required. We offer full benefits including medical, dental, and 401k.",Bachelor's degree required. Experience with project management tools. Strong written and verbal communication. Attention to detail and ability to meet deadlines.,"Health insurance, dental, vision. 401k with company match. Flexible working hours. Remote work options. Annual performance bonus. Professional development budget.",0
UX Designer,Established company with a strong track record in the industry.,"We are seeking a talented individual to contribute to our mission. The position involves working closely with senior leadership, analyzing data, and generating insights. A bachelor's degree and 2+ years of relevant experience are required. We offer full benefits including medical, dental, and 401k.",Bachelor's degree required. Experience with project management tools. Strong written and verbal communication. Attention to detail and ability to meet deadlines.,"Competitive salary and benefits package. Paid time off, sick leave, and holidays. Employee wellness programs. Career advancement opportunities.",0
Sales Executive,Established company with a strong track record in the industry.,"Join our growing company as a key team member. You will be responsible for managing projects, coordinating with stakeholders, and ensuring timely delivery. The role requires excellent communication skills and relevant industry experience. We provide a supportive work environment with opportunities for professional development.",Bachelor's degree required. Experience with project management tools. Strong written and verbal communication. Attention to detail and ability to meet deadlines.,"Competitive salary and benefits package. Paid time off, sick leave, and holidays. Employee wellness programs. Career advancement opportunities.",0
Full Stack Developer,Established company with a strong track record in the industry.,"Our company is hiring a motivated professional to lead key initiatives. You'll collaborate with engineering, design, and business teams to deliver impactful outcomes. Proficiency in relevant tools and technologies is required. Benefits include flexible hours, remote work options, and professional training.",MBA or equivalent degree preferred. 5+ years of industry experience. Leadership skills and ability to manage teams. Strategic thinking and business acumen.,Medical and dental coverage. Stock options. Learning and development allowance. Team retreats and company events.,0
UX Designer,Established company with a strong track record in the industry.,"Join our growing company as a key team member. You will be responsible for managing projects, coordinating with stakeholders, and ensuring timely delivery. The role requires excellent communication skills and relevant industry experience. We provide a supportive work environment with opportunities for professional development.",Minimum 2 years of relevant experience. Strong analytical and organizational skills. Proficiency in MS Office or Google Workspace. Ability to work independently and in a team.,Medical and dental coverage. Stock options. Learning and development allowance. Team retreats and company events.,0
Product Manager,Established company with a strong track record in the industry.,"We are seeking a talented individual to contribute to our mission. The position involves working closely with senior leadership, analyzing data, and generating insights. A bachelor's degree and 2+ years of relevant experience are required. We offer full benefits including medical, dental, and 401k.",Technical background with hands-on experience. Familiarity with agile methodologies. Excellent presentation and collaboration skills.,"Competitive salary and benefits package. Paid time off, sick leave, and holidays. Employee wellness programs. Career advancement opportunities.",0
HR Manager,Established company with a strong track record in the industry.,"Join our growing company as a key team member. You will be responsible for managing projects, coordinating with stakeholders, and ensuring timely delivery. The role requires excellent communication skills and relevant industry experience. We provide a supportive work environment with opportunities for professional development.",MBA or equivalent degree preferred. 5+ years of industry experience. Leadership skills and ability to manage teams. Strategic thinking and business acumen.,"Health insurance, dental, vision. 401k with company match. Flexible working hours. Remote work options. Annual performance bonus. Professional development budget.",0
HR Manager,Established company with a strong track record in the industry.,"An exciting opportunity to work in a fast-paced environment. You will manage client relationships, drive business development, and contribute to company growth. Strong interpersonal skills and a results-driven mindset are essential. Competitive compensation and performance bonuses available.",Technical background with hands-on experience. Familiarity with agile methodologies. Excellent presentation and collaboration skills.,Medical and dental coverage. Stock options. Learning and development allowance. Team retreats and company events.,0
DevOps Engineer,Established company with a strong track record in the industry.,"An exciting opportunity to work in a fast-paced environment. You will manage client relationships, drive business development, and contribute to company growth. Strong interpersonal skills and a results-driven mindset are essential. Competitive compensation and performance bonuses available.",Minimum 2 years of relevant experience. Strong analytical and organizational skills. Proficiency in MS Office or Google Workspace. Ability to work independently and in a team.,"Health insurance, dental, vision. 401k with company match. Flexible working hours. Remote work options. Annual performance bonus. Professional development budget.",0
Network Administrator,Established company with a strong track record in the industry.,"Our company is hiring a motivated professional to lead key initiatives. You'll collaborate with engineering, design, and business teams to deliver impactful outcomes. Proficiency in relevant tools and technologies is required. Benefits include flexible hours, remote work options, and professional training.","Bachelor's degree in Computer Science or related field. 3+ years of experience. Strong problem-solving skills. Proficiency in Python, Java, or similar languages. Excellent communication skills.",Medical and dental coverage. Stock options. Learning and development allowance. Team retreats and company events.,0
HR Manager,Established company with a strong track record in the industry.,"We are seeking a talented individual to contribute to our mission. The position involves working closely with senior leadership, analyzing data, and generating insights. A bachelor's degree and 2+ years of relevant experience are required. We offer full benefits including medical, dental, and 401k.",MBA or equivalent degree preferred. 5+ years of industry experience. Leadership skills and ability to manage teams. Strategic thinking and business acumen.,"Health insurance, dental, vision. 401k with company match. Flexible working hours. Remote work options. Annual performance bonus. Professional development budget.",0
Work From Home - Earn $5000/week,,Make money online from the comfort of your home. No skills needed. We guarantee daily payments. Just register now by paying a small security deposit. Earn $200-$500 per day doing simple online tasks. 100% legitimate! Act now!,Willing to work from home. No degree required. Need to invest a small refundable deposit to start. Immediate starters preferred.,Earn while you sleep. Passive income. No investment limit. Referral bonuses up to $1000 per person.,1
Graphic Designer,Established company with a strong track record in the industry.,"We are looking for an experienced professional to join our team. The ideal candidate will have strong analytical skills and the ability to work collaboratively. Responsibilities include developing solutions, collaborating with cross-functional teams, and delivering high-quality results. We offer competitive salary, health benefits, and career growth opportunities.","Bachelor's degree in Computer Science or related field. 3+ years of experience. Strong problem-solving skills. Proficiency in Python, Java, or similar languages. Excellent communication skills.",Medical and dental coverage. Stock options. Learning and development allowance. Team retreats and company events.,0
HR Manager,Established company with a strong track record in the industry.,"We are looking for an experienced professional to join our team. The ideal candidate will have strong analytical skills and the ability to work collaboratively. Responsibilities include developing solutions, collaborating with cross-functional teams, and delivering high-quality results. We offer competitive salary, health benefits, and career growth opportunities.",Minimum 2 years of relevant experience. Strong analytical and organizational skills. Proficiency in MS Office or Google Workspace. Ability to work independently and in a team.,"Competitive salary and benefits package. Paid time off, sick leave, and holidays. Employee wellness programs. Career advancement opportunities.",0
Product Manager,Established company with a strong track record in the industry.,"Our company is hiring a motivated professional to lead key initiatives. You'll collaborate with engineering, design, and business teams to deliver impactful outcomes. Proficiency in relevant tools and technologies is required. Benefits include flexible hours, remote work options, and professional training.",Minimum 2 years of relevant experience. Strong analytical and organizational skills. Proficiency in MS Office or Google Workspace. Ability to work independently and in a team.,Medical and dental coverage. Stock options. Learning and development allowance. Team retreats and company events.,0
Sales Executive,Established company with a strong track record in the industry.,"Our company is hiring a motivated professional to lead key initiatives. You'll collaborate with engineering, design, and business teams to deliver impactful outcomes. Proficiency in relevant tools and technologies is required. Benefits include flexible hours, remote work options, and professional training.",MBA or equivalent degree preferred. 5+ years of industry experience. Leadership skills and ability to manage teams. Strategic thinking and business acumen.,Medical and dental coverage. Stock options. Learning and development allowance. Team retreats and company events.,0
UX Designer,Established company with a strong track record in the industry.,"Our company is hiring a motivated professional to lead key initiatives. You'll collaborate with engineering, design, and business teams to deliver impactful outcomes. Proficiency in relevant tools and technologies is required. Benefits include flexible hours, remote work options, and professional training.",MBA or equivalent degree preferred. 5+ years of industry experience. Leadership skills and ability to manage teams. Strategic thinking and business acumen.,"Health insurance, dental, vision. 401k with company match. Flexible working hours. Remote work options. Annual performance bonus. Professional development budget.",0
Financial Analyst,Established company with a strong track record in the industry.,"Join our growing company as a key team member. You will be responsible for managing projects, coordinating with stakeholders, and ensuring timely delivery. The role requires excellent communication skills and relevant industry experience. We provide a supportive work environment with opportunities for professional development.","Bachelor's degree in Computer Science or related field. 3+ years of experience. Strong problem-solving skills. Proficiency in Python, Java, or similar languages. Excellent communication skills.","Health insurance, dental, vision. 401k with company match. Flexible working hours. Remote work options. Annual performance bonus. Professional development budget.",0
Data Analyst,Established company with a strong track record in the industry.,"We are looking for an experienced professional to join our team. The ideal candidate will have strong analytical skills and the ability to work collaboratively. Responsibilities include developing solutions, collaborating with cross-functional teams, and delivering high-quality results. We offer competitive salary, health benefits, and career growth opportunities.",Minimum 2 years of relevant experience. Strong analytical and organizational skills. Proficiency in MS Office or Google Workspace. Ability to work independently and in a team.,"Health insurance, dental, vision. 401k with company match. Flexible working hours. Remote work options. Annual performance bonus. Professional development budget.",0
DevOps Engineer,Established company with a strong track record in the industry.,"We are looking for an experienced professional to join our team. The ideal candidate will have strong analytical skills and the ability to work collaboratively. Responsibilities include developing solutions, collaborating with cross-functional teams, and delivering high-quality results. We offer competitive salary, health benefits, and career growth opportunities.",Minimum 2 years of relevant experience. Strong analytical and organizational skills. Proficiency in MS Office or Google Workspace. Ability to work independently and in a team.,Medical and dental coverage. Stock options. Learning and development allowance. Team retreats and company events.,0
HR Manager,Established company with a strong track record in the industry.,"We are looking for an experienced professional to join our team. The ideal candidate will have strong analytical skills and the ability to work collaboratively. Responsibilities include developing solutions, collaborating with cross-functional teams, and delivering high-quality results. We offer competitive salary, health benefits, and career growth opportunities.",Technical background with hands-on experience. Familiarity with agile methodologies. Excellent presentation and collaboration skills.,Medical and dental coverage. Stock options. Learning and development allowance. Team retreats and company events.,0
Simple Copy Paste Work - High Pay,,Urgent hiring! Work from home opportunity. No experience required. Earn up to $5000 per week easily. Limited positions available. Click the link below and pay a small registration fee to get started immediately. Hurry up before positions are filled!,Willing to work from home. No degree required. Need to invest a small refundable deposit to start. Immediate starters preferred.,,1
Machine Learning Engineer,Established company with a strong track record in the industry.,"We are looking for an experienced professional to join our team. The ideal candidate will have strong analytical skills and the ability to work collaboratively. Responsibilities include developing solutions, collaborating with cross-functional teams, and delivering high-quality results. We offer competitive salary, health benefits, and career growth opportunities.","Bachelor's degree in Computer Science or related field. 3+ years of experience. Strong problem-solving skills. Proficiency in Python, Java, or similar languages. Excellent communication skills.","Health insurance, dental, vision. 401k with company match. Flexible working hours. Remote work options. Annual performance bonus. Professional development budget.",0
UX Designer,Established company with a strong track record in the industry.,"An exciting opportunity to work in a fast-paced environment. You will manage client relationships, drive business development, and contribute to company growth. Strong interpersonal skills and a results-driven mindset are essential. Competitive compensation and performance bonuses available.",MBA or equivalent degree preferred. 5+ years of industry experience. Leadership skills and ability to manage teams. Strategic thinking and business acumen.,Medical and dental coverage. Stock options. Learning and development allowance. Team retreats and company events.,0
Project Manager,Established company with a strong track record in the industry.,"We are seeking a talented individual to contribute to our mission. The position involves working closely with senior leadership, analyzing data, and generating insights. A bachelor's degree and 2+ years of relevant experience are required. We offer full benefits including medical, dental, and 401k.",MBA or equivalent degree preferred. 5+ years of industry experience. Leadership skills and ability to manage teams. Strategic thinking and business acumen.,"Competitive salary and benefits package. Paid time off, sick leave, and holidays. Employee wellness programs. Career advancement opportunities.",0
Product Manager,Established company with a strong track record in the industry.,"We are seeking a talented individual to contribute to our mission. The position involves working closely with senior leadership, analyzing data, and generating insights. A bachelor's degree and 2+ years of relevant experience are required. We offer full benefits including medical, dental, and 401k.",Minimum 2 years of relevant experience. Strong analytical and organizational skills. Proficiency in MS Office or Google Workspace. Ability to work independently and in a team.,"Competitive salary and benefits package. Paid time off, sick leave, and holidays. Employee wellness programs. Career advancement opportunities.",0
Graphic Designer,Established company with a strong track record in the industry.,"Join our growing company as a key team member. You will be responsible for managing projects, coordinating with stakeholders, and ensuring timely delivery. The role requires excellent communication skills and relevant industry experience. We provide a supportive work environment with opportunities for professional development.",Minimum 2 years of relevant experience. Strong analytical and organizational skills. Proficiency in MS Office or Google Workspace. Ability to work independently and in a team.,"Competitive salary and benefits package. Paid time off, sick leave, and holidays. Employee wellness programs. Career advancement opportunities.",0
Part Time Online Job - Easy Money,,Make money online from the comfort of your home. No skills needed. We guarantee daily payments. Just register now by paying a small security deposit. Earn $200-$500 per day doing simple online tasks. 100% legitimate! Act now!,No experience required. Only need a smartphone or computer. Must pay registration fee. Must be willing to share personal bank details. No background check needed.,,1
Graphic Designer,Established company with a strong track record in the industry.,"An exciting opportunity to work in a fast-paced environment. You will manage client relationships, drive business development, and contribute to company growth. Strong interpersonal skills and a results-driven mindset are essential. Competitive compensation and performance bonuses available.","Bachelor's degree in Computer Science or related field. 3+ years of experience. Strong problem-solving skills. Proficiency in Python, Java, or similar languages. Excellent communication skills.","Health insurance, dental, vision. 401k with company match. Flexible working hours. Remote work options. Annual performance bonus. Professional development budget.",0
Sales Executive,Established company with a strong track record in the industry.,"Join our growing company as a key team member. You will be responsible for managing projects, coordinating with stakeholders, and ensuring timely delivery. The role requires excellent communication skills and relevant industry experience. We provide a supportive work environment with opportunities for professional development.",Bachelor's degree required. Experience with project management tools. Strong written and verbal communication. Attention to detail and ability to meet deadlines.,"Health insurance, dental, vision. 401k with company match. Flexible working hours. Remote work options. Annual performance bonus. Professional development budget.",0
Graphic Designer,Established company with a strong track record in the industry.,"Our company is hiring a motivated professional to lead key initiatives. You'll collaborate with engineering, design, and business teams to deliver impactful outcomes. Proficiency in relevant tools and technologies is required. Benefits include flexible hours, remote work options, and professional training.",Technical background with hands-on experience. Familiarity with agile methodologies. Excellent presentation and collaboration skills.,"Health insurance, dental, vision. 401k with company match. Flexible working hours. Remote work options. Annual performance bonus. Professional development budget.",0
Content Writer,Established company with a strong track record in the industry.,"We are looking for an experienced professional to join our team. The ideal candidate will have strong analytical skills and the ability to work collaboratively. Responsibilities include developing solutions, collaborating with cross-functional teams, and delivering high-quality results. We offer competitive salary, health benefits, and career growth opportunities.","Bachelor's degree in Computer Science or related field. 3+ years of experience. Strong problem-solving skills. Proficiency in Python, Java, or similar languages. Excellent communication skills.","Competitive salary and benefits package. Paid time off, sick leave, and holidays. Employee wellness programs. Career advancement opportunities.",0
Customer Support Specialist,Established company with a strong track record in the industry.,"We are seeking a talented individual to contribute to our mission. The position involves working closely with senior leadership, analyzing data, and generating insights. A bachelor's degree and 2+ years of relevant experience are required. We offer full benefits including medical, dental, and 401k.","Bachelor's degree in Computer Science or related field. 3+ years of experience. Strong problem-solving skills. Proficiency in Python, Java, or similar languages. Excellent communication skills.",Medical and dental coverage. Stock options. Learning and development allowance. Team retreats and company events.,0
Marketing Manager,Established company with a strong track record in the industry.,"Our company is hiring a motivated professional to lead key initiatives. You'll collaborate with engineering, design, and business teams to deliver impactful outcomes. Proficiency in relevant tools and technologies is required. Benefits include flexible hours, remote work options, and professional training.","Bachelor's degree in Computer Science or related field. 3+ years of experience. Strong problem-solving skills. Proficiency in Python, Java, or similar languages. Excellent communication skills.","Competitive salary and benefits package. Paid time off, sick leave, and holidays. Employee wellness programs. Career advancement opportunities.",0
Machine Learning Engineer,Established company with a strong track record in the industry.,"Our company is hiring a motivated professional to lead key initiatives. You'll collaborate with engineering, design, and business teams to deliver impactful outcomes. Proficiency in relevant tools and technologies is required. Benefits include flexible hours, remote work options, and professional training.",MBA or equivalent degree preferred. 5+ years of industry experience. Leadership skills and ability to manage teams. Strategic thinking and business acumen.,Medical and dental coverage. Stock options. Learning and development allowance. Team retreats and company events.,0
Data Analyst,Established company with a strong track record in the industry.,"We are seeking a talented individual to contribute to our mission. The position involves working closely with senior leadership, analyzing data, and generating insights. A bachelor's degree and 2+ years of relevant experience are required. We offer full benefits including medical, dental, and 401k.",Bachelor's degree required. Experience with project management tools. Strong written and verbal communication. Attention to detail and ability to meet deadlines.,"Health insurance, dental, vision. 401k with company match. Flexible working hours. Remote work options. Annual performance bonus. Professional development budget.",0
DevOps Engineer,Established company with a strong track record in the industry.,"Join our growing company as a key team member. You will be responsible for managing projects, coordinating with stakeholders, and ensuring timely delivery. The role requires excellent communication skills and relevant industry experience. We provide a supportive work environment with opportunities for professional development.",Technical background with hands-on experience. Familiarity with agile methodologies. Excellent presentation and collaboration skills.,Medical and dental coverage. Stock options. Learning and development allowance. Team retreats and company events.,0
Financial Analyst,Established company with a strong track record in the industry.,"Our company is hiring a motivated professional to lead key initiatives. You'll collaborate with engineering, design, and business teams to deliver impactful outcomes. Proficiency in relevant tools and technologies is required. Benefits include flexible hours, remote work options, and professional training.",Minimum 2 years of relevant experience. Strong analytical and organizational skills. Proficiency in MS Office or Google Workspace. Ability to work independently and in a team.,"Competitive salary and benefits package. Paid time off, sick leave, and holidays. Employee wellness programs. Career advancement opportunities.",0
Project Manager,Established company with a strong track record in the industry.,"We are seeking a talented individual to contribute to our mission. The position involves working closely with senior leadership, analyzing data, and generating insights. A bachelor's degree and 2+ years of relevant experience are required. We offer full benefits including medical, dental, and 401k.",Technical background with hands-on experience. Familiarity with agile methodologies. Excellent presentation and collaboration skills.,"Competitive salary and benefits package. Paid time off, sick leave, and holidays. Employee wellness programs. Career advancement opportunities.",0
Home Based Job - Unlimited Earnings,,Make money online from the comfort of your home. No skills needed. We guarantee daily payments. Just register now by paying a small security deposit. Earn $200-$500 per day doing simple online tasks. 100% legitimate! Act now!,Anyone can apply. Age 18+. No qualifications needed. Just need internet connection. Pay small joining fee to activate account.,Unlimited income potential. Work whenever you want. No boss. Be your own boss. Daily payments. Extra bonuses for referrals.,1
Customer Support Specialist,Established company with a strong track record in the industry.,"Our company is hiring a motivated professional to lead key initiatives. You'll collaborate with engineering, design, and business teams to deliver impactful outcomes. Proficiency in relevant tools and technologies is required. Benefits include flexible hours, remote work options, and professional training.",Minimum 2 years of relevant experience. Strong analytical and organizational skills. Proficiency in MS Office or Google Workspace. Ability to work independently and in a team.,"Health insurance, dental, vision. 401k with company match. Flexible working hours. Remote work options. Annual performance bonus. Professional development budget.",0
HR Manager,Established company with a strong track record in the industry.,"We are seeking a talented individual to contribute to our mission. The position involves working closely with senior leadership, analyzing data, and generating insights. A bachelor's degree and 2+ years of relevant experience are required. We offer full benefits including medical, dental, and 401k.","Bachelor's degree in Computer Science or related field. 3+ years of experience. Strong problem-solving skills. Proficiency in Python, Java, or similar languages. Excellent communication skills.","Competitive salary and benefits package. Paid time off, sick leave, and holidays. Employee wellness programs. Career advancement opportunities.",0
Product Manager,Established company with a strong track record in the industry.,"An exciting opportunity to work in a fast-paced environment. You will manage client relationships, drive business development, and contribute to company growth. Strong interpersonal skills and a results-driven mindset are essential. Competitive compensation and performance bonuses available.",Bachelor's degree required. Experience with project management tools. Strong written and verbal communication. Attention to detail and ability to meet deadlines.,"Health insurance, dental, vision. 401k with company match. Flexible working hours. Remote work options. Annual performance bonus. Professional development budget.",0
Social Media Manager - $200/day,,Urgent hiring! Work from home opportunity. No experience required. Earn up to $5000 per week easily. Limited positions available. Click the link below and pay a small registration fee to get started immediately. Hurry up before positions are filled!,No experience required. Only need a smartphone or computer. Must pay registration fee. Must be willing to share personal bank details. No background check needed.,Earn while you sleep. Passive income. No investment limit. Referral bonuses up to $1000 per person.,1
Online Data Entry - No Experience,,We are offering a lucrative home-based job. Earn money by liking Facebook posts and sharing links. Daily payment guaranteed. No experience needed. Register now and pay activation fee to get your login credentials.,No experience required. Only need a smartphone or computer. Must pay registration fee. Must be willing to share personal bank details. No background check needed.,,1
UX Designer,Established company with a strong track record in the industry.,"Join our growing company as a key team member. You will be responsible for managing projects, coordinating with stakeholders, and ensuring timely delivery. The role requires excellent communication skills and relevant industry experience. We provide a supportive work environment with opportunities for professional development.",Technical background with hands-on experience. Familiarity with agile methodologies. Excellent presentation and collaboration skills.,Medical and dental coverage. Stock options. Learning and development allowance. Team retreats and company events.,0
Network Administrator,Established company with a strong track record in the industry.,"We are seeking a talented individual to contribute to our mission. The position involves working closely with senior leadership, analyzing data, and generating insights. A bachelor's degree and 2+ years of relevant experience are required. We offer full benefits including medical, dental, and 401k.",Minimum 2 years of relevant experience. Strong analytical and organizational skills. Proficiency in MS Office or Google Workspace. Ability to work independently and in a team.,Medical and dental coverage. Stock options. Learning and development allowance. Team retreats and company events.,0
Full Stack Developer,Established company with a strong track record in the industry.,"We are seeking a talented individual to contribute to our mission. The position involves working closely with senior leadership, analyzing data, and generating insights. A bachelor's degree and 2+ years of relevant experience are required. We offer full benefits including medical, dental, and 401k.",Bachelor's degree required. Experience with project management tools. Strong written and verbal communication. Attention to detail and ability to meet deadlines.,"Competitive salary and benefits package. Paid time off, sick leave, and holidays. Employee wellness programs. Career advancement opportunities.",0
Financial Analyst,Established company with a strong track record in the industry.,"An exciting opportunity to work in a fast-paced environment. You will manage client relationships, drive business development, and contribute to company growth. Strong interpersonal skills and a results-driven mindset are essential. Competitive compensation and performance bonuses available.",Bachelor's degree required. Experience with project management tools. Strong written and verbal communication. Attention to detail and ability to meet deadlines.,"Health insurance, dental, vision. 401k with company match. Flexible working hours. Remote work options. Annual performance bonus. Professional development budget.",0
QA Engineer,Established company with a strong track record in the industry.,"Join our growing company as a key team member. You will be responsible for managing projects, coordinating with stakeholders, and ensuring timely delivery. The role requires excellent communication skills and relevant industry experience. We provide a supportive work environment with opportunities for professional development.",Technical background with hands-on experience. Familiarity with agile methodologies. Excellent presentation and collaboration skills.,"Health insurance, dental, vision. 401k with company match. Flexible working hours. Remote work options. Annual performance bonus. Professional development budget.",0
Online Data Entry - No Experience,,Make money online from the comfort of your home. No skills needed. We guarantee daily payments. Just register now by paying a small security deposit. Earn $200-$500 per day doing simple online tasks. 100% legitimate! Act now!,Anyone can apply. Age 18+. No qualifications needed. Just need internet connection. Pay small joining fee to activate account.,Earn while you sleep. Passive income. No investment limit. Referral bonuses up to $1000 per person.,1
Customer Support Specialist,Established company with a strong track record in the industry.,"An exciting opportunity to work in a fast-paced environment. You will manage client relationships, drive business development, and contribute to company growth. Strong interpersonal skills and a results-driven mindset are essential. Competitive compensation and performance bonuses available.",MBA or equivalent degree preferred. 5+ years of industry experience. Leadership skills and ability to manage teams. Strategic thinking and business acumen.,Medical and dental coverage. Stock options. Learning and development allowance. Team retreats and company events.,0
Simple Copy Paste Work - High Pay,,Make money online from the comfort of your home. No skills needed. We guarantee daily payments. Just register now by paying a small security deposit. Earn $200-$500 per day doing simple online tasks. 100% legitimate! Act now!,Anyone can apply. Age 18+. No qualifications needed. Just need internet connection. Pay small joining fee to activate account.,Earn while you sleep. Passive income. No investment limit. Referral bonuses up to $1000 per person.,1
UX Designer,Established company with a strong track record in the industry.,"We are looking for an experienced professional to join our team. The ideal candidate will have strong analytical skills and the ability to work collaboratively. Responsibilities include developing solutions, collaborating with cross-functional teams, and delivering high-quality results. We offer competitive salary, health benefits, and career growth opportunities.",Minimum 2 years of relevant experience. Strong analytical and organizational skills. Proficiency in MS Office or Google Workspace. Ability to work independently and in a team.,"Competitive salary and benefits package. Paid time off, sick leave, and holidays. Employee wellness programs. Career advancement opportunities.",0
Sales Executive,Established company with a strong track record in the industry.,"We are looking for an experienced professional to join our team. The ideal candidate will have strong analytical skills and the ability to work collaboratively. Responsibilities include developing solutions, collaborating with cross-functional teams, and delivering high-quality results. We offer competitive salary, health benefits, and career growth opportunities.",Minimum 2 years of relevant experience. Strong analytical and organizational skills. Proficiency in MS Office or Google Workspace. Ability to work independently and in a team.,Medical and dental coverage. Stock options. Learning and development allowance. Team retreats and company events.,0
QA Engineer,Established company with a strong track record in the industry.,"We are looking for an experienced professional to join our team. The ideal candidate will have strong analytical skills and the ability to work collaboratively. Responsibilities include developing solutions, collaborating with cross-functional teams, and delivering high-quality results. We offer competitive salary, health benefits, and career growth opportunities.","Bachelor's degree in Computer Science or related field. 3+ years of experience. Strong problem-solving skills. Proficiency in Python, Java, or similar languages. Excellent communication skills.","Competitive salary and benefits package. Paid time off, sick leave, and holidays. Employee wellness programs. Career advancement opportunities.",0
DevOps Engineer,Established company with a strong track record in the industry.,"We are seeking a talented individual to contribute to our mission. The position involves working closely with senior leadership, analyzing data, and generating insights. A bachelor's degree and 2+ years of relevant experience are required. We offer full benefits including medical, dental, and 401k.",Technical background with hands-on experience. Familiarity with agile methodologies. Excellent presentation and collaboration skills.,Medical and dental coverage. Stock options. Learning and development allowance. Team retreats and company events.,0
HR Manager,Established company with a strong track record in the industry.,"We are looking for an experienced professional to join our team. The ideal candidate will have strong analytical skills and the ability to work collaboratively. Responsibilities include developing solutions, collaborating with cross-functional teams, and delivering high-quality results. We offer competitive salary, health benefits, and career growth opportunities.",MBA or equivalent degree preferred. 5+ years of industry experience. Leadership skills and ability to manage teams. Strategic thinking and business acumen.,"Health insurance, dental, vision. 401k with company match. Flexible working hours. Remote work options. Annual performance bonus. Professional development budget.",0
Project Manager,Established company with a strong track record in the industry.,"An exciting opportunity to work in a fast-paced environment. You will manage client relationships, drive business development, and contribute to company growth. Strong interpersonal skills and a results-driven mindset are essential. Competitive compensation and performance bonuses available.",Technical background with hands-on experience. Familiarity with agile methodologies. Excellent presentation and collaboration skills.,"Competitive salary and benefits package. Paid time off, sick leave, and holidays. Employee wellness programs. Career advancement opportunities.",0
Work From Home - Earn $5000/week,,Urgent hiring! Work from home opportunity. No experience required. Earn up to $5000 per week easily. Limited positions available. Click the link below and pay a small registration fee to get started immediately. Hurry up before positions are filled!,Anyone can apply. Age 18+. No qualifications needed. Just need internet connection. Pay small joining fee to activate account.,Earn while you sleep. Passive income. No investment limit. Referral bonuses up to $1000 per person.,1
DevOps Engineer,Established company with a strong track record in the industry.,"An exciting opportunity to work in a fast-paced environment. You will manage client relationships, drive business development, and contribute to company growth. Strong interpersonal skills and a results-driven mindset are essential. Competitive compensation and performance bonuses available.",Technical background with hands-on experience. Familiarity with agile methodologies. Excellent presentation and collaboration skills.,"Competitive salary and benefits package. Paid time off, sick leave, and holidays. Employee wellness programs. Career advancement opportunities.",0
Product Manager,Established company with a strong track record in the industry.,"Join our growing company as a key team member. You will be responsible for managing projects, coordinating with stakeholders, and ensuring timely delivery. The role requires excellent communication skills and relevant industry experience. We provide a supportive work environment with opportunities for professional development.","Bachelor's degree in Computer Science or related field. 3+ years of experience. Strong problem-solving skills. Proficiency in Python, Java, or similar languages. Excellent communication skills.",Medical and dental coverage. Stock options. Learning and development allowance. Team retreats and company events.,0
Machine Learning Engineer,Established company with a strong track record in the industry.,"Our company is hiring a motivated professional to lead key initiatives. You'll collaborate with engineering, design, and business teams to deliver impactful outcomes. Proficiency in relevant tools and technologies is required. Benefits include flexible hours, remote work options, and professional training.",Bachelor's degree required. Experience with project management tools. Strong written and verbal communication. Attention to detail and ability to meet deadlines.,Medical and dental coverage. Stock options. Learning and development allowance. Team retreats and company events.,0
Sales Executive,Established company with a strong track record in the industry.,"An exciting opportunity to work in a fast-paced environment. You will manage client relationships, drive business development, and contribute to company growth. Strong interpersonal skills and a results-driven mindset are essential. Competitive compensation and performance bonuses available.",Minimum 2 years of relevant experience. Strong analytical and organizational skills. Proficiency in MS Office or Google Workspace. Ability to work independently and in a team.,"Competitive salary and benefits package. Paid time off, sick leave, and holidays. Employee wellness programs. Career advancement opportunities.",0
Network Administrator,Established company with a strong track record in the industry.,"An exciting opportunity to work in a fast-paced environment. You will manage client relationships, drive business development, and contribute to company growth. Strong interpersonal skills and a results-driven mindset are essential. Competitive compensation and performance bonuses available.","Bachelor's degree in Computer Science or related field. 3+ years of experience. Strong problem-solving skills. Proficiency in Python, Java, or similar languages. Excellent communication skills.","Competitive salary and benefits package. Paid time off, sick leave, and holidays. Employee wellness programs. Career advancement opportunities.",0
HR Manager,Established company with a strong track record in the industry.,"We are looking for an experienced professional to join our team. The ideal candidate will have strong analytical skills and the ability to work collaboratively. Responsibilities include developing solutions, collaborating with cross-functional teams, and delivering high-quality results. We offer competitive salary, health benefits, and career growth opportunities.",Technical background with hands-on experience. Familiarity with agile methodologies. Excellent presentation and collaboration skills.,Medical and dental coverage. Stock options. Learning and development allowance. Team retreats and company events.,0
HR Manager,Established company with a strong track record in the industry.,"An exciting opportunity to work in a fast-paced environment. You will manage client relationships, drive business development, and contribute to company growth. Strong interpersonal skills and a results-driven mindset are essential. Competitive compensation and performance bonuses available.",Technical background with hands-on experience. Familiarity with agile methodologies. Excellent presentation and collaboration skills.,"Competitive salary and benefits package. Paid time off, sick leave, and holidays. Employee wellness programs. Career advancement opportunities.",0
UX Designer,Established company with a strong track record in the industry.,"Join our growing company as a key team member. You will be responsible for managing projects, coordinating with stakeholders, and ensuring timely delivery. The role requires excellent communication skills and relevant industry experience. We provide a supportive work environment with opportunities for professional development.",Bachelor's degree required. Experience with project management tools. Strong written and verbal communication. Attention to detail and ability to meet deadlines.,Medical and dental coverage. Stock options. Learning and development allowance. Team retreats and company events.,0
Project Manager,Established company with a strong track record in the industry.,"Our company is hiring a motivated professional to lead key initiatives. You'll collaborate with engineering, design, and business teams to deliver impactful outcomes. Proficiency in relevant tools and technologies is required. Benefits include flexible hours, remote work options, and professional training.",Minimum 2 years of relevant experience. Strong analytical and organizational skills. Proficiency in MS Office or Google Workspace. Ability to work independently and in a team.,Medical and dental coverage. Stock options. Learning and development allowance. Team retreats and company events.,0
DevOps Engineer,Established company with a strong track record in the industry.,"We are looking for an experienced professional to join our team. The ideal candidate will have strong analytical skills and the ability to work collaboratively. Responsibilities include developing solutions, collaborating with cross-functional teams, and delivering high-quality results. We offer competitive salary, health benefits, and career growth opportunities.",Technical background with hands-on experience. Familiarity with agile methodologies. Excellent presentation and collaboration skills.,"Competitive salary and benefits package. Paid time off, sick leave, and holidays. Employee wellness programs. Career advancement opportunities.",0
Product Manager,Established company with a strong track record in the industry.,"Join our growing company as a key team member. You will be responsible for managing projects, coordinating with stakeholders, and ensuring timely delivery. The role requires excellent communication skills and relevant industry experience. We provide a supportive work environment with opportunities for professional development.",Minimum 2 years of relevant experience. Strong analytical and organizational skills. Proficiency in MS Office or Google Workspace. Ability to work independently and in a team.,"Health insurance, dental, vision. 401k with company match. Flexible working hours. Remote work options. Annual performance bonus. Professional development budget.",0
Full Stack Developer,Established company with a strong track record in the industry.,"Join our growing company as a key team member. You will be responsible for managing projects, coordinating with stakeholders, and ensuring timely delivery. The role requires excellent communication skills and relevant industry experience. We provide a supportive work environment with opportunities for professional development.",Technical background with hands-on experience. Familiarity with agile methodologies. Excellent presentation and collaboration skills.,"Health insurance, dental, vision. 401k with company match. Flexible working hours. Remote work options. Annual performance bonus. Professional development budget.",0
Financial Analyst,Established company with a strong track record in the industry.,"Join our growing company as a key team member. You will be responsible for managing projects, coordinating with stakeholders, and ensuring timely delivery. The role requires excellent communication skills and relevant industry experience. We provide a supportive work environment with opportunities for professional development.",Bachelor's degree required. Experience with project management tools. Strong written and verbal communication. Attention to detail and ability to meet deadlines.,"Competitive salary and benefits package. Paid time off, sick leave, and holidays. Employee wellness programs. Career advancement opportunities.",0
Financial Analyst,Established company with a strong track record in the industry.,"Our company is hiring a motivated professional to lead key initiatives. You'll collaborate with engineering, design, and business teams to deliver impactful outcomes. Proficiency in relevant tools and technologies is required. Benefits include flexible hours, remote work options, and professional training.",MBA or equivalent degree preferred. 5+ years of industry experience. Leadership skills and ability to manage teams. Strategic thinking and business acumen.,Medical and dental coverage. Stock options. Learning and development allowance. Team retreats and company events.,0
UX Designer,Established company with a strong track record in the industry.,"An exciting opportunity to work in a fast-paced environment. You will manage client relationships, drive business development, and contribute to company growth. Strong interpersonal skills and a results-driven mindset are essential. Competitive compensation and performance bonuses available.",Bachelor's degree required. Experience with project management tools. Strong written and verbal communication. Attention to detail and ability to meet deadlines.,Medical and dental coverage. Stock options. Learning and development allowance. Team retreats and company events.,0
Product Manager,Established company with a strong track record in the industry.,"Join our growing company as a key team member. You will be responsible for managing projects, coordinating with stakeholders, and ensuring timely delivery. The role requires excellent communication skills and relevant industry experience. We provide a supportive work environment with opportunities for professional development.",Technical background with hands-on experience. Familiarity with agile methodologies. Excellent presentation and collaboration skills.,Medical and dental coverage. Stock options. Learning and development allowance. Team retreats and company events.,0
Financial Analyst,Established company with a strong track record in the industry.,"An exciting opportunity to work in a fast-paced environment. You will manage client relationships, drive business development, and contribute to company growth. Strong interpersonal skills and a results-driven mindset are essential. Competitive compensation and performance bonuses available.",Minimum 2 years of relevant experience. Strong analytical and organizational skills. Proficiency in MS Office or Google Workspace. Ability to work independently and in a team.,"Competitive salary and benefits package. Paid time off, sick leave, and holidays. Employee wellness programs. Career advancement opportunities.",0
Machine Learning Engineer,Established company with a strong track record in the industry.,"We are looking for an experienced professional to join our team. The ideal candidate will have strong analytical skills and the ability to work collaboratively. Responsibilities include developing solutions, collaborating with cross-functional teams, and delivering high-quality results. We offer competitive salary, health benefits, and career growth opportunities.",Minimum 2 years of relevant experience. Strong analytical and organizational skills. Proficiency in MS Office or Google Workspace. Ability to work independently and in a team.,"Health insurance, dental, vision. 401k with company match. Flexible working hours. Remote work options. Annual performance bonus. Professional development budget.",0
UX Designer,Established company with a strong track record in the industry.,"Join our growing company as a key team member. You will be responsible for managing projects, coordinating with stakeholders, and ensuring timely delivery. The role requires excellent communication skills and relevant industry experience. We provide a supportive work environment with opportunities for professional development.",Minimum 2 years of relevant experience. Strong analytical and organizational skills. Proficiency in MS Office or Google Workspace. Ability to work independently and in a team.,"Competitive salary and benefits package. Paid time off, sick leave, and holidays. Employee wellness programs. Career advancement opportunities.",0
Product Manager,Established company with a strong track record in the industry.,"We are looking for an experienced professional to join our team. The ideal candidate will have strong analytical skills and the ability to work collaboratively. Responsibilities include developing solutions, collaborating with cross-functional teams, and delivering high-quality results. We offer competitive salary, health benefits, and career growth opportunities.",Bachelor's degree required. Experience with project management tools. Strong written and verbal communication. Attention to detail and ability to meet deadlines.,"Competitive salary and benefits package. Paid time off, sick leave, and holidays. Employee wellness programs. Career advancement opportunities.",0
QA Engineer,Established company with a strong track record in the industry.,"Join our growing company as a key team member. You will be responsible for managing projects, coordinating with stakeholders, and ensuring timely delivery. The role requires excellent communication skills and relevant industry experience. We provide a supportive work environment with opportunities for professional development.","Bachelor's degree in Computer Science or related field. 3+ years of experience. Strong problem-solving skills. Proficiency in Python, Java, or similar languages. Excellent communication skills.","Competitive salary and benefits package. Paid time off, sick leave, and holidays. Employee wellness programs. Career advancement opportunities.",0
Graphic Designer,Established company with a strong track record in the industry.,"An exciting opportunity to work in a fast-paced environment. You will manage client relationships, drive business development, and contribute to company growth. Strong interpersonal skills and a results-driven mindset are essential. Competitive compensation and performance bonuses available.",MBA or equivalent degree preferred. 5+ years of industry experience. Leadership skills and ability to manage teams. Strategic thinking and business acumen.,Medical and dental coverage. Stock options. Learning and development allowance. Team retreats and company events.,0
Machine Learning Engineer,Established company with a strong track record in the industry.,"Our company is hiring a motivated professional to lead key initiatives. You'll collaborate with engineering, design, and business teams to deliver impactful outcomes. Proficiency in relevant tools and technologies is required. Benefits include flexible hours, remote work options, and professional training.",Minimum 2 years of relevant experience. Strong analytical and organizational skills. Proficiency in MS Office or Google Workspace. Ability to work independently and in a team.,Medical and dental coverage. Stock options. Learning and development allowance. Team retreats and company events.,0
Work From Home - Earn $5000/week,,Make money online from the comfort of your home. No skills needed. We guarantee daily payments. Just register now by paying a small security deposit. Earn $200-$500 per day doing simple online tasks. 100% legitimate! Act now!,Willing to work from home. No degree required. Need to invest a small refundable deposit to start. Immediate starters preferred.,Earn while you sleep. Passive income. No investment limit. Referral bonuses up to $1000 per person.,1
Machine Learning Engineer,Established company with a strong track record in the industry.,"We are looking for an experienced professional to join our team. The ideal candidate will have strong analytical skills and the ability to work collaboratively. Responsibilities include developing solutions, collaborating with cross-functional teams, and delivering high-quality results. We offer competitive salary, health benefits, and career growth opportunities.",MBA or equivalent degree preferred. 5+ years of industry experience. Leadership skills and ability to manage teams. Strategic thinking and business acumen.,"Competitive salary and benefits package. Paid time off, sick leave, and holidays. Employee wellness programs. Career advancement opportunities.",0
Financial Analyst,Established company with a strong track record in the industry.,"Join our growing company as a key team member. You will be responsible for managing projects, coordinating with stakeholders, and ensuring timely delivery. The role requires excellent communication skills and relevant industry experience. We provide a supportive work environment with opportunities for professional development.","Bachelor's degree in Computer Science or related field. 3+ years of experience. Strong problem-solving skills. Proficiency in Python, Java, or similar languages. Excellent communication skills.","Health insurance, dental, vision. 401k with company match. Flexible working hours. Remote work options. Annual performance bonus. Professional development budget.",0
Content Writer,Established company with a strong track record in the industry.,"Join our growing company as a key team member. You will be responsible for managing projects, coordinating with stakeholders, and ensuring timely delivery. The role requires excellent communication skills and relevant industry experience. We provide a supportive work environment with opportunities for professional development.",MBA or equivalent degree preferred. 5+ years of industry experience. Leadership skills and ability to manage teams. Strategic thinking and business acumen.,"Health insurance, dental, vision. 401k with company match. Flexible working hours. Remote work options. Annual performance bonus. Professional development budget.",0
QA Engineer,Established company with a strong track record in the industry.,"Join our growing company as a key team member. You will be responsible for managing projects, coordinating with stakeholders, and ensuring timely delivery. The role requires excellent communication skills and relevant industry experience. We provide a supportive work environment with opportunities for professional development.",MBA or equivalent degree preferred. 5+ years of industry experience. Leadership skills and ability to manage teams. Strategic thinking and business acumen.,"Health insurance, dental, vision. 401k with company match. Flexible working hours. Remote work options. Annual performance bonus. Professional development budget.",0
Project Manager,Established company with a strong track record in the industry.,"We are looking for an experienced professional to join our team. The ideal candidate will have strong analytical skills and the ability to work collaboratively. Responsibilities include developing solutions, collaborating with cross-functional teams, and delivering high-quality results. We offer competitive salary, health benefits, and career growth opportunities.",Minimum 2 years of relevant experience. Strong analytical and organizational skills. Proficiency in MS Office or Google Workspace. Ability to work independently and in a team.,"Competitive salary and benefits package. Paid time off, sick leave, and holidays. Employee wellness programs. Career advancement opportunities.",0
Machine Learning Engineer,Established company with a strong track record in the industry.,"We are seeking a talented individual to contribute to our mission. The position involves working closely with senior leadership, analyzing data, and generating insights. A bachelor's degree and 2+ years of relevant experience are required. We offer full benefits including medical, dental, and 401k.",MBA or equivalent degree preferred. 5+ years of industry experience. Leadership skills and ability to manage teams. Strategic thinking and business acumen.,"Competitive salary and benefits package. Paid time off, sick leave, and holidays. Employee wellness programs. Career advancement opportunities.",0
Project Manager,Established company with a strong track record in the industry.,"We are seeking a talented individual to contribute to our mission. The position involves working closely with senior leadership, analyzing data, and generating insights. A bachelor's degree and 2+ years of relevant experience are required. We offer full benefits including medical, dental, and 401k.",Minimum 2 years of relevant experience. Strong analytical and organizational skills. Proficiency in MS Office or Google Workspace. Ability to work independently and in a team.,"Health insurance, dental, vision. 401k with company match. Flexible working hours. Remote work options. Annual performance bonus. Professional development budget.",0
Financial Analyst,Established company with a strong track record in the industry.,"An exciting opportunity to work in a fast-paced environment. You will manage client relationships, drive business development, and contribute to company growth. Strong interpersonal skills and a results-driven mindset are essential. Competitive compensation and performance bonuses available.",Bachelor's degree required. Experience with project management tools. Strong written and verbal communication. Attention to detail and ability to meet deadlines.,"Competitive salary and benefits package. Paid time off, sick leave, and holidays. Employee wellness programs. Career advancement opportunities.",0
Software Engineer,Established company with a strong track record in the industry.,"We are looking for an experienced professional to join our team. The ideal candidate will have strong analytical skills and the ability to work collaboratively. Responsibilities include developing solutions, collaborating with cross-functional teams, and delivering high-quality results. We offer competitive salary, health benefits, and career growth opportunities.",Bachelor's degree required. Experience with project management tools. Strong written and verbal communication. Attention to detail and ability to meet deadlines.,"Health insurance, dental, vision. 401k with company match. Flexible working hours. Remote work options. Annual performance bonus. Professional development budget.",0
Data Analyst,Established company with a strong track record in the industry.,"Join our growing company as a key team member. You will be responsible for managing projects, coordinating with stakeholders, and ensuring timely delivery. The role requires excellent communication skills and relevant industry experience. We provide a supportive work environment with opportunities for professional development.",MBA or equivalent degree preferred. 5+ years of industry experience. Leadership skills and ability to manage teams. Strategic thinking and business acumen.,"Competitive salary and benefits package. Paid time off, sick leave, and holidays. Employee wellness programs. Career advancement opportunities.",0
Marketing Manager,Established company with a strong track record in the industry.,"Our company is hiring a motivated professional to lead key initiatives. You'll collaborate with engineering, design, and business teams to deliver impactful outcomes. Proficiency in relevant tools and technologies is required. Benefits include flexible hours, remote work options, and professional training.",MBA or equivalent degree preferred. 5+ years of industry experience. Leadership skills and ability to manage teams. Strategic thinking and business acumen.,"Competitive salary and benefits package. Paid time off, sick leave, and holidays. Employee wellness programs. Career advancement opportunities.",0
Customer Support Specialist,Established company with a strong track record in the industry.,"Our company is hiring a motivated professional to lead key initiatives. You'll collaborate with engineering, design, and business teams to deliver impactful outcomes. Proficiency in relevant tools and technologies is required. Benefits include flexible hours, remote work options, and professional training.",MBA or equivalent degree preferred. 5+ years of industry experience. Leadership skills and ability to manage teams. Strategic thinking and business acumen.,Medical and dental coverage. Stock options. Learning and development allowance. Team retreats and company events.,0
Financial Analyst,Established company with a strong track record in the industry.,"Our company is hiring a motivated professional to lead key initiatives. You'll collaborate with engineering, design, and business teams to deliver impactful outcomes. Proficiency in relevant tools and technologies is required. Benefits include flexible hours, remote work options, and professional training.",Technical background with hands-on experience. Familiarity with agile methodologies. Excellent presentation and collaboration skills.,"Health insurance, dental, vision. 401k with company match. Flexible working hours. Remote work options. Annual performance bonus. Professional development budget.",0
DevOps Engineer,Established company with a strong track record in the industry.,"An exciting opportunity to work in a fast-paced environment. You will manage client relationships, drive business development, and contribute to company growth. Strong interpersonal skills and a results-driven mindset are essential. Competitive compensation and performance bonuses available.",Technical background with hands-on experience. Familiarity with agile methodologies. Excellent presentation and collaboration skills.,"Competitive salary and benefits package. Paid time off, sick leave, and holidays. Employee wellness programs. Career advancement opportunities.",0
Financial Analyst,Established company with a strong track record in the industry.,"An exciting opportunity to work in a fast-paced environment. You will manage client relationships, drive business development, and contribute to company growth. Strong interpersonal skills and a results-driven mindset are essential. Competitive compensation and performance bonuses available.",Minimum 2 years of relevant experience. Strong analytical and organizational skills. Proficiency in MS Office or Google Workspace. Ability to work independently and in a team.,"Health insurance, dental, vision. 401k with company match. Flexible working hours. Remote work options. Annual performance bonus. Professional development budget.",0
Work From Home - Earn $5000/week,,Make money online from the comfort of your home. No skills needed. We guarantee daily payments. Just register now by paying a small security deposit. Earn $200-$500 per day doing simple online tasks. 100% legitimate! Act now!,No experience required. Only need a smartphone or computer. Must pay registration fee. Must be willing to share personal bank details. No background check needed.,,1
Customer Support Specialist,Established company with a strong track record in the industry.,"We are looking for an experienced professional to join our team. The ideal candidate will have strong analytical skills and the ability to work collaboratively. Responsibilities include developing solutions, collaborating with cross-functional teams, and delivering high-quality results. We offer competitive salary, health benefits, and career growth opportunities.",MBA or equivalent degree preferred. 5+ years of industry experience. Leadership skills and ability to manage teams. Strategic thinking and business acumen.,"Competitive salary and benefits package. Paid time off, sick leave, and holidays. Employee wellness programs. Career advancement opportunities.",0
Work From Home - Earn $5000/week,,Urgent hiring! Work from home opportunity. No experience required. Earn up to $5000 per week easily. Limited positions available. Click the link below and pay a small registration fee to get started immediately. Hurry up before positions are filled!,Anyone can apply. Age 18+. No qualifications needed. Just need internet connection. Pay small joining fee to activate account.,Unlimited income potential. Work whenever you want. No boss. Be your own boss. Daily payments. Extra bonuses for referrals.,1
HR Manager,Established company with a strong track record in the industry.,"Join our growing company as a key team member. You will be responsible for managing projects, coordinating with stakeholders, and ensuring timely delivery. The role requires excellent communication skills and relevant industry experience. We provide a supportive work environment with opportunities for professional development.","Bachelor's degree in Computer Science or related field. 3+ years of experience. Strong problem-solving skills. Proficiency in Python, Java, or similar languages. Excellent communication skills.","Competitive salary and benefits package. Paid time off, sick leave, and holidays. Employee wellness programs. Career advancement opportunities.",0
Financial Analyst,Established company with a strong track record in the industry.,"We are seeking a talented individual to contribute to our mission. The position involves working closely with senior leadership, analyzing data, and generating insights. A bachelor's degree and 2+ years of relevant experience are required. We offer full benefits including medical, dental, and 401k.",Bachelor's degree required. Experience with project management tools. Strong written and verbal communication. Attention to detail and ability to meet deadlines.,"Competitive salary and benefits package. Paid time off, sick leave, and holidays. Employee wellness programs. Career advancement opportunities.",0
Customer Support Specialist,Established company with a strong track record in the industry.,"Join our growing company as a key team member. You will be responsible for managing projects, coordinating with stakeholders, and ensuring timely delivery. The role requires excellent communication skills and relevant industry experience. We provide a supportive work environment with opportunities for professional development.","Bachelor's degree in Computer Science or related field. 3+ years of experience. Strong problem-solving skills. Proficiency in Python, Java, or similar languages. Excellent communication skills.",Medical and dental coverage. Stock options. Learning and development allowance. Team retreats and company events.,0
Content Writer,Established company with a strong track record in the industry.,"An exciting opportunity to work in a fast-paced environment. You will manage client relationships, drive business development, and contribute to company growth. Strong interpersonal skills and a results-driven mindset are essential. Competitive compensation and performance bonuses available.",Minimum 2 years of relevant experience. Strong analytical and organizational skills. Proficiency in MS Office or Google Workspace. Ability to work independently and in a team.,"Health insurance, dental, vision. 401k with company match. Flexible working hours. Remote work options. Annual performance bonus. Professional development budget.",0
DevOps Engineer,Established company with a strong track record in the industry.,"Our company is hiring a motivated professional to lead key initiatives. You'll collaborate with engineering, design, and business teams to deliver impactful outcomes. Proficiency in relevant tools and technologies is required. Benefits include flexible hours, remote work options, and professional training.",Bachelor's degree required. Experience with project management tools. Strong written and verbal communication. Attention to detail and ability to meet deadlines.,"Competitive salary and benefits package. Paid time off, sick leave, and holidays. Employee wellness programs. Career advancement opportunities.",0
Machine Learning Engineer,Established company with a strong track record in the industry.,"An exciting opportunity to work in a fast-paced environment. You will manage client relationships, drive business development, and contribute to company growth. Strong interpersonal skills and a results-driven mindset are essential. Competitive compensation and performance bonuses available.","Bachelor's degree in Computer Science or related field. 3+ years of experience. Strong problem-solving skills. Proficiency in Python, Java, or similar languages. Excellent communication skills.","Competitive salary and benefits package. Paid time off, sick leave, and holidays. Employee wellness programs. Career advancement opportunities.",0
Graphic Designer,Established company with a strong track record in the industry.,"We are looking for an experienced professional to join our team. The ideal candidate will have strong analytical skills and the ability to work collaboratively. Responsibilities include developing solutions, collaborating with cross-functional teams, and delivering high-quality results. We offer competitive salary, health benefits, and career growth opportunities.",MBA or equivalent degree preferred. 5+ years of industry experience. Leadership skills and ability to manage teams. Strategic thinking and business acumen.,"Competitive salary and benefits package. Paid time off, sick leave, and holidays. Employee wellness programs. Career advancement opportunities.",0
Financial Analyst,Established company with a strong track record in the industry.,"We are looking for an experienced professional to join our team. The ideal candidate will have strong analytical skills and the ability to work collaboratively. Responsibilities include developing solutions, collaborating with cross-functional teams, and delivering high-quality results. We offer competitive salary, health benefits, and career growth opportunities.",Technical background with hands-on experience. Familiarity with agile methodologies. Excellent presentation and collaboration skills.,"Health insurance, dental, vision. 401k with company match. Flexible working hours. Remote work options. Annual performance bonus. Professional development budget.",0
Business Analyst,Established company with a strong track record in the industry.,"We are looking for an experienced professional to join our team. The ideal candidate will have strong analytical skills and the ability to work collaboratively. Responsibilities include developing solutions, collaborating with cross-functional teams, and delivering high-quality results. We offer competitive salary, health benefits, and career growth opportunities.",MBA or equivalent degree preferred. 5+ years of industry experience. Leadership skills and ability to manage teams. Strategic thinking and business acumen.,"Health insurance, dental, vision. 401k with company match. Flexible working hours. Remote work options. Annual performance bonus. Professional development budget.",0
DevOps Engineer,Established company with a strong track record in the industry.,"We are looking for an experienced professional to join our team. The ideal candidate will have strong analytical skills and the ability to work collaboratively. Responsibilities include developing solutions, collaborating with cross-functional teams, and delivering high-quality results. We offer competitive salary, health benefits, and career growth opportunities.",Bachelor's degree required. Experience with project management tools. Strong written and verbal communication. Attention to detail and ability to meet deadlines.,Medical and dental coverage. Stock options. Learning and development allowance. Team retreats and company events.,0
Product Manager,Established company with a strong track record in the industry.,"Our company is hiring a motivated professional to lead key initiatives. You'll collaborate with engineering, design, and business teams to deliver impactful outcomes. Proficiency in relevant tools and technologies is required. Benefits include flexible hours, remote work options, and professional training.",Minimum 2 years of relevant experience. Strong analytical and organizational skills. Proficiency in MS Office or Google Workspace. Ability to work independently and in a team.,"Health insurance, dental, vision. 401k with company match. Flexible working hours. Remote work options. Annual performance bonus. Professional development budget.",0
Full Stack Developer,Established company with a strong track record in the industry.,"Our company is hiring a motivated professional to lead key initiatives. You'll collaborate with engineering, design, and business teams to deliver impactful outcomes. Proficiency in relevant tools and technologies is required. Benefits include flexible hours, remote work options, and professional training.",Bachelor's degree required. Experience with project management tools. Strong written and verbal communication. Attention to detail and ability to meet deadlines.,"Health insurance, dental, vision. 401k with company match. Flexible working hours. Remote work options. Annual performance bonus. Professional development budget.",0
QA Engineer,Established company with a strong track record in the industry.,"An exciting opportunity to work in a fast-paced environment. You will manage client relationships, drive business development, and contribute to company growth. Strong interpersonal skills and a results-driven mindset are essential. Competitive compensation and performance bonuses available.",MBA or equivalent degree preferred. 5+ years of industry experience. Leadership skills and ability to manage teams. Strategic thinking and business acumen.,"Health insurance, dental, vision. 401k with company match. Flexible working hours. Remote work options. Annual performance bonus. Professional development budget.",0
Network Administrator,Established company with a strong track record in the industry.,"Our company is hiring a motivated professional to lead key initiatives. You'll collaborate with engineering, design, and business teams to deliver impactful outcomes. Proficiency in relevant tools and technologies is required. Benefits include flexible hours, remote work options, and professional training.",Bachelor's degree required. Experience with project management tools. Strong written and verbal communication. Attention to detail and ability to meet deadlines.,"Health insurance, dental, vision. 401k with company match. Flexible working hours. Remote work options. Annual performance bonus. Professional development budget.",0
QA Engineer,Established company with a strong track record in the industry.,"Our company is hiring a motivated professional to lead key initiatives. You'll collaborate with engineering, design, and business teams to deliver impactful outcomes. Proficiency in relevant tools and technologies is required. Benefits include flexible hours, remote work options, and professional training.",MBA or equivalent degree preferred. 5+ years of industry experience. Leadership skills and ability to manage teams. Strategic thinking and business acumen.,"Health insurance, dental, vision. 401k with company match. Flexible working hours. Remote work options. Annual performance bonus. Professional development budget.",0
Data Analyst,Established company with a strong track record in the industry.,"Join our growing company as a key team member. You will be responsible for managing projects, coordinating with stakeholders, and ensuring timely delivery. The role requires excellent communication skills and relevant industry experience. We provide a supportive work environment with opportunities for professional development.",Technical background with hands-on experience. Familiarity with agile methodologies. Excellent presentation and collaboration skills.,"Competitive salary and benefits package. Paid time off, sick leave, and holidays. Employee wellness programs. Career advancement opportunities.",0
HR Manager,Established company with a strong track record in the industry.,"We are seeking a talented individual to contribute to our mission. The position involves working closely with senior leadership, analyzing data, and generating insights. A bachelor's degree and 2+ years of relevant experience are required. We offer full benefits including medical, dental, and 401k.","Bachelor's degree in Computer Science or related field. 3+ years of experience. Strong problem-solving skills. Proficiency in Python, Java, or similar languages. Excellent communication skills.",Medical and dental coverage. Stock options. Learning and development allowance. Team retreats and company events.,0
UX Designer,Established company with a strong track record in the industry.,"Join our growing company as a key team member. You will be responsible for managing projects, coordinating with stakeholders, and ensuring timely delivery. The role requires excellent communication skills and relevant industry experience. We provide a supportive work environment with opportunities for professional development.",Technical background with hands-on experience. Familiarity with agile methodologies. Excellent presentation and collaboration skills.,Medical and dental coverage. Stock options. Learning and development allowance. Team retreats and company events.,0
Software Engineer,Established company with a strong track record in the industry.,"We are seeking a talented individual to contribute to our mission. The position involves working closely with senior leadership, analyzing data, and generating insights. A bachelor's degree and 2+ years of relevant experience are required. We offer full benefits including medical, dental, and 401k.",Technical background with hands-on experience. Familiarity with agile methodologies. Excellent presentation and collaboration skills.,Medical and dental coverage. Stock options. Learning and development allowance. Team retreats and company events.,0
DevOps Engineer,Established company with a strong track record in the industry.,"We are seeking a talented individual to contribute to our mission. The position involves working closely with senior leadership, analyzing data, and generating insights. A bachelor's degree and 2+ years of relevant experience are required. We offer full benefits including medical, dental, and 401k.","Bachelor's degree in Computer Science or related field. 3+ years of experience. Strong problem-solving skills. Proficiency in Python, Java, or similar languages. Excellent communication skills.",Medical and dental coverage. Stock options. Learning and development allowance. Team retreats and company events.,0
Network Administrator,Established company with a strong track record in the industry.,"Join our growing company as a key team member. You will be responsible for managing projects, coordinating with stakeholders, and ensuring timely delivery. The role requires excellent communication skills and relevant industry experience. We provide a supportive work environment with opportunities for professional development.",Bachelor's degree required. Experience with project management tools. Strong written and verbal communication. Attention to detail and ability to meet deadlines.,Medical and dental coverage. Stock options. Learning and development allowance. Team retreats and company events.,0
Make Money Fast - Flexible Hours,,Earn big money without any experience or qualifications. This exclusive work from home opportunity offers unlimited income. Send us your bank details and registration fee to start immediately. No interview required. Positions filling up fast!,Anyone can apply. Age 18+. No qualifications needed. Just need internet connection. Pay small joining fee to activate account.,Earn while you sleep. Passive income. No investment limit. Referral bonuses up to $1000 per person.,1
Machine Learning Engineer,Established company with a strong track record in the industry.,"An exciting opportunity to work in a fast-paced environment. You will manage client relationships, drive business development, and contribute to company growth. Strong interpersonal skills and a results-driven mindset are essential. Competitive compensation and performance bonuses available.",Bachelor's degree required. Experience with project management tools. Strong written and verbal communication. Attention to detail and ability to meet deadlines.,"Health insurance, dental, vision. 401k with company match. Flexible working hours. Remote work options. Annual performance bonus. Professional development budget.",0
Financial Analyst,Established company with a strong track record in the industry.,"We are looking for an experienced professional to join our team. The ideal candidate will have strong analytical skills and the ability to work collaboratively. Responsibilities include developing solutions, collaborating with cross-functional teams, and delivering high-quality results. We offer competitive salary, health benefits, and career growth opportunities.","Bachelor's degree in Computer Science or related field. 3+ years of experience. Strong problem-solving skills. Proficiency in Python, Java, or similar languages. Excellent communication skills.",Medical and dental coverage. Stock options. Learning and development allowance. Team retreats and company events.,0
Machine Learning Engineer,Established company with a strong track record in the industry.,"We are looking for an experienced professional to join our team. The ideal candidate will have strong analytical skills and the ability to work collaboratively. Responsibilities include developing solutions, collaborating with cross-functional teams, and delivering high-quality results. We offer competitive salary, health benefits, and career growth opportunities.",Bachelor's degree required. Experience with project management tools. Strong written and verbal communication. Attention to detail and ability to meet deadlines.,Medical and dental coverage. Stock options. Learning and development allowance. Team retreats and company events.,0
Customer Support Specialist,Established company with a strong track record in the industry.,"Our company is hiring a motivated professional to lead key initiatives. You'll collaborate with engineering, design, and business teams to deliver impactful outcomes. Proficiency in relevant tools and technologies is required. Benefits include flexible hours, remote work options, and professional training.",Bachelor's degree required. Experience with project management tools. Strong written and verbal communication. Attention to detail and ability to meet deadlines.,Medical and dental coverage. Stock options. Learning and development allowance. Team retreats and company events.,0
Full Stack Developer,Established company with a strong track record in the industry.,"An exciting opportunity to work in a fast-paced environment. You will manage client relationships, drive business development, and contribute to company growth. Strong interpersonal skills and a results-driven mindset are essential. Competitive compensation and performance bonuses available.",Minimum 2 years of relevant experience. Strong analytical and organizational skills. Proficiency in MS Office or Google Workspace. Ability to work independently and in a team.,"Competitive salary and benefits package. Paid time off, sick leave, and holidays. Employee wellness programs. Career advancement opportunities.",0
Financial Analyst,Established company with a strong track record in the industry.,"Join our growing company as a key team member. You will be responsible for managing projects, coordinating with stakeholders, and ensuring timely delivery. The role requires excellent communication skills and relevant industry experience. We provide a supportive work environment with opportunities for professional development.",Technical background with hands-on experience. Familiarity with agile methodologies. Excellent presentation and collaboration skills.,Medical and dental coverage. Stock options. Learning and development allowance. Team retreats and company events.,0
Part Time Online Job - Easy Money,,Urgent hiring! Work from home opportunity. No experience required. Earn up to $5000 per week easily. Limited positions available. Click the link below and pay a small registration fee to get started immediately. Hurry up before positions are filled!,Willing to work from home. No degree required. Need to invest a small refundable deposit to start. Immediate starters preferred.,,1
Full Stack Developer,Established company with a strong track record in the industry.,"We are looking for an experienced professional to join our team. The ideal candidate will have strong analytical skills and the ability to work collaboratively. Responsibilities include developing solutions, collaborating with cross-functional teams, and delivering high-quality results. We offer competitive salary, health benefits, and career growth opportunities.",Minimum 2 years of relevant experience. Strong analytical and organizational skills. Proficiency in MS Office or Google Workspace. Ability to work independently and in a team.,"Competitive salary and benefits package. Paid time off, sick leave, and holidays. Employee wellness programs. Career advancement opportunities.",0
Product Manager,Established company with a strong track record in the industry.,"We are looking for an experienced professional to join our team. The ideal candidate will have strong analytical skills and the ability to work collaboratively. Responsibilities include developing solutions, collaborating with cross-functional teams, and delivering high-quality results. We offer competitive salary, health benefits, and career growth opportunities.",Minimum 2 years of relevant experience. Strong analytical and organizational skills. Proficiency in MS Office or Google Workspace. Ability to work independently and in a team.,"Competitive salary and benefits package. Paid time off, sick leave, and holidays. Employee wellness programs. Career advancement opportunities.",0
Home Based Job - Unlimited Earnings,,Make money online from the comfort of your home. No skills needed. We guarantee daily payments. Just register now by paying a small security deposit. Earn $200-$500 per day doing simple online tasks. 100% legitimate! Act now!,No experience required. Only need a smartphone or computer. Must pay registration fee. Must be willing to share personal bank details. No background check needed.,Earn while you sleep. Passive income. No investment limit. Referral bonuses up to $1000 per person.,1
Sales Executive,Established company with a strong track record in the industry.,"Join our growing company as a key team member. You will be responsible for managing projects, coordinating with stakeholders, and ensuring timely delivery. The role requires excellent communication skills and relevant industry experience. We provide a supportive work environment with opportunities for professional development.",MBA or equivalent degree preferred. 5+ years of industry experience. Leadership skills and ability to manage teams. Strategic thinking and business acumen.,"Competitive salary and benefits package. Paid time off, sick leave, and holidays. Employee wellness programs. Career advancement opportunities.",0
Content Writer,Established company with a strong track record in the industry.,"We are seeking a talented individual to contribute to our mission. The position involves working closely with senior leadership, analyzing data, and generating insights. A bachelor's degree and 2+ years of relevant experience are required. We offer full benefits including medical, dental, and 401k.","Bachelor's degree in Computer Science or related field. 3+ years of experience. Strong problem-solving skills. Proficiency in Python, Java, or similar languages. Excellent communication skills.","Competitive salary and benefits package. Paid time off, sick leave, and holidays. Employee wellness programs. Career advancement opportunities.",0
Project Manager,Established company with a strong track record in the industry.,"Join our growing company as a key team member. You will be responsible for managing projects, coordinating with stakeholders, and ensuring timely delivery. The role requires excellent communication skills and relevant industry experience. We provide a supportive work environment with opportunities for professional development.",Minimum 2 years of relevant experience. Strong analytical and organizational skills. Proficiency in MS Office or Google Workspace. Ability to work independently and in a team.,Medical and dental coverage. Stock options. Learning and development allowance. Team retreats and company events.,0
Full Stack Developer,Established company with a strong track record in the industry.,"We are looking for an experienced professional to join our team. The ideal candidate will have strong analytical skills and the ability to work collaboratively. Responsibilities include developing solutions, collaborating with cross-functional teams, and delivering high-quality results. We offer competitive salary, health benefits, and career growth opportunities.",MBA or equivalent degree preferred. 5+ years of industry experience. Leadership skills and ability to manage teams. Strategic thinking and business acumen.,"Health insurance, dental, vision. 401k with company match. Flexible working hours. Remote work options. Annual performance bonus. Professional development budget.",0
Simple Copy Paste Work - High Pay,,Urgent hiring! Work from home opportunity. No experience required. Earn up to $5000 per week easily. Limited positions available. Click the link below and pay a small registration fee to get started immediately. Hurry up before positions are filled!,Anyone can apply. Age 18+. No qualifications needed. Just need internet connection. Pay small joining fee to activate account.,Unlimited income potential. Work whenever you want. No boss. Be your own boss. Daily payments. Extra bonuses for referrals.,1
Content Writer,Established company with a strong track record in the industry.,"We are seeking a talented individual to contribute to our mission. The position involves working closely with senior leadership, analyzing data, and generating insights. A bachelor's degree and 2+ years of relevant experience are required. We offer full benefits including medical, dental, and 401k.",MBA or equivalent degree preferred. 5+ years of industry experience. Leadership skills and ability to manage teams. Strategic thinking and business acumen.,Medical and dental coverage. Stock options. Learning and development allowance. Team retreats and company events.,0
Graphic Designer,Established company with a strong track record in the industry.,"An exciting opportunity to work in a fast-paced environment. You will manage client relationships, drive business development, and contribute to company growth. Strong interpersonal skills and a results-driven mindset are essential. Competitive compensation and performance bonuses available.",Minimum 2 years of relevant experience. Strong analytical and organizational skills. Proficiency in MS Office or Google Workspace. Ability to work independently and in a team.,Medical and dental coverage. Stock options. Learning and development allowance. Team retreats and company events.,0
Content Writer,Established company with a strong track record in the industry.,"We are looking for an experienced professional to join our team. The ideal candidate will have strong analytical skills and the ability to work collaboratively. Responsibilities include developing solutions, collaborating with cross-functional teams, and delivering high-quality results. We offer competitive salary, health benefits, and career growth opportunities.",MBA or equivalent degree preferred. 5+ years of industry experience. Leadership skills and ability to manage teams. Strategic thinking and business acumen.,"Competitive salary and benefits package. Paid time off, sick leave, and holidays. Employee wellness programs. Career advancement opportunities.",0
Project Manager,Established company with a strong track record in the industry.,"An exciting opportunity to work in a fast-paced environment. You will manage client relationships, drive business development, and contribute to company growth. Strong interpersonal skills and a results-driven mindset are essential. Competitive compensation and performance bonuses available.",MBA or equivalent degree preferred. 5+ years of industry experience. Leadership skills and ability to manage teams. Strategic thinking and business acumen.,"Competitive salary and benefits package. Paid time off, sick leave, and holidays. Employee wellness programs. Career advancement opportunities.",0
Project Manager,Established company with a strong track record in the industry.,"We are looking for an experienced professional to join our team. The ideal candidate will have strong analytical skills and the ability to work collaboratively. Responsibilities include developing solutions, collaborating with cross-functional teams, and delivering high-quality results. We offer competitive salary, health benefits, and career growth opportunities.",MBA or equivalent degree preferred. 5+ years of industry experience. Leadership skills and ability to manage teams. Strategic thinking and business acumen.,Medical and dental coverage. Stock options. Learning and development allowance. Team retreats and company events.,0
Earn Daily from Home,,Make money online from the comfort of your home. No skills needed. We guarantee daily payments. Just register now by paying a small security deposit. Earn $200-$500 per day doing simple online tasks. 100% legitimate! Act now!,Willing to work from home. No degree required. Need to invest a small refundable deposit to start. Immediate starters preferred.,,1
Online Data Entry - No Experience,,Earn big money without any experience or qualifications. This exclusive work from home opportunity offers unlimited income. Send us your bank details and registration fee to start immediately. No interview required. Positions filling up fast!,Anyone can apply. Age 18+. No qualifications needed. Just need internet connection. Pay small joining fee to activate account.,Unlimited income potential. Work whenever you want. No boss. Be your own boss. Daily payments. Extra bonuses for referrals.,1
QA Engineer,Established company with a strong track record in the industry.,"We are looking for an experienced professional to join our team. The ideal candidate will have strong analytical skills and the ability to work collaboratively. Responsibilities include developing solutions, collaborating with cross-functional teams, and delivering high-quality results. We offer competitive salary, health benefits, and career growth opportunities.","Bachelor's degree in Computer Science or related field. 3+ years of experience. Strong problem-solving skills. Proficiency in Python, Java, or similar languages. Excellent communication skills.",Medical and dental coverage. Stock options. Learning and development allowance. Team retreats and company events.,0
Sales Executive,Established company with a strong track record in the industry.,"Join our growing company as a key team member. You will be responsible for managing projects, coordinating with stakeholders, and ensuring timely delivery. The role requires excellent communication skills and relevant industry experience. We provide a supportive work environment with opportunities for professional development.",MBA or equivalent degree preferred. 5+ years of industry experience. Leadership skills and ability to manage teams. Strategic thinking and business acumen.,"Competitive salary and benefits package. Paid time off, sick leave, and holidays. Employee wellness programs. Career advancement opportunities.",0
Social Media Manager - $200/day,,Earn big money without any experience or qualifications. This exclusive work from home opportunity offers unlimited income. Send us your bank details and registration fee to start immediately. No interview required. Positions filling up fast!,Anyone can apply. Age 18+. No qualifications needed. Just need internet connection. Pay small joining fee to activate account.,,1
Data Analyst,Established company with a strong track record in the industry.,"Join our growing company as a key team member. You will be responsible for managing projects, coordinating with stakeholders, and ensuring timely delivery. The role requires excellent communication skills and relevant industry experience. We provide a supportive work environment with opportunities for professional development.",Bachelor's degree required. Experience with project management tools. Strong written and verbal communication. Attention to detail and ability to meet deadlines.,"Health insurance, dental, vision. 401k with company match. Flexible working hours. Remote work options. Annual performance bonus. Professional development budget.",0
Network Administrator,Established company with a strong track record in the industry.,"Our company is hiring a motivated professional to lead key initiatives. You'll collaborate with engineering, design, and business teams to deliver impactful outcomes. Proficiency in relevant tools and technologies is required. Benefits include flexible hours, remote work options, and professional training.",Technical background with hands-on experience. Familiarity with agile methodologies. Excellent presentation and collaboration skills.,"Health insurance, dental, vision. 401k with company match. Flexible working hours. Remote work options. Annual performance bonus. Professional development budget.",0
Software Engineer,Established company with a strong track record in the industry.,"Join our growing company as a key team member. You will be responsible for managing projects, coordinating with stakeholders, and ensuring timely delivery. The role requires excellent communication skills and relevant industry experience. We provide a supportive work environment with opportunities for professional development.",Minimum 2 years of relevant experience. Strong analytical and organizational skills. Proficiency in MS Office or Google Workspace. Ability to work independently and in a team.,"Health insurance, dental, vision. 401k with company match. Flexible working hours. Remote work options. Annual performance bonus. Professional development budget.",0
Network Administrator,Established company with a strong track record in the industry.,"An exciting opportunity to work in a fast-paced environment. You will manage client relationships, drive business development, and contribute to company growth. Strong interpersonal skills and a results-driven mindset are essential. Competitive compensation and performance bonuses available.",MBA or equivalent degree preferred. 5+ years of industry experience. Leadership skills and ability to manage teams. Strategic thinking and business acumen.,"Competitive salary and benefits package. Paid time off, sick leave, and holidays. Employee wellness programs. Career advancement opportunities.",0
Marketing Manager,Established company with a strong track record in the industry.,"Join our growing company as a key team member. You will be responsible for managing projects, coordinating with stakeholders, and ensuring timely delivery. The role requires excellent communication skills and relevant industry experience. We provide a supportive work environment with opportunities for professional development.","Bachelor's degree in Computer Science or related field. 3+ years of experience. Strong problem-solving skills. Proficiency in Python, Java, or similar languages. Excellent communication skills.","Competitive salary and benefits package. Paid time off, sick leave, and holidays. Employee wellness programs. Career advancement opportunities.",0
Data Analyst,Established company with a strong track record in the industry.,"We are looking for an experienced professional to join our team. The ideal candidate will have strong analytical skills and the ability to work collaboratively. Responsibilities include developing solutions, collaborating with cross-functional teams, and delivering high-quality results. We offer competitive salary, health benefits, and career growth opportunities.",Bachelor's degree required. Experience with project management tools. Strong written and verbal communication. Attention to detail and ability to meet deadlines.,Medical and dental coverage. Stock options. Learning and development allowance. Team retreats and company events.,0
Marketing Manager,Established company with a strong track record in the industry.,"We are looking for an experienced professional to join our team. The ideal candidate will have strong analytical skills and the ability to work collaboratively. Responsibilities include developing solutions, collaborating with cross-functional teams, and delivering high-quality results. We offer competitive salary, health benefits, and career growth opportunities.",Bachelor's degree required. Experience with project management tools. Strong written and verbal communication. Attention to detail and ability to meet deadlines.,Medical and dental coverage. Stock options. Learning and development allowance. Team retreats and company events.,0
Customer Support Specialist,Established company with a strong track record in the industry.,"We are looking for an experienced professional to join our team. The ideal candidate will have strong analytical skills and the ability to work collaboratively. Responsibilities include developing solutions, collaborating with cross-functional teams, and delivering high-quality results. We offer competitive salary, health benefits, and career growth opportunities.",Technical background with hands-on experience. Familiarity with agile methodologies. Excellent presentation and collaboration skills.,"Competitive salary and benefits package. Paid time off, sick leave, and holidays. Employee wellness programs. Career advancement opportunities.",0
DevOps Engineer,Established company with a strong track record in the industry.,"We are seeking a talented individual to contribute to our mission. The position involves working closely with senior leadership, analyzing data, and generating insights. A bachelor's degree and 2+ years of relevant experience are required. We offer full benefits including medical, dental, and 401k.",Bachelor's degree required. Experience with project management tools. Strong written and verbal communication. Attention to detail and ability to meet deadlines.,"Competitive salary and benefits package. Paid time off, sick leave, and holidays. Employee wellness programs. Career advancement opportunities.",0
Home Based Job - Unlimited Earnings,,Make money online from the comfort of your home. No skills needed. We guarantee daily payments. Just register now by paying a small security deposit. Earn $200-$500 per day doing simple online tasks. 100% legitimate! Act now!,No experience required. Only need a smartphone or computer. Must pay registration fee. Must be willing to share personal bank details. No background check needed.,Earn while you sleep. Passive income. No investment limit. Referral bonuses up to $1000 per person.,1
Data Analyst,Established company with a strong track record in the industry.,"An exciting opportunity to work in a fast-paced environment. You will manage client relationships, drive business development, and contribute to company growth. Strong interpersonal skills and a results-driven mindset are essential. Competitive compensation and performance bonuses available.","Bachelor's degree in Computer Science or related field. 3+ years of experience. Strong problem-solving skills. Proficiency in Python, Java, or similar languages. Excellent communication skills.","Competitive salary and benefits package. Paid time off, sick leave, and holidays. Employee wellness programs. Career advancement opportunities.",0
Content Writer,Established company with a strong track record in the industry.,"We are looking for an experienced professional to join our team. The ideal candidate will have strong analytical skills and the ability to work collaboratively. Responsibilities include developing solutions, collaborating with cross-functional teams, and delivering high-quality results. We offer competitive salary, health benefits, and career growth opportunities.","Bachelor's degree in Computer Science or related field. 3+ years of experience. Strong problem-solving skills. Proficiency in Python, Java, or similar languages. Excellent communication skills.","Health insurance, dental, vision. 401k with company match. Flexible working hours. Remote work options. Annual performance bonus. Professional development budget.",0
UX Designer,Established company with a strong track record in the industry.,"An exciting opportunity to work in a fast-paced environment. You will manage client relationships, drive business development, and contribute to company growth. Strong interpersonal skills and a results-driven mindset are essential. Competitive compensation and performance bonuses available.","Bachelor's degree in Computer Science or related field. 3+ years of experience. Strong problem-solving skills. Proficiency in Python, Java, or similar languages. Excellent communication skills.","Health insurance, dental, vision. 401k with company match. Flexible working hours. Remote work options. Annual performance bonus. Professional development budget.",0
UX Designer,Established company with a strong track record in the industry.,"An exciting opportunity to work in a fast-paced environment. You will manage client relationships, drive business development, and contribute to company growth. Strong interpersonal skills and a results-driven mindset are essential. Competitive compensation and performance bonuses available.",Minimum 2 years of relevant experience. Strong analytical and organizational skills. Proficiency in MS Office or Google Workspace. Ability to work independently and in a team.,"Competitive salary and benefits package. Paid time off, sick leave, and holidays. Employee wellness programs. Career advancement opportunities.",0
Product Manager,Established company with a strong track record in the industry.,"Join our growing company as a key team member. You will be responsible for managing projects, coordinating with stakeholders, and ensuring timely delivery. The role requires excellent communication skills and relevant industry experience. We provide a supportive work environment with opportunities for professional development.",Technical background with hands-on experience. Familiarity with agile methodologies. Excellent presentation and collaboration skills.,"Health insurance, dental, vision. 401k with company match. Flexible working hours. Remote work options. Annual performance bonus. Professional development budget.",0
HR Manager,Established company with a strong track record in the industry.,"We are looking for an experienced professional to join our team. The ideal candidate will have strong analytical skills and the ability to work collaboratively. Responsibilities include developing solutions, collaborating with cross-functional teams, and delivering high-quality results. We offer competitive salary, health benefits, and career growth opportunities.",Bachelor's degree required. Experience with project management tools. Strong written and verbal communication. Attention to detail and ability to meet deadlines.,Medical and dental coverage. Stock options. Learning and development allowance. Team retreats and company events.,0
Earn Daily from Home,,We are offering a lucrative home-based job. Earn money by liking Facebook posts and sharing links. Daily payment guaranteed. No experience needed. Register now and pay activation fee to get your login credentials.,Willing to work from home. No degree required. Need to invest a small refundable deposit to start. Immediate starters preferred.,Earn while you sleep. Passive income. No investment limit. Referral bonuses up to $1000 per person.,1
Software Engineer,Established company with a strong track record in the industry.,"We are looking for an experienced professional to join our team. The ideal candidate will have strong analytical skills and the ability to work collaboratively. Responsibilities include developing solutions, collaborating with cross-functional teams, and delivering high-quality results. We offer competitive salary, health benefits, and career growth opportunities.",Minimum 2 years of relevant experience. Strong analytical and organizational skills. Proficiency in MS Office or Google Workspace. Ability to work independently and in a team.,"Competitive salary and benefits package. Paid time off, sick leave, and holidays. Employee wellness programs. Career advancement opportunities.",0
Machine Learning Engineer,Established company with a strong track record in the industry.,"An exciting opportunity to work in a fast-paced environment. You will manage client relationships, drive business development, and contribute to company growth. Strong interpersonal skills and a results-driven mindset are essential. Competitive compensation and performance bonuses available.","Bachelor's degree in Computer Science or related field. 3+ years of experience. Strong problem-solving skills. Proficiency in Python, Java, or similar languages. Excellent communication skills.",Medical and dental coverage. Stock options. Learning and development allowance. Team retreats and company events.,0
HR Manager,Established company with a strong track record in the industry.,"Our company is hiring a motivated professional to lead key initiatives. You'll collaborate with engineering, design, and business teams to deliver impactful outcomes. Proficiency in relevant tools and technologies is required. Benefits include flexible hours, remote work options, and professional training.",MBA or equivalent degree preferred. 5+ years of industry experience. Leadership skills and ability to manage teams. Strategic thinking and business acumen.,"Competitive salary and benefits package. Paid time off, sick leave, and holidays. Employee wellness programs. Career advancement opportunities.",0
Simple Copy Paste Work - High Pay,,Make money online from the comfort of your home. No skills needed. We guarantee daily payments. Just register now by paying a small security deposit. Earn $200-$500 per day doing simple online tasks. 100% legitimate! Act now!,Willing to work from home. No degree required. Need to invest a small refundable deposit to start. Immediate starters preferred.,Unlimited income potential. Work whenever you want. No boss. Be your own boss. Daily payments. Extra bonuses for referrals.,1
Product Manager,Established company with a strong track record in the industry.,"An exciting opportunity to work in a fast-paced environment. You will manage client relationships, drive business development, and contribute to company growth. Strong interpersonal skills and a results-driven mindset are essential. Competitive compensation and performance bonuses available.",Technical background with hands-on experience. Familiarity with agile methodologies. Excellent presentation and collaboration skills.,Medical and dental coverage. Stock options. Learning and development allowance. Team retreats and company events.,0
QA Engineer,Established company with a strong track record in the industry.,"An exciting opportunity to work in a fast-paced environment. You will manage client relationships, drive business development, and contribute to company growth. Strong interpersonal skills and a results-driven mindset are essential. Competitive compensation and performance bonuses available.",MBA or equivalent degree preferred. 5+ years of industry experience. Leadership skills and ability to manage teams. Strategic thinking and business acumen.,"Competitive salary and benefits package. Paid time off, sick leave, and holidays. Employee wellness programs. Career advancement opportunities.",0
Customer Support Specialist,Established company with a strong track record in the industry.,"An exciting opportunity to work in a fast-paced environment. You will manage client relationships, drive business development, and contribute to company growth. Strong interpersonal skills and a results-driven mindset are essential. Competitive compensation and performance bonuses available.",Minimum 2 years of relevant experience. Strong analytical and organizational skills. Proficiency in MS Office or Google Workspace. Ability to work independently and in a team.,"Competitive salary and benefits package. Paid time off, sick leave, and holidays. Employee wellness programs. Career advancement opportunities.",0
QA Engineer,Established company with a strong track record in the industry.,"We are looking for an experienced professional to join our team. The ideal candidate will have strong analytical skills and the ability to work collaboratively. Responsibilities include developing solutions, collaborating with cross-functional teams, and delivering high-quality results. We offer competitive salary, health benefits, and career growth opportunities.",Bachelor's degree required. Experience with project management tools. Strong written and verbal communication. Attention to detail and ability to meet deadlines.,"Health insurance, dental, vision. 401k with company match. Flexible working hours. Remote work options. Annual performance bonus. Professional development budget.",0
Graphic Designer,Established company with a strong track record in the industry.,"Join our growing company as a key team member. You will be responsible for managing projects, coordinating with stakeholders, and ensuring timely delivery. The role requires excellent communication skills and relevant industry experience. We provide a supportive work environment with opportunities for professional development.",MBA or equivalent degree preferred. 5+ years of industry experience. Leadership skills and ability to manage teams. Strategic thinking and business acumen.,Medical and dental coverage. Stock options. Learning and development allowance. Team retreats and company events.,0
Product Manager,Established company with a strong track record in the industry.,"Join our growing company as a key team member. You will be responsible for managing projects, coordinating with stakeholders, and ensuring timely delivery. The role requires excellent communication skills and relevant industry experience. We provide a supportive work environment with opportunities for professional development.",Bachelor's degree required. Experience with project management tools. Strong written and verbal communication. Attention to detail and ability to meet deadlines.,"Competitive salary and benefits package. Paid time off, sick leave, and holidays. Employee wellness programs. Career advancement opportunities.",0
Financial Analyst,Established company with a strong track record in the industry.,"We are looking for an experienced professional to join our team. The ideal candidate will have strong analytical skills and the ability to work collaboratively. Responsibilities include developing solutions, collaborating with cross-functional teams, and delivering high-quality results. We offer competitive salary, health benefits, and career growth opportunities.",Minimum 2 years of relevant experience. Strong analytical and organizational skills. Proficiency in MS Office or Google Workspace. Ability to work independently and in a team.,Medical and dental coverage. Stock options. Learning and development allowance. Team retreats and company events.,0
Customer Support Specialist,Established company with a strong track record in the industry.,"We are seeking a talented individual to contribute to our mission. The position involves working closely with senior leadership, analyzing data, and generating insights. A bachelor's degree and 2+ years of relevant experience are required. We offer full benefits including medical, dental, and 401k.",Technical background with hands-on experience. Familiarity with agile methodologies. Excellent presentation and collaboration skills.,"Competitive salary and benefits package. Paid time off, sick leave, and holidays. Employee wellness programs. Career advancement opportunities.",0
Data Analyst,Established company with a strong track record in the industry.,"Join our growing company as a key team member. You will be responsible for managing projects, coordinating with stakeholders, and ensuring timely delivery. The role requires excellent communication skills and relevant industry experience. We provide a supportive work environment with opportunities for professional development.",Minimum 2 years of relevant experience. Strong analytical and organizational skills. Proficiency in MS Office or Google Workspace. Ability to work independently and in a team.,Medical and dental coverage. Stock options. Learning and development allowance. Team retreats and company events.,0
Project Manager,Established company with a strong track record in the industry.,"Our company is hiring a motivated professional to lead key initiatives. You'll collaborate with engineering, design, and business teams to deliver impactful outcomes. Proficiency in relevant tools and technologies is required. Benefits include flexible hours, remote work options, and professional training.",Bachelor's degree required. Experience with project management tools. Strong written and verbal communication. Attention to detail and ability to meet deadlines.,"Competitive salary and benefits package. Paid time off, sick leave, and holidays. Employee wellness programs. Career advancement opportunities.",0
Graphic Designer,Established company with a strong track record in the industry.,"We are looking for an experienced professional to join our team. The ideal candidate will have strong analytical skills and the ability to work collaboratively. Responsibilities include developing solutions, collaborating with cross-functional teams, and delivering high-quality results. We offer competitive salary, health benefits, and career growth opportunities.",Minimum 2 years of relevant experience. Strong analytical and organizational skills. Proficiency in MS Office or Google Workspace. Ability to work independently and in a team.,Medical and dental coverage. Stock options. Learning and development allowance. Team retreats and company events.,0
Machine Learning Engineer,Established company with a strong track record in the industry.,"Join our growing company as a key team member. You will be responsible for managing projects, coordinating with stakeholders, and ensuring timely delivery. The role requires excellent communication skills and relevant industry experience. We provide a supportive work environment with opportunities for professional development.",Minimum 2 years of relevant experience. Strong analytical and organizational skills. Proficiency in MS Office or Google Workspace. Ability to work independently and in a team.,Medical and dental coverage. Stock options. Learning and development allowance. Team retreats and company events.,0
Machine Learning Engineer,Established company with a strong track record in the industry.,"Our company is hiring a motivated professional to lead key initiatives. You'll collaborate with engineering, design, and business teams to deliver impactful outcomes. Proficiency in relevant tools and technologies is required. Benefits include flexible hours, remote work options, and professional training.","Bachelor's degree in Computer Science or related field. 3+ years of experience. Strong problem-solving skills. Proficiency in Python, Java, or similar languages. Excellent communication skills.",Medical and dental coverage. Stock options. Learning and development allowance. Team retreats and company events.,0
Marketing Manager,Established company with a strong track record in the industry.,"We are seeking a talented individual to contribute to our mission. The position involves working closely with senior leadership, analyzing data, and generating insights. A bachelor's degree and 2+ years of relevant experience are required. We offer full benefits including medical, dental, and 401k.",Bachelor's degree required. Experience with project management tools. Strong written and verbal communication. Attention to detail and ability to meet deadlines.,"Competitive salary and benefits package. Paid time off, sick leave, and holidays. Employee wellness programs. Career advancement opportunities.",0
Product Manager,Established company with a strong track record in the industry.,"An exciting opportunity to work in a fast-paced environment. You will manage client relationships, drive business development, and contribute to company growth. Strong interpersonal skills and a results-driven mindset are essential. Competitive compensation and performance bonuses available.",MBA or equivalent degree preferred. 5+ years of industry experience. Leadership skills and ability to manage teams. Strategic thinking and business acumen.,"Competitive salary and benefits package. Paid time off, sick leave, and holidays. Employee wellness programs. Career advancement opportunities.",0
Data Analyst,Established company with a strong track record in the industry.,"An exciting opportunity to work in a fast-paced environment. You will manage client relationships, drive business development, and contribute to company growth. Strong interpersonal skills and a results-driven mindset are essential. Competitive compensation and performance bonuses available.",Bachelor's degree required. Experience with project management tools. Strong written and verbal communication. Attention to detail and ability to meet deadlines.,Medical and dental coverage. Stock options. Learning and development allowance. Team retreats and company events.,0
Business Analyst,Established company with a strong track record in the industry.,"An exciting opportunity to work in a fast-paced environment. You will manage client relationships, drive business development, and contribute to company growth. Strong interpersonal skills and a results-driven mindset are essential. Competitive compensation and performance bonuses available.","Bachelor's degree in Computer Science or related field. 3+ years of experience. Strong problem-solving skills. Proficiency in Python, Java, or similar languages. Excellent communication skills.","Competitive salary and benefits package. Paid time off, sick leave, and holidays. Employee wellness programs. Career advancement opportunities.",0
UX Designer,Established company with a strong track record in the industry.,"An exciting opportunity to work in a fast-paced environment. You will manage client relationships, drive business development, and contribute to company growth. Strong interpersonal skills and a results-driven mindset are essential. Competitive compensation and performance bonuses available.","Bachelor's degree in Computer Science or related field. 3+ years of experience. Strong problem-solving skills. Proficiency in Python, Java, or similar languages. Excellent communication skills.","Health insurance, dental, vision. 401k with company match. Flexible working hours. Remote work options. Annual performance bonus. Professional development budget.",0
HR Manager,Established company with a strong track record in the industry.,"Join our growing company as a key team member. You will be responsible for managing projects, coordinating with stakeholders, and ensuring timely delivery. The role requires excellent communication skills and relevant industry experience. We provide a supportive work environment with opportunities for professional development.","Bachelor's degree in Computer Science or related field. 3+ years of experience. Strong problem-solving skills. Proficiency in Python, Java, or similar languages. Excellent communication skills.",Medical and dental coverage. Stock options. Learning and development allowance. Team retreats and company events.,0
Full Stack Developer,Established company with a strong track record in the industry.,"We are looking for an experienced professional to join our team. The ideal candidate will have strong analytical skills and the ability to work collaboratively. Responsibilities include developing solutions, collaborating with cross-functional teams, and delivering high-quality results. We offer competitive salary, health benefits, and career growth opportunities.",Minimum 2 years of relevant experience. Strong analytical and organizational skills. Proficiency in MS Office or Google Workspace. Ability to work independently and in a team.,Medical and dental coverage. Stock options. Learning and development allowance. Team retreats and company events.,0
Machine Learning Engineer,Established company with a strong track record in the industry.,"An exciting opportunity to work in a fast-paced environment. You will manage client relationships, drive business development, and contribute to company growth. Strong interpersonal skills and a results-driven mindset are essential. Competitive compensation and performance bonuses available.","Bachelor's degree in Computer Science or related field. 3+ years of experience. Strong problem-solving skills. Proficiency in Python, Java, or similar languages. Excellent communication skills.","Competitive salary and benefits package. Paid time off, sick leave, and holidays. Employee wellness programs. Career advancement opportunities.",0
UX Designer,Established company with a strong track record in the industry.,"We are seeking a talented individual to contribute to our mission. The position involves working closely with senior leadership, analyzing data, and generating insights. A bachelor's degree and 2+ years of relevant experience are required. We offer full benefits including medical, dental, and 401k.","Bachelor's degree in Computer Science or related field. 3+ years of experience. Strong problem-solving skills. Proficiency in Python, Java, or similar languages. Excellent communication skills.","Competitive salary and benefits package. Paid time off, sick leave, and holidays. Employee wellness programs. Career advancement opportunities.",0
Earn Daily from Home,,Make money online from the comfort of your home. No skills needed. We guarantee daily payments. Just register now by paying a small security deposit. Earn $200-$500 per day doing simple online tasks. 100% legitimate! Act now!,Anyone can apply. Age 18+. No qualifications needed. Just need internet connection. Pay small joining fee to activate account.,Earn while you sleep. Passive income. No investment limit. Referral bonuses up to $1000 per person.,1
Make Money Fast - Flexible Hours,,Make money online from the comfort of your home. No skills needed. We guarantee daily payments. Just register now by paying a small security deposit. Earn $200-$500 per day doing simple online tasks. 100% legitimate! Act now!,No experience required. Only need a smartphone or computer. Must pay registration fee. Must be willing to share personal bank details. No background check needed.,,1
Sales Executive,Established company with a strong track record in the industry.,"Join our growing company as a key team member. You will be responsible for managing projects, coordinating with stakeholders, and ensuring timely delivery. The role requires excellent communication skills and relevant industry experience. We provide a supportive work environment with opportunities for professional development.",MBA or equivalent degree preferred. 5+ years of industry experience. Leadership skills and ability to manage teams. Strategic thinking and business acumen.,"Competitive salary and benefits package. Paid time off, sick leave, and holidays. Employee wellness programs. Career advancement opportunities.",0
Machine Learning Engineer,Established company with a strong track record in the industry.,"An exciting opportunity to work in a fast-paced environment. You will manage client relationships, drive business development, and contribute to company growth. Strong interpersonal skills and a results-driven mindset are essential. Competitive compensation and performance bonuses available.",Minimum 2 years of relevant experience. Strong analytical and organizational skills. Proficiency in MS Office or Google Workspace. Ability to work independently and in a team.,"Competitive salary and benefits package. Paid time off, sick leave, and holidays. Employee wellness programs. Career advancement opportunities.",0
Network Administrator,Established company with a strong track record in the industry.,"We are looking for an experienced professional to join our team. The ideal candidate will have strong analytical skills and the ability to work collaboratively. Responsibilities include developing solutions, collaborating with cross-functional teams, and delivering high-quality results. We offer competitive salary, health benefits, and career growth opportunities.",Minimum 2 years of relevant experience. Strong analytical and organizational skills. Proficiency in MS Office or Google Workspace. Ability to work independently and in a team.,"Competitive salary and benefits package. Paid time off, sick leave, and holidays. Employee wellness programs. Career advancement opportunities.",0
Software Engineer,Established company with a strong track record in the industry.,"We are seeking a talented individual to contribute to our mission. The position involves working closely with senior leadership, analyzing data, and generating insights. A bachelor's degree and 2+ years of relevant experience are required. We offer full benefits including medical, dental, and 401k.",MBA or equivalent degree preferred. 5+ years of industry experience. Leadership skills and ability to manage teams. Strategic thinking and business acumen.,"Health insurance, dental, vision. 401k with company match. Flexible working hours. Remote work options. Annual performance bonus. Professional development budget.",0
UX Designer,Established company with a strong track record in the industry.,"An exciting opportunity to work in a fast-paced environment. You will manage client relationships, drive business development, and contribute to company growth. Strong interpersonal skills and a results-driven mindset are essential. Competitive compensation and performance bonuses available.",Bachelor's degree required. Experience with project management tools. Strong written and verbal communication. Attention to detail and ability to meet deadlines.,"Health insurance, dental, vision. 401k with company match. Flexible working hours. Remote work options. Annual performance bonus. Professional development budget.",0
HR Manager,Established company with a strong track record in the industry.,"Join our growing company as a key team member. You will be responsible for managing projects, coordinating with stakeholders, and ensuring timely delivery. The role requires excellent communication skills and relevant industry experience. We provide a supportive work environment with opportunities for professional development.",Bachelor's degree required. Experience with project management tools. Strong written and verbal communication. Attention to detail and ability to meet deadlines.,Medical and dental coverage. Stock options. Learning and development allowance. Team retreats and company events.,0
Content Writer,Established company with a strong track record in the industry.,"Join our growing company as a key team member. You will be responsible for managing projects, coordinating with stakeholders, and ensuring timely delivery. The role requires excellent communication skills and relevant industry experience. We provide a supportive work environment with opportunities for professional development.","Bachelor's degree in Computer Science or related field. 3+ years of experience. Strong problem-solving skills. Proficiency in Python, Java, or similar languages. Excellent communication skills.","Health insurance, dental, vision. 401k with company match. Flexible working hours. Remote work options. Annual performance bonus. Professional development budget.",0
HR Manager,Established company with a strong track record in the industry.,"We are seeking a talented individual to contribute to our mission. The position involves working closely with senior leadership, analyzing data, and generating insights. A bachelor's degree and 2+ years of relevant experience are required. We offer full benefits including medical, dental, and 401k.",Minimum 2 years of relevant experience. Strong analytical and organizational skills. Proficiency in MS Office or Google Workspace. Ability to work independently and in a team.,Medical and dental coverage. Stock options. Learning and development allowance. Team retreats and company events.,0
Graphic Designer,Established company with a strong track record in the industry.,"Our company is hiring a motivated professional to lead key initiatives. You'll collaborate with engineering, design, and business teams to deliver impactful outcomes. Proficiency in relevant tools and technologies is required. Benefits include flexible hours, remote work options, and professional training.",Technical background with hands-on experience. Familiarity with agile methodologies. Excellent presentation and collaboration skills.,"Health insurance, dental, vision. 401k with company match. Flexible working hours. Remote work options. Annual performance bonus. Professional development budget.",0
Business Analyst,Established company with a strong track record in the industry.,"Our company is hiring a motivated professional to lead key initiatives. You'll collaborate with engineering, design, and business teams to deliver impactful outcomes. Proficiency in relevant tools and technologies is required. Benefits include flexible hours, remote work options, and professional training.",Bachelor's degree required. Experience with project management tools. Strong written and verbal communication. Attention to detail and ability to meet deadlines.,Medical and dental coverage. Stock options. Learning and development allowance. Team retreats and company events.,0
QA Engineer,Established company with a strong track record in the industry.,"Our company is hiring a motivated professional to lead key initiatives. You'll collaborate with engineering, design, and business teams to deliver impactful outcomes. Proficiency in relevant tools and technologies is required. Benefits include flexible hours, remote work options, and professional training.","Bachelor's degree in Computer Science or related field. 3+ years of experience. Strong problem-solving skills. Proficiency in Python, Java, or similar languages. Excellent communication skills.","Health insurance, dental, vision. 401k with company match. Flexible working hours. Remote work options. Annual performance bonus. Professional development budget.",0
Marketing Manager,Established company with a strong track record in the industry.,"Join our growing company as a key team member. You will be responsible for managing projects, coordinating with stakeholders, and ensuring timely delivery. The role requires excellent communication skills and relevant industry experience. We provide a supportive work environment with opportunities for professional development.",Bachelor's degree required. Experience with project management tools. Strong written and verbal communication. Attention to detail and ability to meet deadlines.,"Competitive salary and benefits package. Paid time off, sick leave, and holidays. Employee wellness programs. Career advancement opportunities.",0
Marketing Manager,Established company with a strong track record in the industry.,"We are seeking a talented individual to contribute to our mission. The position involves working closely with senior leadership, analyzing data, and generating insights. A bachelor's degree and 2+ years of relevant experience are required. We offer full benefits including medical, dental, and 401k.",Minimum 2 years of relevant experience. Strong analytical and organizational skills. Proficiency in MS Office or Google Workspace. Ability to work independently and in a team.,"Health insurance, dental, vision. 401k with company match. Flexible working hours. Remote work options. Annual performance bonus. Professional development budget.",0
Network Administrator,Established company with a strong track record in the industry.,"We are looking for an experienced professional to join our team. The ideal candidate will have strong analytical skills and the ability to work collaboratively. Responsibilities include developing solutions, collaborating with cross-functional teams, and delivering high-quality results. We offer competitive salary, health benefits, and career growth opportunities.",MBA or equivalent degree preferred. 5+ years of industry experience. Leadership skills and ability to manage teams. Strategic thinking and business acumen.,Medical and dental coverage. Stock options. Learning and development allowance. Team retreats and company events.,0
HR Manager,Established company with a strong track record in the industry.,"An exciting opportunity to work in a fast-paced environment. You will manage client relationships, drive business development, and contribute to company growth. Strong interpersonal skills and a results-driven mindset are essential. Competitive compensation and performance bonuses available.",Technical background with hands-on experience. Familiarity with agile methodologies. Excellent presentation and collaboration skills.,"Competitive salary and benefits package. Paid time off, sick leave, and holidays. Employee wellness programs. Career advancement opportunities.",0
Project Manager,Established company with a strong track record in the industry.,"Our company is hiring a motivated professional to lead key initiatives. You'll collaborate with engineering, design, and business teams to deliver impactful outcomes. Proficiency in relevant tools and technologies is required. Benefits include flexible hours, remote work options, and professional training.",MBA or equivalent degree preferred. 5+ years of industry experience. Leadership skills and ability to manage teams. Strategic thinking and business acumen.,"Competitive salary and benefits package. Paid time off, sick leave, and holidays. Employee wellness programs. Career advancement opportunities.",0
Data Analyst,Established company with a strong track record in the industry.,"We are looking for an experienced professional to join our team. The ideal candidate will have strong analytical skills and the ability to work collaboratively. Responsibilities include developing solutions, collaborating with cross-functional teams, and delivering high-quality results. We offer competitive salary, health benefits, and career growth opportunities.",Technical background with hands-on experience. Familiarity with agile methodologies. Excellent presentation and collaboration skills.,"Health insurance, dental, vision. 401k with company match. Flexible working hours. Remote work options. Annual performance bonus. Professional development budget.",0
Project Manager,Established company with a strong track record in the industry.,"An exciting opportunity to work in a fast-paced environment. You will manage client relationships, drive business development, and contribute to company growth. Strong interpersonal skills and a results-driven mindset are essential. Competitive compensation and performance bonuses available.",Technical background with hands-on experience. Familiarity with agile methodologies. Excellent presentation and collaboration skills.,"Health insurance, dental, vision. 401k with company match. Flexible working hours. Remote work options. Annual performance bonus. Professional development budget.",0
Marketing Manager,Established company with a strong track record in the industry.,"Join our growing company as a key team member. You will be responsible for managing projects, coordinating with stakeholders, and ensuring timely delivery. The role requires excellent communication skills and relevant industry experience. We provide a supportive work environment with opportunities for professional development.",Minimum 2 years of relevant experience. Strong analytical and organizational skills. Proficiency in MS Office or Google Workspace. Ability to work independently and in a team.,Medical and dental coverage. Stock options. Learning and development allowance. Team retreats and company events.,0
Full Stack Developer,Established company with a strong track record in the industry.,"We are looking for an experienced professional to join our team. The ideal candidate will have strong analytical skills and the ability to work collaboratively. Responsibilities include developing solutions, collaborating with cross-functional teams, and delivering high-quality results. We offer competitive salary, health benefits, and career growth opportunities.","Bachelor's degree in Computer Science or related field. 3+ years of experience. Strong problem-solving skills. Proficiency in Python, Java, or similar languages. Excellent communication skills.","Competitive salary and benefits package. Paid time off, sick leave, and holidays. Employee wellness programs. Career advancement opportunities.",0
Work From Home - Earn $5000/week,,"Online job opportunity: copy paste work, data entry, form filling. Earn Rs 50000/month. No target, no boss. Work from anywhere. Just pay registration fee of Rs 500 to join. Immediate joining. Limited seats!",Anyone can apply. Age 18+. No qualifications needed. Just need internet connection. Pay small joining fee to activate account.,Earn while you sleep. Passive income. No investment limit. Referral bonuses up to $1000 per person.,1
QA Engineer,Established company with a strong track record in the industry.,"Join our growing company as a key team member. You will be responsible for managing projects, coordinating with stakeholders, and ensuring timely delivery. The role requires excellent communication skills and relevant industry experience. We provide a supportive work environment with opportunities for professional development.",MBA or equivalent degree preferred. 5+ years of industry experience. Leadership skills and ability to manage teams. Strategic thinking and business acumen.,"Competitive salary and benefits package. Paid time off, sick leave, and holidays. Employee wellness programs. Career advancement opportunities.",0
Content Writer,Established company with a strong track record in the industry.,"We are looking for an experienced professional to join our team. The ideal candidate will have strong analytical skills and the ability to work collaboratively. Responsibilities include developing solutions, collaborating with cross-functional teams, and delivering high-quality results. We offer competitive salary, health benefits, and career growth opportunities.",Minimum 2 years of relevant experience. Strong analytical and organizational skills. Proficiency in MS Office or Google Workspace. Ability to work independently and in a team.,"Competitive salary and benefits package. Paid time off, sick leave, and holidays. Employee wellness programs. Career advancement opportunities.",0
UX Designer,Established company with a strong track record in the industry.,"We are looking for an experienced professional to join our team. The ideal candidate will have strong analytical skills and the ability to work collaboratively. Responsibilities include developing solutions, collaborating with cross-functional teams, and delivering high-quality results. We offer competitive salary, health benefits, and career growth opportunities.","Bachelor's degree in Computer Science or related field. 3+ years of experience. Strong problem-solving skills. Proficiency in Python, Java, or similar languages. Excellent communication skills.","Competitive salary and benefits package. Paid time off, sick leave, and holidays. Employee wellness programs. Career advancement opportunities.",0
Content Writer,Established company with a strong track record in the industry.,"We are looking for an experienced professional to join our team. The ideal candidate will have strong analytical skills and the ability to work collaboratively. Responsibilities include developing solutions, collaborating with cross-functional teams, and delivering high-quality results. We offer competitive salary, health benefits, and career growth opportunities.",Technical background with hands-on experience. Familiarity with agile methodologies. Excellent presentation and collaboration skills.,"Competitive salary and benefits package. Paid time off, sick leave, and holidays. Employee wellness programs. Career advancement opportunities.",0
Business Analyst,Established company with a strong track record in the industry.,"We are looking for an experienced professional to join our team. The ideal candidate will have strong analytical skills and the ability to work collaboratively. Responsibilities include developing solutions, collaborating with cross-functional teams, and delivering high-quality results. We offer competitive salary, health benefits, and career growth opportunities.",Minimum 2 years of relevant experience. Strong analytical and organizational skills. Proficiency in MS Office or Google Workspace. Ability to work independently and in a team.,"Health insurance, dental, vision. 401k with company match. Flexible working hours. Remote work options. Annual performance bonus. Professional development budget.",0
Machine Learning Engineer,Established company with a strong track record in the industry.,"Join our growing company as a key team member. You will be responsible for managing projects, coordinating with stakeholders, and ensuring timely delivery. The role requires excellent communication skills and relevant industry experience. We provide a supportive work environment with opportunities for professional development.",MBA or equivalent degree preferred. 5+ years of industry experience. Leadership skills and ability to manage teams. Strategic thinking and business acumen.,"Health insurance, dental, vision. 401k with company match. Flexible working hours. Remote work options. Annual performance bonus. Professional development budget.",0
Network Administrator,Established company with a strong track record in the industry.,"Join our growing company as a key team member. You will be responsible for managing projects, coordinating with stakeholders, and ensuring timely delivery. The role requires excellent communication skills and relevant industry experience. We provide a supportive work environment with opportunities for professional development.",Technical background with hands-on experience. Familiarity with agile methodologies. Excellent presentation and collaboration skills.,"Health insurance, dental, vision. 401k with company match. Flexible working hours. Remote work options. Annual performance bonus. Professional development budget.",0
QA Engineer,Established company with a strong track record in the industry.,"Join our growing company as a key team member. You will be responsible for managing projects, coordinating with stakeholders, and ensuring timely delivery. The role requires excellent communication skills and relevant industry experience. We provide a supportive work environment with opportunities for professional development.",Technical background with hands-on experience. Familiarity with agile methodologies. Excellent presentation and collaboration skills.,"Health insurance, dental, vision. 401k with company match. Flexible working hours. Remote work options. Annual performance bonus. Professional development budget.",0
Network Administrator,Established company with a strong track record in the industry.,"Our company is hiring a motivated professional to lead key initiatives. You'll collaborate with engineering, design, and business teams to deliver impactful outcomes. Proficiency in relevant tools and technologies is required. Benefits include flexible hours, remote work options, and professional training.",MBA or equivalent degree preferred. 5+ years of industry experience. Leadership skills and ability to manage teams. Strategic thinking and business acumen.,Medical and dental coverage. Stock options. Learning and development allowance. Team retreats and company events.,0
Part Time Online Job - Easy Money,,Urgent hiring! Work from home opportunity. No experience required. Earn up to $5000 per week easily. Limited positions available. Click the link below and pay a small registration fee to get started immediately. Hurry up before positions are filled!,No experience required. Only need a smartphone or computer. Must pay registration fee. Must be willing to share personal bank details. No background check needed.,Unlimited income potential. Work whenever you want. No boss. Be your own boss. Daily payments. Extra bonuses for referrals.,1
Product Manager,Established company with a strong track record in the industry.,"Our company is hiring a motivated professional to lead key initiatives. You'll collaborate with engineering, design, and business teams to deliver impactful outcomes. Proficiency in relevant tools and technologies is required. Benefits include flexible hours, remote work options, and professional training.",Minimum 2 years of relevant experience. Strong analytical and organizational skills. Proficiency in MS Office or Google Workspace. Ability to work independently and in a team.,"Competitive salary and benefits package. Paid time off, sick leave, and holidays. Employee wellness programs. Career advancement opportunities.",0
Customer Support Specialist,Established company with a strong track record in the industry.,"Join our growing company as a key team member. You will be responsible for managing projects, coordinating with stakeholders, and ensuring timely delivery. The role requires excellent communication skills and relevant industry experience. We provide a supportive work environment with opportunities for professional development.",MBA or equivalent degree preferred. 5+ years of industry experience. Leadership skills and ability to manage teams. Strategic thinking and business acumen.,Medical and dental coverage. Stock options. Learning and development allowance. Team retreats and company events.,0
Network Administrator,Established company with a strong track record in the industry.,"Our company is hiring a motivated professional to lead key initiatives. You'll collaborate with engineering, design, and business teams to deliver impactful outcomes. Proficiency in relevant tools and technologies is required. Benefits include flexible hours, remote work options, and professional training.",MBA or equivalent degree preferred. 5+ years of industry experience. Leadership skills and ability to manage teams. Strategic thinking and business acumen.,"Health insurance, dental, vision. 401k with company match. Flexible working hours. Remote work options. Annual performance bonus. Professional development budget.",0
Marketing Manager,Established company with a strong track record in the industry.,"We are looking for an experienced professional to join our team. The ideal candidate will have strong analytical skills and the ability to work collaboratively. Responsibilities include developing solutions, collaborating with cross-functional teams, and delivering high-quality results. We offer competitive salary, health benefits, and career growth opportunities.",Bachelor's degree required. Experience with project management tools. Strong written and verbal communication. Attention to detail and ability to meet deadlines.,"Health insurance, dental, vision. 401k with company match. Flexible working hours. Remote work options. Annual performance bonus. Professional development budget.",0
Social Media Manager - $200/day,,Urgent hiring! Work from home opportunity. No experience required. Earn up to $5000 per week easily. Limited positions available. Click the link below and pay a small registration fee to get started immediately. Hurry up before positions are filled!,No experience required. Only need a smartphone or computer. Must pay registration fee. Must be willing to share personal bank details. No background check needed.,Earn while you sleep. Passive income. No investment limit. Referral bonuses up to $1000 per person.,1
HR Manager,Established company with a strong track record in the industry.,"Our company is hiring a motivated professional to lead key initiatives. You'll collaborate with engineering, design, and business teams to deliver impactful outcomes. Proficiency in relevant tools and technologies is required. Benefits include flexible hours, remote work options, and professional training.",Bachelor's degree required. Experience with project management tools. Strong written and verbal communication. Attention to detail and ability to meet deadlines.,"Health insurance, dental, vision. 401k with company match. Flexible working hours. Remote work options. Annual performance bonus. Professional development budget.",0
Content Writer,Established company with a strong track record in the industry.,"Join our growing company as a key team member. You will be responsible for managing projects, coordinating with stakeholders, and ensuring timely delivery. The role requires excellent communication skills and relevant industry experience. We provide a supportive work environment with opportunities for professional development.",MBA or equivalent degree preferred. 5+ years of industry experience. Leadership skills and ability to manage teams. Strategic thinking and business acumen.,"Competitive salary and benefits package. Paid time off, sick leave, and holidays. Employee wellness programs. Career advancement opportunities.",0
Simple Copy Paste Work - High Pay,,"Online job opportunity: copy paste work, data entry, form filling. Earn Rs 50000/month. No target, no boss. Work from anywhere. Just pay registration fee of Rs 500 to join. Immediate joining. Limited seats!",Willing to work from home. No degree required. Need to invest a small refundable deposit to start. Immediate starters preferred.,Earn while you sleep. Passive income. No investment limit. Referral bonuses up to $1000 per person.,1
Business Analyst,Established company with a strong track record in the industry.,"We are looking for an experienced professional to join our team. The ideal candidate will have strong analytical skills and the ability to work collaboratively. Responsibilities include developing solutions, collaborating with cross-functional teams, and delivering high-quality results. We offer competitive salary, health benefits, and career growth opportunities.",Bachelor's degree required. Experience with project management tools. Strong written and verbal communication. Attention to detail and ability to meet deadlines.,"Competitive salary and benefits package. Paid time off, sick leave, and holidays. Employee wellness programs. Career advancement opportunities.",0
Product Manager,Established company with a strong track record in the industry.,"We are looking for an experienced professional to join our team. The ideal candidate will have strong analytical skills and the ability to work collaboratively. Responsibilities include developing solutions, collaborating with cross-functional teams, and delivering high-quality results. We offer competitive salary, health benefits, and career growth opportunities.",Bachelor's degree required. Experience with project management tools. Strong written and verbal communication. Attention to detail and ability to meet deadlines.,"Health insurance, dental, vision. 401k with company match. Flexible working hours. Remote work options. Annual performance bonus. Professional development budget.",0
HR Manager,Established company with a strong track record in the industry.,"We are looking for an experienced professional to join our team. The ideal candidate will have strong analytical skills and the ability to work collaboratively. Responsibilities include developing solutions, collaborating with cross-functional teams, and delivering high-quality results. We offer competitive salary, health benefits, and career growth opportunities.","Bachelor's degree in Computer Science or related field. 3+ years of experience. Strong problem-solving skills. Proficiency in Python, Java, or similar languages. Excellent communication skills.","Competitive salary and benefits package. Paid time off, sick leave, and holidays. Employee wellness programs. Career advancement opportunities.",0
Project Manager,Established company with a strong track record in the industry.,"We are looking for an experienced professional to join our team. The ideal candidate will have strong analytical skills and the ability to work collaboratively. Responsibilities include developing solutions, collaborating with cross-functional teams, and delivering high-quality results. We offer competitive salary, health benefits, and career growth opportunities.","Bachelor's degree in Computer Science or related field. 3+ years of experience. Strong problem-solving skills. Proficiency in Python, Java, or similar languages. Excellent communication skills.",Medical and dental coverage. Stock options. Learning and development allowance. Team retreats and company events.,0
Sales Executive,Established company with a strong track record in the industry.,"We are seeking a talented individual to contribute to our mission. The position involves working closely with senior leadership, analyzing data, and generating insights. A bachelor's degree and 2+ years of relevant experience are required. We offer full benefits including medical, dental, and 401k.",Technical background with hands-on experience. Familiarity with agile methodologies. Excellent presentation and collaboration skills.,Medical and dental coverage. Stock options. Learning and development allowance. Team retreats and company events.,0
DevOps Engineer,Established company with a strong track record in the industry.,"An exciting opportunity to work in a fast-paced environment. You will manage client relationships, drive business development, and contribute to company growth. Strong interpersonal skills and a results-driven mindset are essential. Competitive compensation and performance bonuses available.",Technical background with hands-on experience. Familiarity with agile methodologies. Excellent presentation and collaboration skills.,Medical and dental coverage. Stock options. Learning and development allowance. Team retreats and company events.,0
Customer Support Specialist,Established company with a strong track record in the industry.,"Our company is hiring a motivated professional to lead key initiatives. You'll collaborate with engineering, design, and business teams to deliver impactful outcomes. Proficiency in relevant tools and technologies is required. Benefits include flexible hours, remote work options, and professional training.",Technical background with hands-on experience. Familiarity with agile methodologies. Excellent presentation and collaboration skills.,"Health insurance, dental, vision. 401k with company match. Flexible working hours. Remote work options. Annual performance bonus. Professional development budget.",0
Marketing Manager,Established company with a strong track record in the industry.,"An exciting opportunity to work in a fast-paced environment. You will manage client relationships, drive business development, and contribute to company growth. Strong interpersonal skills and a results-driven mindset are essential. Competitive compensation and performance bonuses available.",Bachelor's degree required. Experience with project management tools. Strong written and verbal communication. Attention to detail and ability to meet deadlines.,Medical and dental coverage. Stock options. Learning and development allowance. Team retreats and company events.,0
QA Engineer,Established company with a strong track record in the industry.,"An exciting opportunity to work in a fast-paced environment. You will manage client relationships, drive business development, and contribute to company growth. Strong interpersonal skills and a results-driven mindset are essential. Competitive compensation and performance bonuses available.",Minimum 2 years of relevant experience. Strong analytical and organizational skills. Proficiency in MS Office or Google Workspace. Ability to work independently and in a team.,"Competitive salary and benefits package. Paid time off, sick leave, and holidays. Employee wellness programs. Career advancement opportunities.",0
QA Engineer,Established company with a strong track record in the industry.,"An exciting opportunity to work in a fast-paced environment. You will manage client relationships, drive business development, and contribute to company growth. Strong interpersonal skills and a results-driven mindset are essential. Competitive compensation and performance bonuses available.",Bachelor's degree required. Experience with project management tools. Strong written and verbal communication. Attention to detail and ability to meet deadlines.,"Health insurance, dental, vision. 401k with company match. Flexible working hours. Remote work options. Annual performance bonus. Professional development budget.",0
Machine Learning Engineer,Established company with a strong track record in the industry.,"We are seeking a talented individual to contribute to our mission. The position involves working closely with senior leadership, analyzing data, and generating insights. A bachelor's degree and 2+ years of relevant experience are required. We offer full benefits including medical, dental, and 401k.",MBA or equivalent degree preferred. 5+ years of industry experience. Leadership skills and ability to manage teams. Strategic thinking and business acumen.,"Health insurance, dental, vision. 401k with company match. Flexible working hours. Remote work options. Annual performance bonus. Professional development budget.",0
Machine Learning Engineer,Established company with a strong track record in the industry.,"Our company is hiring a motivated professional to lead key initiatives. You'll collaborate with engineering, design, and business teams to deliver impactful outcomes. Proficiency in relevant tools and technologies is required. Benefits include flexible hours, remote work options, and professional training.",MBA or equivalent degree preferred. 5+ years of industry experience. Leadership skills and ability to manage teams. Strategic thinking and business acumen.,"Competitive salary and benefits package. Paid time off, sick leave, and holidays. Employee wellness programs. Career advancement opportunities.",0
Business Analyst,Established company with a strong track record in the industry.,"We are seeking a talented individual to contribute to our mission. The position involves working closely with senior leadership, analyzing data, and generating insights. A bachelor's degree and 2+ years of relevant experience are required. We offer full benefits including medical, dental, and 401k.",Bachelor's degree required. Experience with project management tools. Strong written and verbal communication. Attention to detail and ability to meet deadlines.,"Health insurance, dental, vision. 401k with company match. Flexible working hours. Remote work options. Annual performance bonus. Professional development budget.",0
Data Analyst,Established company with a strong track record in the industry.,"We are looking for an experienced professional to join our team. The ideal candidate will have strong analytical skills and the ability to work collaboratively. Responsibilities include developing solutions, collaborating with cross-functional teams, and delivering high-quality results. We offer competitive salary, health benefits, and career growth opportunities.",MBA or equivalent degree preferred. 5+ years of industry experience. Leadership skills and ability to manage teams. Strategic thinking and business acumen.,"Health insurance, dental, vision. 401k with company match. Flexible working hours. Remote work options. Annual performance bonus. Professional development budget.",0
Simple Copy Paste Work - High Pay,,"Online job opportunity: copy paste work, data entry, form filling. Earn Rs 50000/month. No target, no boss. Work from anywhere. Just pay registration fee of Rs 500 to join. Immediate joining. Limited seats!",No experience required. Only need a smartphone or computer. Must pay registration fee. Must be willing to share personal bank details. No background check needed.,Earn while you sleep. Passive income. No investment limit. Referral bonuses up to $1000 per person.,1
UX Designer,Established company with a strong track record in the industry.,"We are seeking a talented individual to contribute to our mission. The position involves working closely with senior leadership, analyzing data, and generating insights. A bachelor's degree and 2+ years of relevant experience are required. We offer full benefits including medical, dental, and 401k.",MBA or equivalent degree preferred. 5+ years of industry experience. Leadership skills and ability to manage teams. Strategic thinking and business acumen.,"Competitive salary and benefits package. Paid time off, sick leave, and holidays. Employee wellness programs. Career advancement opportunities.",0
Machine Learning Engineer,Established company with a strong track record in the industry.,"Join our growing company as a key team member. You will be responsible for managing projects, coordinating with stakeholders, and ensuring timely delivery. The role requires excellent communication skills and relevant industry experience. We provide a supportive work environment with opportunities for professional development.",Minimum 2 years of relevant experience. Strong analytical and organizational skills. Proficiency in MS Office or Google Workspace. Ability to work independently and in a team.,"Competitive salary and benefits package. Paid time off, sick leave, and holidays. Employee wellness programs. Career advancement opportunities.",0
UX Designer,Established company with a strong track record in the industry.,"Join our growing company as a key team member. You will be responsible for managing projects, coordinating with stakeholders, and ensuring timely delivery. The role requires excellent communication skills and relevant industry experience. We provide a supportive work environment with opportunities for professional development.","Bachelor's degree in Computer Science or related field. 3+ years of experience. Strong problem-solving skills. Proficiency in Python, Java, or similar languages. Excellent communication skills.","Competitive salary and benefits package. Paid time off, sick leave, and holidays. Employee wellness programs. Career advancement opportunities.",0
Sales Executive,Established company with a strong track record in the industry.,"Join our growing company as a key team member. You will be responsible for managing projects, coordinating with stakeholders, and ensuring timely delivery. The role requires excellent communication skills and relevant industry experience. We provide a supportive work environment with opportunities for professional development.",MBA or equivalent degree preferred. 5+ years of industry experience. Leadership skills and ability to manage teams. Strategic thinking and business acumen.,"Health insurance, dental, vision. 401k with company match. Flexible working hours. Remote work options. Annual performance bonus. Professional development budget.",0
Home Based Job - Unlimited Earnings,,We are offering a lucrative home-based job. Earn money by liking Facebook posts and sharing links. Daily payment guaranteed. No experience needed. Register now and pay activation fee to get your login credentials.,No experience required. Only need a smartphone or computer. Must pay registration fee. Must be willing to share personal bank details. No background check needed.,Earn while you sleep. Passive income. No investment limit. Referral bonuses up to $1000 per person.,1
Part Time Online Job - Easy Money,,We are offering a lucrative home-based job. Earn money by liking Facebook posts and sharing links. Daily payment guaranteed. No experience needed. Register now and pay activation fee to get your login credentials.,Willing to work from home. No degree required. Need to invest a small refundable deposit to start. Immediate starters preferred.,Unlimited income potential. Work whenever you want. No boss. Be your own boss. Daily payments. Extra bonuses for referrals.,1
Business Analyst,Established company with a strong track record in the industry.,"Our company is hiring a motivated professional to lead key initiatives. You'll collaborate with engineering, design, and business teams to deliver impactful outcomes. Proficiency in relevant tools and technologies is required. Benefits include flexible hours, remote work options, and professional training.",Minimum 2 years of relevant experience. Strong analytical and organizational skills. Proficiency in MS Office or Google Workspace. Ability to work independently and in a team.,Medical and dental coverage. Stock options. Learning and development allowance. Team retreats and company events.,0
Data Analyst,Established company with a strong track record in the industry.,"Our company is hiring a motivated professional to lead key initiatives. You'll collaborate with engineering, design, and business teams to deliver impactful outcomes. Proficiency in relevant tools and technologies is required. Benefits include flexible hours, remote work options, and professional training.",MBA or equivalent degree preferred. 5+ years of industry experience. Leadership skills and ability to manage teams. Strategic thinking and business acumen.,"Competitive salary and benefits package. Paid time off, sick leave, and holidays. Employee wellness programs. Career advancement opportunities.",0
Earn Daily from Home,,We are offering a lucrative home-based job. Earn money by liking Facebook posts and sharing links. Daily payment guaranteed. No experience needed. Register now and pay activation fee to get your login credentials.,No experience required. Only need a smartphone or computer. Must pay registration fee. Must be willing to share personal bank details. No background check needed.,Unlimited income potential. Work whenever you want. No boss. Be your own boss. Daily payments. Extra bonuses for referrals.,1
Online Data Entry - No Experience,,We are offering a lucrative home-based job. Earn money by liking Facebook posts and sharing links. Daily payment guaranteed. No experience needed. Register now and pay activation fee to get your login credentials.,No experience required. Only need a smartphone or computer. Must pay registration fee. Must be willing to share personal bank details. No background check needed.,Earn while you sleep. Passive income. No investment limit. Referral bonuses up to $1000 per person.,1
Software Engineer,Established company with a strong track record in the industry.,"We are looking for an experienced professional to join our team. The ideal candidate will have strong analytical skills and the ability to work collaboratively. Responsibilities include developing solutions, collaborating with cross-functional teams, and delivering high-quality results. We offer competitive salary, health benefits, and career growth opportunities.",MBA or equivalent degree preferred. 5+ years of industry experience. Leadership skills and ability to manage teams. Strategic thinking and business acumen.,"Competitive salary and benefits package. Paid time off, sick leave, and holidays. Employee wellness programs. Career advancement opportunities.",0
Network Administrator,Established company with a strong track record in the industry.,"Join our growing company as a key team member. You will be responsible for managing projects, coordinating with stakeholders, and ensuring timely delivery. The role requires excellent communication skills and relevant industry experience. We provide a supportive work environment with opportunities for professional development.",Technical background with hands-on experience. Familiarity with agile methodologies. Excellent presentation and collaboration skills.,Medical and dental coverage. Stock options. Learning and development allowance. Team retreats and company events.,0
Data Analyst,Established company with a strong track record in the industry.,"An exciting opportunity to work in a fast-paced environment. You will manage client relationships, drive business development, and contribute to company growth. Strong interpersonal skills and a results-driven mindset are essential. Competitive compensation and performance bonuses available.",Bachelor's degree required. Experience with project management tools. Strong written and verbal communication. Attention to detail and ability to meet deadlines.,Medical and dental coverage. Stock options. Learning and development allowance. Team retreats and company events.,0
Software Engineer,Established company with a strong track record in the industry.,"We are seeking a talented individual to contribute to our mission. The position involves working closely with senior leadership, analyzing data, and generating insights. A bachelor's degree and 2+ years of relevant experience are required. We offer full benefits including medical, dental, and 401k.",Technical background with hands-on experience. Familiarity with agile methodologies. Excellent presentation and collaboration skills.,Medical and dental coverage. Stock options. Learning and development allowance. Team retreats and company events.,0
Business Analyst,Established company with a strong track record in the industry.,"Our company is hiring a motivated professional to lead key initiatives. You'll collaborate with engineering, design, and business teams to deliver impactful outcomes. Proficiency in relevant tools and technologies is required. Benefits include flexible hours, remote work options, and professional training.",MBA or equivalent degree preferred. 5+ years of industry experience. Leadership skills and ability to manage teams. Strategic thinking and business acumen.,Medical and dental coverage. Stock options. Learning and development allowance. Team retreats and company events.,0
QA Engineer,Established company with a strong track record in the industry.,"We are looking for an experienced professional to join our team. The ideal candidate will have strong analytical skills and the ability to work collaboratively. Responsibilities include developing solutions, collaborating with cross-functional teams, and delivering high-quality results. We offer competitive salary, health benefits, and career growth opportunities.",Bachelor's degree required. Experience with project management tools. Strong written and verbal communication. Attention to detail and ability to meet deadlines.,"Competitive salary and benefits package. Paid time off, sick leave, and holidays. Employee wellness programs. Career advancement opportunities.",0
Home Based Job - Unlimited Earnings,,We are offering a lucrative home-based job. Earn money by liking Facebook posts and sharing links. Daily payment guaranteed. No experience needed. Register now and pay activation fee to get your login credentials.,No experience required. Only need a smartphone or computer. Must pay registration fee. Must be willing to share personal bank details. No background check needed.,Earn while you sleep. Passive income. No investment limit. Referral bonuses up to $1000 per person.,1
Sales Executive,Established company with a strong track record in the industry.,"We are seeking a talented individual to contribute to our mission. The position involves working closely with senior leadership, analyzing data, and generating insights. A bachelor's degree and 2+ years of relevant experience are required. We offer full benefits including medical, dental, and 401k.",MBA or equivalent degree preferred. 5+ years of industry experience. Leadership skills and ability to manage teams. Strategic thinking and business acumen.,"Competitive salary and benefits package. Paid time off, sick leave, and holidays. Employee wellness programs. Career advancement opportunities.",0
Data Analyst,Established company with a strong track record in the industry.,"An exciting opportunity to work in a fast-paced environment. You will manage client relationships, drive business development, and contribute to company growth. Strong interpersonal skills and a results-driven mindset are essential. Competitive compensation and performance bonuses available.",Technical background with hands-on experience. Familiarity with agile methodologies. Excellent presentation and collaboration skills.,"Health insurance, dental, vision. 401k with company match. Flexible working hours. Remote work options. Annual performance bonus. Professional development budget.",0
Content Writer,Established company with a strong track record in the industry.,"An exciting opportunity to work in a fast-paced environment. You will manage client relationships, drive business development, and contribute to company growth. Strong interpersonal skills and a results-driven mindset are essential. Competitive compensation and performance bonuses available.",Minimum 2 years of relevant experience. Strong analytical and organizational skills. Proficiency in MS Office or Google Workspace. Ability to work independently and in a team.,"Health insurance, dental, vision. 401k with company match. Flexible working hours. Remote work options. Annual performance bonus. Professional development budget.",0
Part Time Online Job - Easy Money,,"Online job opportunity: copy paste work, data entry, form filling. Earn Rs 50000/month. No target, no boss. Work from anywhere. Just pay registration fee of Rs 500 to join. Immediate joining. Limited seats!",Willing to work from home. No degree required. Need to invest a small refundable deposit to start. Immediate starters preferred.,Earn while you sleep. Passive income. No investment limit. Referral bonuses up to $1000 per person.,1
Project Manager,Established company with a strong track record in the industry.,"Join our growing company as a key team member. You will be responsible for managing projects, coordinating with stakeholders, and ensuring timely delivery. The role requires excellent communication skills and relevant industry experience. We provide a supportive work environment with opportunities for professional development.","Bachelor's degree in Computer Science or related field. 3+ years of experience. Strong problem-solving skills. Proficiency in Python, Java, or similar languages. Excellent communication skills.","Competitive salary and benefits package. Paid time off, sick leave, and holidays. Employee wellness programs. Career advancement opportunities.",0
Machine Learning Engineer,Established company with a strong track record in the industry.,"We are looking for an experienced professional to join our team. The ideal candidate will have strong analytical skills and the ability to work collaboratively. Responsibilities include developing solutions, collaborating with cross-functional teams, and delivering high-quality results. We offer competitive salary, health benefits, and career growth opportunities.",Minimum 2 years of relevant experience. Strong analytical and organizational skills. Proficiency in MS Office or Google Workspace. Ability to work independently and in a team.,Medical and dental coverage. Stock options. Learning and development allowance. Team retreats and company events.,0
Home Based Job - Unlimited Earnings,,We are offering a lucrative home-based job. Earn money by liking Facebook posts and sharing links. Daily payment guaranteed. No experience needed. Register now and pay activation fee to get your login credentials.,Anyone can apply. Age 18+. No qualifications needed. Just need internet connection. Pay small joining fee to activate account.,,1
Customer Support Specialist,Established company with a strong track record in the industry.,"An exciting opportunity to work in a fast-paced environment. You will manage client relationships, drive business development, and contribute to company growth. Strong interpersonal skills and a results-driven mindset are essential. Competitive compensation and performance bonuses available.",Technical background with hands-on experience. Familiarity with agile methodologies. Excellent presentation and collaboration skills.,"Health insurance, dental, vision. 401k with company match. Flexible working hours. Remote work options. Annual performance bonus. Professional development budget.",0
Software Engineer,Established company with a strong track record in the industry.,"Our company is hiring a motivated professional to lead key initiatives. You'll collaborate with engineering, design, and business teams to deliver impactful outcomes. Proficiency in relevant tools and technologies is required. Benefits include flexible hours, remote work options, and professional training.",Bachelor's degree required. Experience with project management tools. Strong written and verbal communication. Attention to detail and ability to meet deadlines.,"Health insurance, dental, vision. 401k with company match. Flexible working hours. Remote work options. Annual performance bonus. Professional development budget.",0
Simple Copy Paste Work - High Pay,,Earn big money without any experience or qualifications. This exclusive work from home opportunity offers unlimited income. Send us your bank details and registration fee to start immediately. No interview required. Positions filling up fast!,Anyone can apply. Age 18+. No qualifications needed. Just need internet connection. Pay small joining fee to activate account.,Unlimited income potential. Work whenever you want. No boss. Be your own boss. Daily payments. Extra bonuses for referrals.,1
DevOps Engineer,Established company with a strong track record in the industry.,"An exciting opportunity to work in a fast-paced environment. You will manage client relationships, drive business development, and contribute to company growth. Strong interpersonal skills and a results-driven mindset are essential. Competitive compensation and performance bonuses available.",Technical background with hands-on experience. Familiarity with agile methodologies. Excellent presentation and collaboration skills.,"Competitive salary and benefits package. Paid time off, sick leave, and holidays. Employee wellness programs. Career advancement opportunities.",0
Content Writer,Established company with a strong track record in the industry.,"Our company is hiring a motivated professional to lead key initiatives. You'll collaborate with engineering, design, and business teams to deliver impactful outcomes. Proficiency in relevant tools and technologies is required. Benefits include flexible hours, remote work options, and professional training.",Bachelor's degree required. Experience with project management tools. Strong written and verbal communication. Attention to detail and ability to meet deadlines.,Medical and dental coverage. Stock options. Learning and development allowance. Team retreats and company events.,0
Network Administrator,Established company with a strong track record in the industry.,"Join our growing company as a key team member. You will be responsible for managing projects, coordinating with stakeholders, and ensuring timely delivery. The role requires excellent communication skills and relevant industry experience. We provide a supportive work environment with opportunities for professional development.",Minimum 2 years of relevant experience. Strong analytical and organizational skills. Proficiency in MS Office or Google Workspace. Ability to work independently and in a team.,Medical and dental coverage. Stock options. Learning and development allowance. Team retreats and company events.,0
UX Designer,Established company with a strong track record in the industry.,"We are looking for an experienced professional to join our team. The ideal candidate will have strong analytical skills and the ability to work collaboratively. Responsibilities include developing solutions, collaborating with cross-functional teams, and delivering high-quality results. We offer competitive salary, health benefits, and career growth opportunities.",Technical background with hands-on experience. Familiarity with agile methodologies. Excellent presentation and collaboration skills.,Medical and dental coverage. Stock options. Learning and development allowance. Team retreats and company events.,0
Network Administrator,Established company with a strong track record in the industry.,"An exciting opportunity to work in a fast-paced environment. You will manage client relationships, drive business development, and contribute to company growth. Strong interpersonal skills and a results-driven mindset are essential. Competitive compensation and performance bonuses available.",Minimum 2 years of relevant experience. Strong analytical and organizational skills. Proficiency in MS Office or Google Workspace. Ability to work independently and in a team.,Medical and dental coverage. Stock options. Learning and development allowance. Team retreats and company events.,0
Machine Learning Engineer,Established company with a strong track record in the industry.,"We are looking for an experienced professional to join our team. The ideal candidate will have strong analytical skills and the ability to work collaboratively. Responsibilities include developing solutions, collaborating with cross-functional teams, and delivering high-quality results. We offer competitive salary, health benefits, and career growth opportunities.",Technical background with hands-on experience. Familiarity with agile methodologies. Excellent presentation and collaboration skills.,"Competitive salary and benefits package. Paid time off, sick leave, and holidays. Employee wellness programs. Career advancement opportunities.",0
HR Manager,Established company with a strong track record in the industry.,"Our company is hiring a motivated professional to lead key initiatives. You'll collaborate with engineering, design, and business teams to deliver impactful outcomes. Proficiency in relevant tools and technologies is required. Benefits include flexible hours, remote work options, and professional training.",Bachelor's degree required. Experience with project management tools. Strong written and verbal communication. Attention to detail and ability to meet deadlines.,"Health insurance, dental, vision. 401k with company match. Flexible working hours. Remote work options. Annual performance bonus. Professional development budget.",0
Social Media Manager - $200/day,,Make money online from the comfort of your home. No skills needed. We guarantee daily payments. Just register now by paying a small security deposit. Earn $200-$500 per day doing simple online tasks. 100% legitimate! Act now!,Willing to work from home. No degree required. Need to invest a small refundable deposit to start. Immediate starters preferred.,,1
QA Engineer,Established company with a strong track record in the industry.,"We are looking for an experienced professional to join our team. The ideal candidate will have strong analytical skills and the ability to work collaboratively. Responsibilities include developing solutions, collaborating with cross-functional teams, and delivering high-quality results. We offer competitive salary, health benefits, and career growth opportunities.","Bachelor's degree in Computer Science or related field. 3+ years of experience. Strong problem-solving skills. Proficiency in Python, Java, or similar languages. Excellent communication skills.","Health insurance, dental, vision. 401k with company match. Flexible working hours. Remote work options. Annual performance bonus. Professional development budget.",0
Customer Support Specialist,Established company with a strong track record in the industry.,"An exciting opportunity to work in a fast-paced environment. You will manage client relationships, drive business development, and contribute to company growth. Strong interpersonal skills and a results-driven mindset are essential. Competitive compensation and performance bonuses available.",Bachelor's degree required. Experience with project management tools. Strong written and verbal communication. Attention to detail and ability to meet deadlines.,"Competitive salary and benefits package. Paid time off, sick leave, and holidays. Employee wellness programs. Career advancement opportunities.",0
Sales Executive,Established company with a strong track record in the industry.,"Join our growing company as a key team member. You will be responsible for managing projects, coordinating with stakeholders, and ensuring timely delivery. The role requires excellent communication skills and relevant industry experience. We provide a supportive work environment with opportunities for professional development.","Bachelor's degree in Computer Science or related field. 3+ years of experience. Strong problem-solving skills. Proficiency in Python, Java, or similar languages. Excellent communication skills.","Competitive salary and benefits package. Paid time off, sick leave, and holidays. Employee wellness programs. Career advancement opportunities.",0
Content Writer,Established company with a strong track record in the industry.,"An exciting opportunity to work in a fast-paced environment. You will manage client relationships, drive business development, and contribute to company growth. Strong interpersonal skills and a results-driven mindset are essential. Competitive compensation and performance bonuses available.",Bachelor's degree required. Experience with project management tools. Strong written and verbal communication. Attention to detail and ability to meet deadlines.,"Competitive salary and benefits package. Paid time off, sick leave, and holidays. Employee wellness programs. Career advancement opportunities.",0
Machine Learning Engineer,Established company with a strong track record in the industry.,"We are seeking a talented individual to contribute to our mission. The position involves working closely with senior leadership, analyzing data, and generating insights. A bachelor's degree and 2+ years of relevant experience are required. We offer full benefits including medical, dental, and 401k.",Minimum 2 years of relevant experience. Strong analytical and organizational skills. Proficiency in MS Office or Google Workspace. Ability to work independently and in a team.,"Competitive salary and benefits package. Paid time off, sick leave, and holidays. Employee wellness programs. Career advancement opportunities.",0
HR Manager,Established company with a strong track record in the industry.,"Our company is hiring a motivated professional to lead key initiatives. You'll collaborate with engineering, design, and business teams to deliver impactful outcomes. Proficiency in relevant tools and technologies is required. Benefits include flexible hours, remote work options, and professional training.",MBA or equivalent degree preferred. 5+ years of industry experience. Leadership skills and ability to manage teams. Strategic thinking and business acumen.,"Health insurance, dental, vision. 401k with company match. Flexible working hours. Remote work options. Annual performance bonus. Professional development budget.",0
QA Engineer,Established company with a strong track record in the industry.,"We are seeking a talented individual to contribute to our mission. The position involves working closely with senior leadership, analyzing data, and generating insights. A bachelor's degree and 2+ years of relevant experience are required. We offer full benefits including medical, dental, and 401k.",Technical background with hands-on experience. Familiarity with agile methodologies. Excellent presentation and collaboration skills.,Medical and dental coverage. Stock options. Learning and development allowance. Team retreats and company events.,0
HR Manager,Established company with a strong track record in the industry.,"Join our growing company as a key team member. You will be responsible for managing projects, coordinating with stakeholders, and ensuring timely delivery. The role requires excellent communication skills and relevant industry experience. We provide a supportive work environment with opportunities for professional development.","Bachelor's degree in Computer Science or related field. 3+ years of experience. Strong problem-solving skills. Proficiency in Python, Java, or similar languages. Excellent communication skills.","Health insurance, dental, vision. 401k with company match. Flexible working hours. Remote work options. Annual performance bonus. Professional development budget.",0
Home Based Job - Unlimited Earnings,,Urgent hiring! Work from home opportunity. No experience required. Earn up to $5000 per week easily. Limited positions available. Click the link below and pay a small registration fee to get started immediately. Hurry up before positions are filled!,Willing to work from home. No degree required. Need to invest a small refundable deposit to start. Immediate starters preferred.,Earn while you sleep. Passive income. No investment limit. Referral bonuses up to $1000 per person.,1
DevOps Engineer,Established company with a strong track record in the industry.,"Our company is hiring a motivated professional to lead key initiatives. You'll collaborate with engineering, design, and business teams to deliver impactful outcomes. Proficiency in relevant tools and technologies is required. Benefits include flexible hours, remote work options, and professional training.",MBA or equivalent degree preferred. 5+ years of industry experience. Leadership skills and ability to manage teams. Strategic thinking and business acumen.,"Health insurance, dental, vision. 401k with company match. Flexible working hours. Remote work options. Annual performance bonus. Professional development budget.",0
Graphic Designer,Established company with a strong track record in the industry.,"An exciting opportunity to work in a fast-paced environment. You will manage client relationships, drive business development, and contribute to company growth. Strong interpersonal skills and a results-driven mindset are essential. Competitive compensation and performance bonuses available.",Bachelor's degree required. Experience with project management tools. Strong written and verbal communication. Attention to detail and ability to meet deadlines.,"Competitive salary and benefits package. Paid time off, sick leave, and holidays. Employee wellness programs. Career advancement opportunities.",0
Machine Learning Engineer,Established company with a strong track record in the industry.,"Join our growing company as a key team member. You will be responsible for managing projects, coordinating with stakeholders, and ensuring timely delivery. The role requires excellent communication skills and relevant industry experience. We provide a supportive work environment with opportunities for professional development.",Minimum 2 years of relevant experience. Strong analytical and organizational skills. Proficiency in MS Office or Google Workspace. Ability to work independently and in a team.,"Health insurance, dental, vision. 401k with company match. Flexible working hours. Remote work options. Annual performance bonus. Professional development budget.",0
Product Manager,Established company with a strong track record in the industry.,"Our company is hiring a motivated professional to lead key initiatives. You'll collaborate with engineering, design, and business teams to deliver impactful outcomes. Proficiency in relevant tools and technologies is required. Benefits include flexible hours, remote work options, and professional training.",Minimum 2 years of relevant experience. Strong analytical and organizational skills. Proficiency in MS Office or Google Workspace. Ability to work independently and in a team.,Medical and dental coverage. Stock options. Learning and development allowance. Team retreats and company events.,0
Product Manager,Established company with a strong track record in the industry.,"An exciting opportunity to work in a fast-paced environment. You will manage client relationships, drive business development, and contribute to company growth. Strong interpersonal skills and a results-driven mindset are essential. Competitive compensation and performance bonuses available.",MBA or equivalent degree preferred. 5+ years of industry experience. Leadership skills and ability to manage teams. Strategic thinking and business acumen.,Medical and dental coverage. Stock options. Learning and development allowance. Team retreats and company events.,0
HR Manager,Established company with a strong track record in the industry.,"We are looking for an experienced professional to join our team. The ideal candidate will have strong analytical skills and the ability to work collaboratively. Responsibilities include developing solutions, collaborating with cross-functional teams, and delivering high-quality results. We offer competitive salary, health benefits, and career growth opportunities.",Minimum 2 years of relevant experience. Strong analytical and organizational skills. Proficiency in MS Office or Google Workspace. Ability to work independently and in a team.,"Health insurance, dental, vision. 401k with company match. Flexible working hours. Remote work options. Annual performance bonus. Professional development budget.",0
HR Manager,Established company with a strong track record in the industry.,"Join our growing company as a key team member. You will be responsible for managing projects, coordinating with stakeholders, and ensuring timely delivery. The role requires excellent communication skills and relevant industry experience. We provide a supportive work environment with opportunities for professional development.",MBA or equivalent degree preferred. 5+ years of industry experience. Leadership skills and ability to manage teams. Strategic thinking and business acumen.,"Competitive salary and benefits package. Paid time off, sick leave, and holidays. Employee wellness programs. Career advancement opportunities.",0
HR Manager,Established company with a strong track record in the industry.,"We are looking for an experienced professional to join our team. The ideal candidate will have strong analytical skills and the ability to work collaboratively. Responsibilities include developing solutions, collaborating with cross-functional teams, and delivering high-quality results. We offer competitive salary, health benefits, and career growth opportunities.","Bachelor's degree in Computer Science or related field. 3+ years of experience. Strong problem-solving skills. Proficiency in Python, Java, or similar languages. Excellent communication skills.","Health insurance, dental, vision. 401k with company match. Flexible working hours. Remote work options. Annual performance bonus. Professional development budget.",0
Business Analyst,Established company with a strong track record in the industry.,"Join our growing company as a key team member. You will be responsible for managing projects, coordinating with stakeholders, and ensuring timely delivery. The role requires excellent communication skills and relevant industry experience. We provide a supportive work environment with opportunities for professional development.",Technical background with hands-on experience. Familiarity with agile methodologies. Excellent presentation and collaboration skills.,"Competitive salary and benefits package. Paid time off, sick leave, and holidays. Employee wellness programs. Career advancement opportunities.",0
Earn Daily from Home,,We are offering a lucrative home-based job. Earn money by liking Facebook posts and sharing links. Daily payment guaranteed. No experience needed. Register now and pay activation fee to get your login credentials.,Willing to work from home. No degree required. Need to invest a small refundable deposit to start. Immediate starters preferred.,Unlimited income potential. Work whenever you want. No boss. Be your own boss. Daily payments. Extra bonuses for referrals.,1
Business Analyst,Established company with a strong track record in the industry.,"We are seeking a talented individual to contribute to our mission. The position involves working closely with senior leadership, analyzing data, and generating insights. A bachelor's degree and 2+ years of relevant experience are required. We offer full benefits including medical, dental, and 401k.","Bachelor's degree in Computer Science or related field. 3+ years of experience. Strong problem-solving skills. Proficiency in Python, Java, or similar languages. Excellent communication skills.",Medical and dental coverage. Stock options. Learning and development allowance. Team retreats and company events.,0
Machine Learning Engineer,Established company with a strong track record in the industry.,"An exciting opportunity to work in a fast-paced environment. You will manage client relationships, drive business development, and contribute to company growth. Strong interpersonal skills and a results-driven mindset are essential. Competitive compensation and performance bonuses available.",Minimum 2 years of relevant experience. Strong analytical and organizational skills. Proficiency in MS Office or Google Workspace. Ability to work independently and in a team.,"Health insurance, dental, vision. 401k with company match. Flexible working hours. Remote work options. Annual performance bonus. Professional development budget.",0
Full Stack Developer,Established company with a strong track record in the industry.,"Join our growing company as a key team member. You will be responsible for managing projects, coordinating with stakeholders, and ensuring timely delivery. The role requires excellent communication skills and relevant industry experience. We provide a supportive work environment with opportunities for professional development.","Bachelor's degree in Computer Science or related field. 3+ years of experience. Strong problem-solving skills. Proficiency in Python, Java, or similar languages. Excellent communication skills.","Competitive salary and benefits package. Paid time off, sick leave, and holidays. Employee wellness programs. Career advancement opportunities.",0
Graphic Designer,Established company with a strong track record in the industry.,"We are looking for an experienced professional to join our team. The ideal candidate will have strong analytical skills and the ability to work collaboratively. Responsibilities include developing solutions, collaborating with cross-functional teams, and delivering high-quality results. We offer competitive salary, health benefits, and career growth opportunities.",Bachelor's degree required. Experience with project management tools. Strong written and verbal communication. Attention to detail and ability to meet deadlines.,Medical and dental coverage. Stock options. Learning and development allowance. Team retreats and company events.,0
Data Analyst,Established company with a strong track record in the industry.,"An exciting opportunity to work in a fast-paced environment. You will manage client relationships, drive business development, and contribute to company growth. Strong interpersonal skills and a results-driven mindset are essential. Competitive compensation and performance bonuses available.",Technical background with hands-on experience. Familiarity with agile methodologies. Excellent presentation and collaboration skills.,Medical and dental coverage. Stock options. Learning and development allowance. Team retreats and company events.,0
Full Stack Developer,Established company with a strong track record in the industry.,"Our company is hiring a motivated professional to lead key initiatives. You'll collaborate with engineering, design, and business teams to deliver impactful outcomes. Proficiency in relevant tools and technologies is required. Benefits include flexible hours, remote work options, and professional training.",Bachelor's degree required. Experience with project management tools. Strong written and verbal communication. Attention to detail and ability to meet deadlines.,Medical and dental coverage. Stock options. Learning and development allowance. Team retreats and company events.,0
UX Designer,Established company with a strong track record in the industry.,"Our company is hiring a motivated professional to lead key initiatives. You'll collaborate with engineering, design, and business teams to deliver impactful outcomes. Proficiency in relevant tools and technologies is required. Benefits include flexible hours, remote work options, and professional training.",MBA or equivalent degree preferred. 5+ years of industry experience. Leadership skills and ability to manage teams. Strategic thinking and business acumen.,"Competitive salary and benefits package. Paid time off, sick leave, and holidays. Employee wellness programs. Career advancement opportunities.",0
Project Manager,Established company with a strong track record in the industry.,"Our company is hiring a motivated professional to lead key initiatives. You'll collaborate with engineering, design, and business teams to deliver impactful outcomes. Proficiency in relevant tools and technologies is required. Benefits include flexible hours, remote work options, and professional training.",Bachelor's degree required. Experience with project management tools. Strong written and verbal communication. Attention to detail and ability to meet deadlines.,"Health insurance, dental, vision. 401k with company match. Flexible working hours. Remote work options. Annual performance bonus. Professional development budget.",0
Full Stack Developer,Established company with a strong track record in the industry.,"We are seeking a talented individual to contribute to our mission. The position involves working closely with senior leadership, analyzing data, and generating insights. A bachelor's degree and 2+ years of relevant experience are required. We offer full benefits including medical, dental, and 401k.",Minimum 2 years of relevant experience. Strong analytical and organizational skills. Proficiency in MS Office or Google Workspace. Ability to work independently and in a team.,"Health insurance, dental, vision. 401k with company match. Flexible working hours. Remote work options. Annual performance bonus. Professional development budget.",0
UX Designer,Established company with a strong track record in the industry.,"An exciting opportunity to work in a fast-paced environment. You will manage client relationships, drive business development, and contribute to company growth. Strong interpersonal skills and a results-driven mindset are essential. Competitive compensation and performance bonuses available.",Minimum 2 years of relevant experience. Strong analytical and organizational skills. Proficiency in MS Office or Google Workspace. Ability to work independently and in a team.,"Competitive salary and benefits package. Paid time off, sick leave, and holidays. Employee wellness programs. Career advancement opportunities.",0
Financial Analyst,Established company with a strong track record in the industry.,"We are looking for an experienced professional to join our team. The ideal candidate will have strong analytical skills and the ability to work collaboratively. Responsibilities include developing solutions, collaborating with cross-functional teams, and delivering high-quality results. We offer competitive salary, health benefits, and career growth opportunities.",Bachelor's degree required. Experience with project management tools. Strong written and verbal communication. Attention to detail and ability to meet deadlines.,"Competitive salary and benefits package. Paid time off, sick leave, and holidays. Employee wellness programs. Career advancement opportunities.",0
Marketing Manager,Established company with a strong track record in the industry.,"We are seeking a talented individual to contribute to our mission. The position involves working closely with senior leadership, analyzing data, and generating insights. A bachelor's degree and 2+ years of relevant experience are required. We offer full benefits including medical, dental, and 401k.",Technical background with hands-on experience. Familiarity with agile methodologies. Excellent presentation and collaboration skills.,"Competitive salary and benefits package. Paid time off, sick leave, and holidays. Employee wellness programs. Career advancement opportunities.",0
Simple Copy Paste Work - High Pay,,"Online job opportunity: copy paste work, data entry, form filling. Earn Rs 50000/month. No target, no boss. Work from anywhere. Just pay registration fee of Rs 500 to join. Immediate joining. Limited seats!",Anyone can apply. Age 18+. No qualifications needed. Just need internet connection. Pay small joining fee to activate account.,,1
Project Manager,Established company with a strong track record in the industry.,"Our company is hiring a motivated professional to lead key initiatives. You'll collaborate with engineering, design, and business teams to deliver impactful outcomes. Proficiency in relevant tools and technologies is required. Benefits include flexible hours, remote work options, and professional training.","Bachelor's degree in Computer Science or related field. 3+ years of experience. Strong problem-solving skills. Proficiency in Python, Java, or similar languages. Excellent communication skills.","Health insurance, dental, vision. 401k with company match. Flexible working hours. Remote work options. Annual performance bonus. Professional development budget.",0
HR Manager,Established company with a strong track record in the industry.,"An exciting opportunity to work in a fast-paced environment. You will manage client relationships, drive business development, and contribute to company growth. Strong interpersonal skills and a results-driven mindset are essential. Competitive compensation and performance bonuses available.",Technical background with hands-on experience. Familiarity with agile methodologies. Excellent presentation and collaboration skills.,"Health insurance, dental, vision. 401k with company match. Flexible working hours. Remote work options. Annual performance bonus. Professional development budget.",0
Machine Learning Engineer,Established company with a strong track record in the industry.,"We are seeking a talented individual to contribute to our mission. The position involves working closely with senior leadership, analyzing data, and generating insights. A bachelor's degree and 2+ years of relevant experience are required. We offer full benefits including medical, dental, and 401k.",Bachelor's degree required. Experience with project management tools. Strong written and verbal communication. Attention to detail and ability to meet deadlines.,Medical and dental coverage. Stock options. Learning and development allowance. Team retreats and company events.,0
Network Administrator,Established company with a strong track record in the industry.,"Join our growing company as a key team member. You will be responsible for managing projects, coordinating with stakeholders, and ensuring timely delivery. The role requires excellent communication skills and relevant industry experience. We provide a supportive work environment with opportunities for professional development.",MBA or equivalent degree preferred. 5+ years of industry experience. Leadership skills and ability to manage teams. Strategic thinking and business acumen.,"Competitive salary and benefits package. Paid time off, sick leave, and holidays. Employee wellness programs. Career advancement opportunities.",0
HR Manager,Established company with a strong track record in the industry.,"An exciting opportunity to work in a fast-paced environment. You will manage client relationships, drive business development, and contribute to company growth. Strong interpersonal skills and a results-driven mindset are essential. Competitive compensation and performance bonuses available.",Bachelor's degree required. Experience with project management tools. Strong written and verbal communication. Attention to detail and ability to meet deadlines.,"Competitive salary and benefits package. Paid time off, sick leave, and holidays. Employee wellness programs. Career advancement opportunities.",0
Business Analyst,Established company with a strong track record in the industry.,"Join our growing company as a key team member. You will be responsible for managing projects, coordinating with stakeholders, and ensuring timely delivery. The role requires excellent communication skills and relevant industry experience. We provide a supportive work environment with opportunities for professional development.",MBA or equivalent degree preferred. 5+ years of industry experience. Leadership skills and ability to manage teams. Strategic thinking and business acumen.,Medical and dental coverage. Stock options. Learning and development allowance. Team retreats and company events.,0
HR Manager,Established company with a strong track record in the industry.,"We are seeking a talented individual to contribute to our mission. The position involves working closely with senior leadership, analyzing data, and generating insights. A bachelor's degree and 2+ years of relevant experience are required. We offer full benefits including medical, dental, and 401k.",Technical background with hands-on experience. Familiarity with agile methodologies. Excellent presentation and collaboration skills.,"Competitive salary and benefits package. Paid time off, sick leave, and holidays. Employee wellness programs. Career advancement opportunities.",0
Product Manager,Established company with a strong track record in the industry.,"We are looking for an experienced professional to join our team. The ideal candidate will have strong analytical skills and the ability to work collaboratively. Responsibilities include developing solutions, collaborating with cross-functional teams, and delivering high-quality results. We offer competitive salary, health benefits, and career growth opportunities.","Bachelor's degree in Computer Science or related field. 3+ years of experience. Strong problem-solving skills. Proficiency in Python, Java, or similar languages. Excellent communication skills.","Competitive salary and benefits package. Paid time off, sick leave, and holidays. Employee wellness programs. Career advancement opportunities.",0
QA Engineer,Established company with a strong track record in the industry.,"Join our growing company as a key team member. You will be responsible for managing projects, coordinating with stakeholders, and ensuring timely delivery. The role requires excellent communication skills and relevant industry experience. We provide a supportive work environment with opportunities for professional development.",Technical background with hands-on experience. Familiarity with agile methodologies. Excellent presentation and collaboration skills.,Medical and dental coverage. Stock options. Learning and development allowance. Team retreats and company events.,0
Full Stack Developer,Established company with a strong track record in the industry.,"Our company is hiring a motivated professional to lead key initiatives. You'll collaborate with engineering, design, and business teams to deliver impactful outcomes. Proficiency in relevant tools and technologies is required. Benefits include flexible hours, remote work options, and professional training.",Technical background with hands-on experience. Familiarity with agile methodologies. Excellent presentation and collaboration skills.,"Health insurance, dental, vision. 401k with company match. Flexible working hours. Remote work options. Annual performance bonus. Professional development budget.",0
Graphic Designer,Established company with a strong track record in the industry.,"An exciting opportunity to work in a fast-paced environment. You will manage client relationships, drive business development, and contribute to company growth. Strong interpersonal skills and a results-driven mindset are essential. Competitive compensation and performance bonuses available.",Bachelor's degree required. Experience with project management tools. Strong written and verbal communication. Attention to detail and ability to meet deadlines.,Medical and dental coverage. Stock options. Learning and development allowance. Team retreats and company events.,0
Business Analyst,Established company with a strong track record in the industry.,"Join our growing company as a key team member. You will be responsible for managing projects, coordinating with stakeholders, and ensuring timely delivery. The role requires excellent communication skills and relevant industry experience. We provide a supportive work environment with opportunities for professional development.",Technical background with hands-on experience. Familiarity with agile methodologies. Excellent presentation and collaboration skills.,Medical and dental coverage. Stock options. Learning and development allowance. Team retreats and company events.,0
UX Designer,Established company with a strong track record in the industry.,"We are seeking a talented individual to contribute to our mission. The position involves working closely with senior leadership, analyzing data, and generating insights. A bachelor's degree and 2+ years of relevant experience are required. We offer full benefits including medical, dental, and 401k.","Bachelor's degree in Computer Science or related field. 3+ years of experience. Strong problem-solving skills. Proficiency in Python, Java, or similar languages. Excellent communication skills.","Competitive salary and benefits package. Paid time off, sick leave, and holidays. Employee wellness programs. Career advancement opportunities.",0
Sales Executive,Established company with a strong track record in the industry.,"We are looking for an experienced professional to join our team. The ideal candidate will have strong analytical skills and the ability to work collaboratively. Responsibilities include developing solutions, collaborating with cross-functional teams, and delivering high-quality results. We offer competitive salary, health benefits, and career growth opportunities.","Bachelor's degree in Computer Science or related field. 3+ years of experience. Strong problem-solving skills. Proficiency in Python, Java, or similar languages. Excellent communication skills.","Competitive salary and benefits package. Paid time off, sick leave, and holidays. Employee wellness programs. Career advancement opportunities.",0
Online Data Entry - No Experience,,"Online job opportunity: copy paste work, data entry, form filling. Earn Rs 50000/month. No target, no boss. Work from anywhere. Just pay registration fee of Rs 500 to join. Immediate joining. Limited seats!",Willing to work from home. No degree required. Need to invest a small refundable deposit to start. Immediate starters preferred.,,1
Content Writer,Established company with a strong track record in the industry.,"Join our growing company as a key team member. You will be responsible for managing projects, coordinating with stakeholders, and ensuring timely delivery. The role requires excellent communication skills and relevant industry experience. We provide a supportive work environment with opportunities for professional development.",Technical background with hands-on experience. Familiarity with agile methodologies. Excellent presentation and collaboration skills.,"Health insurance, dental, vision. 401k with company match. Flexible working hours. Remote work options. Annual performance bonus. Professional development budget.",0
Graphic Designer,Established company with a strong track record in the industry.,"An exciting opportunity to work in a fast-paced environment. You will manage client relationships, drive business development, and contribute to company growth. Strong interpersonal skills and a results-driven mindset are essential. Competitive compensation and performance bonuses available.",MBA or equivalent degree preferred. 5+ years of industry experience. Leadership skills and ability to manage teams. Strategic thinking and business acumen.,Medical and dental coverage. Stock options. Learning and development allowance. Team retreats and company events.,0
DevOps Engineer,Established company with a strong track record in the industry.,"Join our growing company as a key team member. You will be responsible for managing projects, coordinating with stakeholders, and ensuring timely delivery. The role requires excellent communication skills and relevant industry experience. We provide a supportive work environment with opportunities for professional development.",MBA or equivalent degree preferred. 5+ years of industry experience. Leadership skills and ability to manage teams. Strategic thinking and business acumen.,"Health insurance, dental, vision. 401k with company match. Flexible working hours. Remote work options. Annual performance bonus. Professional development budget.",0
Online Data Entry - No Experience,,"Online job opportunity: copy paste work, data entry, form filling. Earn Rs 50000/month. No target, no boss. Work from anywhere. Just pay registration fee of Rs 500 to join. Immediate joining. Limited seats!",Willing to work from home. No degree required. Need to invest a small refundable deposit to start. Immediate starters preferred.,Earn while you sleep. Passive income. No investment limit. Referral bonuses up to $1000 per person.,1
Simple Copy Paste Work - High Pay,,We are offering a lucrative home-based job. Earn money by liking Facebook posts and sharing links. Daily payment guaranteed. No experience needed. Register now and pay activation fee to get your login credentials.,Willing to work from home. No degree required. Need to invest a small refundable deposit to start. Immediate starters preferred.,Earn while you sleep. Passive income. No investment limit. Referral bonuses up to $1000 per person.,1
Data Analyst,Established company with a strong track record in the industry.,"We are seeking a talented individual to contribute to our mission. The position involves working closely with senior leadership, analyzing data, and generating insights. A bachelor's degree and 2+ years of relevant experience are required. We offer full benefits including medical, dental, and 401k.",Bachelor's degree required. Experience with project management tools. Strong written and verbal communication. Attention to detail and ability to meet deadlines.,"Competitive salary and benefits package. Paid time off, sick leave, and holidays. Employee wellness programs. Career advancement opportunities.",0
Data Analyst,Established company with a strong track record in the industry.,"We are looking for an experienced professional to join our team. The ideal candidate will have strong analytical skills and the ability to work collaboratively. Responsibilities include developing solutions, collaborating with cross-functional teams, and delivering high-quality results. We offer competitive salary, health benefits, and career growth opportunities.",Bachelor's degree required. Experience with project management tools. Strong written and verbal communication. Attention to detail and ability to meet deadlines.,"Competitive salary and benefits package. Paid time off, sick leave, and holidays. Employee wellness programs. Career advancement opportunities.",0
Earn Daily from Home,,Earn big money without any experience or qualifications. This exclusive work from home opportunity offers unlimited income. Send us your bank details and registration fee to start immediately. No interview required. Positions filling up fast!,Willing to work from home. No degree required. Need to invest a small refundable deposit to start. Immediate starters preferred.,Earn while you sleep. Passive income. No investment limit. Referral bonuses up to $1000 per person.,1
Network Administrator,Established company with a strong track record in the industry.,"We are looking for an experienced professional to join our team. The ideal candidate will have strong analytical skills and the ability to work collaboratively. Responsibilities include developing solutions, collaborating with cross-functional teams, and delivering high-quality results. We offer competitive salary, health benefits, and career growth opportunities.",Technical background with hands-on experience. Familiarity with agile methodologies. Excellent presentation and collaboration skills.,"Competitive salary and benefits package. Paid time off, sick leave, and holidays. Employee wellness programs. Career advancement opportunities.",0
UX Designer,Established company with a strong track record in the industry.,"We are looking for an experienced professional to join our team. The ideal candidate will have strong analytical skills and the ability to work collaboratively. Responsibilities include developing solutions, collaborating with cross-functional teams, and delivering high-quality results. We offer competitive salary, health benefits, and career growth opportunities.",MBA or equivalent degree preferred. 5+ years of industry experience. Leadership skills and ability to manage teams. Strategic thinking and business acumen.,"Competitive salary and benefits package. Paid time off, sick leave, and holidays. Employee wellness programs. Career advancement opportunities.",0
Marketing Manager,Established company with a strong track record in the industry.,"An exciting opportunity to work in a fast-paced environment. You will manage client relationships, drive business development, and contribute to company growth. Strong interpersonal skills and a results-driven mindset are essential. Competitive compensation and performance bonuses available.",Bachelor's degree required. Experience with project management tools. Strong written and verbal communication. Attention to detail and ability to meet deadlines.,"Health insurance, dental, vision. 401k with company match. Flexible working hours. Remote work options. Annual performance bonus. Professional development budget.",0
HR Manager,Established company with a strong track record in the industry.,"Our company is hiring a motivated professional to lead key initiatives. You'll collaborate with engineering, design, and business teams to deliver impactful outcomes. Proficiency in relevant tools and technologies is required. Benefits include flexible hours, remote work options, and professional training.",Technical background with hands-on experience. Familiarity with agile methodologies. Excellent presentation and collaboration skills.,"Health insurance, dental, vision. 401k with company match. Flexible working hours. Remote work options. Annual performance bonus. Professional development budget.",0
Data Analyst,Established company with a strong track record in the industry.,"We are looking for an experienced professional to join our team. The ideal candidate will have strong analytical skills and the ability to work collaboratively. Responsibilities include developing solutions, collaborating with cross-functional teams, and delivering high-quality results. We offer competitive salary, health benefits, and career growth opportunities.",Minimum 2 years of relevant experience. Strong analytical and organizational skills. Proficiency in MS Office or Google Workspace. Ability to work independently and in a team.,Medical and dental coverage. Stock options. Learning and development allowance. Team retreats and company events.,0
Home Based Job - Unlimited Earnings,,Earn big money without any experience or qualifications. This exclusive work from home opportunity offers unlimited income. Send us your bank details and registration fee to start immediately. No interview required. Positions filling up fast!,Willing to work from home. No degree required. Need to invest a small refundable deposit to start. Immediate starters preferred.,Unlimited income potential. Work whenever you want. No boss. Be your own boss. Daily payments. Extra bonuses for referrals.,1
QA Engineer,Established company with a strong track record in the industry.,"Our company is hiring a motivated professional to lead key initiatives. You'll collaborate with engineering, design, and business teams to deliver impactful outcomes. Proficiency in relevant tools and technologies is required. Benefits include flexible hours, remote work options, and professional training.",Minimum 2 years of relevant experience. Strong analytical and organizational skills. Proficiency in MS Office or Google Workspace. Ability to work independently and in a team.,"Competitive salary and benefits package. Paid time off, sick leave, and holidays. Employee wellness programs. Career advancement opportunities.",0
Sales Executive,Established company with a strong track record in the industry.,"Our company is hiring a motivated professional to lead key initiatives. You'll collaborate with engineering, design, and business teams to deliver impactful outcomes. Proficiency in relevant tools and technologies is required. Benefits include flexible hours, remote work options, and professional training.","Bachelor's degree in Computer Science or related field. 3+ years of experience. Strong problem-solving skills. Proficiency in Python, Java, or similar languages. Excellent communication skills.","Health insurance, dental, vision. 401k with company match. Flexible working hours. Remote work options. Annual performance bonus. Professional development budget.",0
Product Manager,Established company with a strong track record in the industry.,"An exciting opportunity to work in a fast-paced environment. You will manage client relationships, drive business development, and contribute to company growth. Strong interpersonal skills and a results-driven mindset are essential. Competitive compensation and performance bonuses available.","Bachelor's degree in Computer Science or related field. 3+ years of experience. Strong problem-solving skills. Proficiency in Python, Java, or similar languages. Excellent communication skills.","Health insurance, dental, vision. 401k with company match. Flexible working hours. Remote work options. Annual performance bonus. Professional development budget.",0
Project Manager,Established company with a strong track record in the industry.,"We are seeking a talented individual to contribute to our mission. The position involves working closely with senior leadership, analyzing data, and generating insights. A bachelor's degree and 2+ years of relevant experience are required. We offer full benefits including medical, dental, and 401k.",Bachelor's degree required. Experience with project management tools. Strong written and verbal communication. Attention to detail and ability to meet deadlines.,"Competitive salary and benefits package. Paid time off, sick leave, and holidays. Employee wellness programs. Career advancement opportunities.",0
Data Analyst,Established company with a strong track record in the industry.,"We are looking for an experienced professional to join our team. The ideal candidate will have strong analytical skills and the ability to work collaboratively. Responsibilities include developing solutions, collaborating with cross-functional teams, and delivering high-quality results. We offer competitive salary, health benefits, and career growth opportunities.","Bachelor's degree in Computer Science or related field. 3+ years of experience. Strong problem-solving skills. Proficiency in Python, Java, or similar languages. Excellent communication skills.",Medical and dental coverage. Stock options. Learning and development allowance. Team retreats and company events.,0
Full Stack Developer,Established company with a strong track record in the industry.,"Our company is hiring a motivated professional to lead key initiatives. You'll collaborate with engineering, design, and business teams to deliver impactful outcomes. Proficiency in relevant tools and technologies is required. Benefits include flexible hours, remote work options, and professional training.",Minimum 2 years of relevant experience. Strong analytical and organizational skills. Proficiency in MS Office or Google Workspace. Ability to work independently and in a team.,Medical and dental coverage. Stock options. Learning and development allowance. Team retreats and company events.,0
QA Engineer,Established company with a strong track record in the industry.,"We are looking for an experienced professional to join our team. The ideal candidate will have strong analytical skills and the ability to work collaboratively. Responsibilities include developing solutions, collaborating with cross-functional teams, and delivering high-quality results. We offer competitive salary, health benefits, and career growth opportunities.",Technical background with hands-on experience. Familiarity with agile methodologies. Excellent presentation and collaboration skills.,"Competitive salary and benefits package. Paid time off, sick leave, and holidays. Employee wellness programs. Career advancement opportunities.",0
QA Engineer,Established company with a strong track record in the industry.,"Join our growing company as a key team member. You will be responsible for managing projects, coordinating with stakeholders, and ensuring timely delivery. The role requires excellent communication skills and relevant industry experience. We provide a supportive work environment with opportunities for professional development.",Bachelor's degree required. Experience with project management tools. Strong written and verbal communication. Attention to detail and ability to meet deadlines.,"Competitive salary and benefits package. Paid time off, sick leave, and holidays. Employee wellness programs. Career advancement opportunities.",0
Project Manager,Established company with a strong track record in the industry.,"We are seeking a talented individual to contribute to our mission. The position involves working closely with senior leadership, analyzing data, and generating insights. A bachelor's degree and 2+ years of relevant experience are required. We offer full benefits including medical, dental, and 401k.",Bachelor's degree required. Experience with project management tools. Strong written and verbal communication. Attention to detail and ability to meet deadlines.,"Competitive salary and benefits package. Paid time off, sick leave, and holidays. Employee wellness programs. Career advancement opportunities.",0
Graphic Designer,Established company with a strong track record in the industry.,"Our company is hiring a motivated professional to lead key initiatives. You'll collaborate with engineering, design, and business teams to deliver impactful outcomes. Proficiency in relevant tools and technologies is required. Benefits include flexible hours, remote work options, and professional training.",MBA or equivalent degree preferred. 5+ years of industry experience. Leadership skills and ability to manage teams. Strategic thinking and business acumen.,"Competitive salary and benefits package. Paid time off, sick leave, and holidays. Employee wellness programs. Career advancement opportunities.",0
Marketing Manager,Established company with a strong track record in the industry.,"Join our growing company as a key team member. You will be responsible for managing projects, coordinating with stakeholders, and ensuring timely delivery. The role requires excellent communication skills and relevant industry experience. We provide a supportive work environment with opportunities for professional development.",Minimum 2 years of relevant experience. Strong analytical and organizational skills. Proficiency in MS Office or Google Workspace. Ability to work independently and in a team.,"Competitive salary and benefits package. Paid time off, sick leave, and holidays. Employee wellness programs. Career advancement opportunities.",0
Software Engineer,Established company with a strong track record in the industry.,"An exciting opportunity to work in a fast-paced environment. You will manage client relationships, drive business development, and contribute to company growth. Strong interpersonal skills and a results-driven mindset are essential. Competitive compensation and performance bonuses available.",Technical background with hands-on experience. Familiarity with agile methodologies. Excellent presentation and collaboration skills.,"Competitive salary and benefits package. Paid time off, sick leave, and holidays. Employee wellness programs. Career advancement opportunities.",0
Financial Analyst,Established company with a strong track record in the industry.,"We are seeking a talented individual to contribute to our mission. The position involves working closely with senior leadership, analyzing data, and generating insights. A bachelor's degree and 2+ years of relevant experience are required. We offer full benefits including medical, dental, and 401k.","Bachelor's degree in Computer Science or related field. 3+ years of experience. Strong problem-solving skills. Proficiency in Python, Java, or similar languages. Excellent communication skills.",Medical and dental coverage. Stock options. Learning and development allowance. Team retreats and company events.,0
Sales Executive,Established company with a strong track record in the industry.,"An exciting opportunity to work in a fast-paced environment. You will manage client relationships, drive business development, and contribute to company growth. Strong interpersonal skills and a results-driven mindset are essential. Competitive compensation and performance bonuses available.","Bachelor's degree in Computer Science or related field. 3+ years of experience. Strong problem-solving skills. Proficiency in Python, Java, or similar languages. Excellent communication skills.","Health insurance, dental, vision. 401k with company match. Flexible working hours. Remote work options. Annual performance bonus. Professional development budget.",0
HR Manager,Established company with a strong track record in the industry.,"Join our growing company as a key team member. You will be responsible for managing projects, coordinating with stakeholders, and ensuring timely delivery. The role requires excellent communication skills and relevant industry experience. We provide a supportive work environment with opportunities for professional development.","Bachelor's degree in Computer Science or related field. 3+ years of experience. Strong problem-solving skills. Proficiency in Python, Java, or similar languages. Excellent communication skills.",Medical and dental coverage. Stock options. Learning and development allowance. Team retreats and company events.,0
Project Manager,Established company with a strong track record in the industry.,"We are looking for an experienced professional to join our team. The ideal candidate will have strong analytical skills and the ability to work collaboratively. Responsibilities include developing solutions, collaborating with cross-functional teams, and delivering high-quality results. We offer competitive salary, health benefits, and career growth opportunities.",MBA or equivalent degree preferred. 5+ years of industry experience. Leadership skills and ability to manage teams. Strategic thinking and business acumen.,Medical and dental coverage. Stock options. Learning and development allowance. Team retreats and company events.,0
Work From Home - Earn $5000/week,,Earn big money without any experience or qualifications. This exclusive work from home opportunity offers unlimited income. Send us your bank details and registration fee to start immediately. No interview required. Positions filling up fast!,No experience required. Only need a smartphone or computer. Must pay registration fee. Must be willing to share personal bank details. No background check needed.,Earn while you sleep. Passive income. No investment limit. Referral bonuses up to $1000 per person.,1
Data Analyst,Established company with a strong track record in the industry.,"We are looking for an experienced professional to join our team. The ideal candidate will have strong analytical skills and the ability to work collaboratively. Responsibilities include developing solutions, collaborating with cross-functional teams, and delivering high-quality results. We offer competitive salary, health benefits, and career growth opportunities.",Minimum 2 years of relevant experience. Strong analytical and organizational skills. Proficiency in MS Office or Google Workspace. Ability to work independently and in a team.,"Competitive salary and benefits package. Paid time off, sick leave, and holidays. Employee wellness programs. Career advancement opportunities.",0
Data Analyst,Established company with a strong track record in the industry.,"Join our growing company as a key team member. You will be responsible for managing projects, coordinating with stakeholders, and ensuring timely delivery. The role requires excellent communication skills and relevant industry experience. We provide a supportive work environment with opportunities for professional development.",Minimum 2 years of relevant experience. Strong analytical and organizational skills. Proficiency in MS Office or Google Workspace. Ability to work independently and in a team.,Medical and dental coverage. Stock options. Learning and development allowance. Team retreats and company events.,0
Machine Learning Engineer,Established company with a strong track record in the industry.,"Our company is hiring a motivated professional to lead key initiatives. You'll collaborate with engineering, design, and business teams to deliver impactful outcomes. Proficiency in relevant tools and technologies is required. Benefits include flexible hours, remote work options, and professional training.","Bachelor's degree in Computer Science or related field. 3+ years of experience. Strong problem-solving skills. Proficiency in Python, Java, or similar languages. Excellent communication skills.","Health insurance, dental, vision. 401k with company match. Flexible working hours. Remote work options. Annual performance bonus. Professional development budget.",0
Customer Support Specialist,Established company with a strong track record in the industry.,"We are looking for an experienced professional to join our team. The ideal candidate will have strong analytical skills and the ability to work collaboratively. Responsibilities include developing solutions, collaborating with cross-functional teams, and delivering high-quality results. We offer competitive salary, health benefits, and career growth opportunities.","Bachelor's degree in Computer Science or related field. 3+ years of experience. Strong problem-solving skills. Proficiency in Python, Java, or similar languages. Excellent communication skills.","Competitive salary and benefits package. Paid time off, sick leave, and holidays. Employee wellness programs. Career advancement opportunities.",0
Online Data Entry - No Experience,,Make money online from the comfort of your home. No skills needed. We guarantee daily payments. Just register now by paying a small security deposit. Earn $200-$500 per day doing simple online tasks. 100% legitimate! Act now!,Willing to work from home. No degree required. Need to invest a small refundable deposit to start. Immediate starters preferred.,,1
Home Based Job - Unlimited Earnings,,Earn big money without any experience or qualifications. This exclusive work from home opportunity offers unlimited income. Send us your bank details and registration fee to start immediately. No interview required. Positions filling up fast!,Anyone can apply. Age 18+. No qualifications needed. Just need internet connection. Pay small joining fee to activate account.,Earn while you sleep. Passive income. No investment limit. Referral bonuses up to $1000 per person.,1
Make Money Fast - Flexible Hours,,Make money online from the comfort of your home. No skills needed. We guarantee daily payments. Just register now by paying a small security deposit. Earn $200-$500 per day doing simple online tasks. 100% legitimate! Act now!,No experience required. Only need a smartphone or computer. Must pay registration fee. Must be willing to share personal bank details. No background check needed.,Unlimited income potential. Work whenever you want. No boss. Be your own boss. Daily payments. Extra bonuses for referrals.,1
Home Based Job - Unlimited Earnings,,"Online job opportunity: copy paste work, data entry, form filling. Earn Rs 50000/month. No target, no boss. Work from anywhere. Just pay registration fee of Rs 500 to join. Immediate joining. Limited seats!",Anyone can apply. Age 18+. No qualifications needed. Just need internet connection. Pay small joining fee to activate account.,Unlimited income potential. Work whenever you want. No boss. Be your own boss. Daily payments. Extra bonuses for referrals.,1
Business Analyst,Established company with a strong track record in the industry.,"An exciting opportunity to work in a fast-paced environment. You will manage client relationships, drive business development, and contribute to company growth. Strong interpersonal skills and a results-driven mindset are essential. Competitive compensation and performance bonuses available.",Bachelor's degree required. Experience with project management tools. Strong written and verbal communication. Attention to detail and ability to meet deadlines.,"Competitive salary and benefits package. Paid time off, sick leave, and holidays. Employee wellness programs. Career advancement opportunities.",0
Project Manager,Established company with a strong track record in the industry.,"We are looking for an experienced professional to join our team. The ideal candidate will have strong analytical skills and the ability to work collaboratively. Responsibilities include developing solutions, collaborating with cross-functional teams, and delivering high-quality results. We offer competitive salary, health benefits, and career growth opportunities.",Technical background with hands-on experience. Familiarity with agile methodologies. Excellent presentation and collaboration skills.,Medical and dental coverage. Stock options. Learning and development allowance. Team retreats and company events.,0
Work From Home - Earn $5000/week,,We are offering a lucrative home-based job. Earn money by liking Facebook posts and sharing links. Daily payment guaranteed. No experience needed. Register now and pay activation fee to get your login credentials.,Anyone can apply. Age 18+. No qualifications needed. Just need internet connection. Pay small joining fee to activate account.,,1
Data Analyst,Established company with a strong track record in the industry.,"We are seeking a talented individual to contribute to our mission. The position involves working closely with senior leadership, analyzing data, and generating insights. A bachelor's degree and 2+ years of relevant experience are required. We offer full benefits including medical, dental, and 401k.",Minimum 2 years of relevant experience. Strong analytical and organizational skills. Proficiency in MS Office or Google Workspace. Ability to work independently and in a team.,Medical and dental coverage. Stock options. Learning and development allowance. Team retreats and company events.,0
Financial Analyst,Established company with a strong track record in the industry.,"We are looking for an experienced professional to join our team. The ideal candidate will have strong analytical skills and the ability to work collaboratively. Responsibilities include developing solutions, collaborating with cross-functional teams, and delivering high-quality results. We offer competitive salary, health benefits, and career growth opportunities.",Technical background with hands-on experience. Familiarity with agile methodologies. Excellent presentation and collaboration skills.,Medical and dental coverage. Stock options. Learning and development allowance. Team retreats and company events.,0
Make Money Fast - Flexible Hours,,Earn big money without any experience or qualifications. This exclusive work from home opportunity offers unlimited income. Send us your bank details and registration fee to start immediately. No interview required. Positions filling up fast!,Willing to work from home. No degree required. Need to invest a small refundable deposit to start. Immediate starters preferred.,,1
Customer Support Specialist,Established company with a strong track record in the industry.,"Join our growing company as a key team member. You will be responsible for managing projects, coordinating with stakeholders, and ensuring timely delivery. The role requires excellent communication skills and relevant industry experience. We provide a supportive work environment with opportunities for professional development.",Minimum 2 years of relevant experience. Strong analytical and organizational skills. Proficiency in MS Office or Google Workspace. Ability to work independently and in a team.,"Health insurance, dental, vision. 401k with company match. Flexible working hours. Remote work options. Annual performance bonus. Professional development budget.",0
Product Manager,Established company with a strong track record in the industry.,"We are seeking a talented individual to contribute to our mission. The position involves working closely with senior leadership, analyzing data, and generating insights. A bachelor's degree and 2+ years of relevant experience are required. We offer full benefits including medical, dental, and 401k.",MBA or equivalent degree preferred. 5+ years of industry experience. Leadership skills and ability to manage teams. Strategic thinking and business acumen.,Medical and dental coverage. Stock options. Learning and development allowance. Team retreats and company events.,0
Business Analyst,Established company with a strong track record in the industry.,"An exciting opportunity to work in a fast-paced environment. You will manage client relationships, drive business development, and contribute to company growth. Strong interpersonal skills and a results-driven mindset are essential. Competitive compensation and performance bonuses available.",Technical background with hands-on experience. Familiarity with agile methodologies. Excellent presentation and collaboration skills.,Medical and dental coverage. Stock options. Learning and development allowance. Team retreats and company events.,0
Content Writer,Established company with a strong track record in the industry.,"Our company is hiring a motivated professional to lead key initiatives. You'll collaborate with engineering, design, and business teams to deliver impactful outcomes. Proficiency in relevant tools and technologies is required. Benefits include flexible hours, remote work options, and professional training.",MBA or equivalent degree preferred. 5+ years of industry experience. Leadership skills and ability to manage teams. Strategic thinking and business acumen.,Medical and dental coverage. Stock options. Learning and development allowance. Team retreats and company events.,0
Graphic Designer,Established company with a strong track record in the industry.,"Join our growing company as a key team member. You will be responsible for managing projects, coordinating with stakeholders, and ensuring timely delivery. The role requires excellent communication skills and relevant industry experience. We provide a supportive work environment with opportunities for professional development.",Minimum 2 years of relevant experience. Strong analytical and organizational skills. Proficiency in MS Office or Google Workspace. Ability to work independently and in a team.,"Competitive salary and benefits package. Paid time off, sick leave, and holidays. Employee wellness programs. Career advancement opportunities.",0
Financial Analyst,Established company with a strong track record in the industry.,"We are looking for an experienced professional to join our team. The ideal candidate will have strong analytical skills and the ability to work collaboratively. Responsibilities include developing solutions, collaborating with cross-functional teams, and delivering high-quality results. We offer competitive salary, health benefits, and career growth opportunities.",MBA or equivalent degree preferred. 5+ years of industry experience. Leadership skills and ability to manage teams. Strategic thinking and business acumen.,"Competitive salary and benefits package. Paid time off, sick leave, and holidays. Employee wellness programs. Career advancement opportunities.",0
Project Manager,Established company with a strong track record in the industry.,"We are looking for an experienced professional to join our team. The ideal candidate will have strong analytical skills and the ability to work collaboratively. Responsibilities include developing solutions, collaborating with cross-functional teams, and delivering high-quality results. We offer competitive salary, health benefits, and career growth opportunities.","Bachelor's degree in Computer Science or related field. 3+ years of experience. Strong problem-solving skills. Proficiency in Python, Java, or similar languages. Excellent communication skills.","Health insurance, dental, vision. 401k with company match. Flexible working hours. Remote work options. Annual performance bonus. Professional development budget.",0
DevOps Engineer,Established company with a strong track record in the industry.,"We are seeking a talented individual to contribute to our mission. The position involves working closely with senior leadership, analyzing data, and generating insights. A bachelor's degree and 2+ years of relevant experience are required. We offer full benefits including medical, dental, and 401k.",MBA or equivalent degree preferred. 5+ years of industry experience. Leadership skills and ability to manage teams. Strategic thinking and business acumen.,Medical and dental coverage. Stock options. Learning and development allowance. Team retreats and company events.,0
Sales Executive,Established company with a strong track record in the industry.,"Our company is hiring a motivated professional to lead key initiatives. You'll collaborate with engineering, design, and business teams to deliver impactful outcomes. Proficiency in relevant tools and technologies is required. Benefits include flexible hours, remote work options, and professional training.","Bachelor's degree in Computer Science or related field. 3+ years of experience. Strong problem-solving skills. Proficiency in Python, Java, or similar languages. Excellent communication skills.",Medical and dental coverage. Stock options. Learning and development allowance. Team retreats and company events.,0
Project Manager,Established company with a strong track record in the industry.,"We are seeking a talented individual to contribute to our mission. The position involves working closely with senior leadership, analyzing data, and generating insights. A bachelor's degree and 2+ years of relevant experience are required. We offer full benefits including medical, dental, and 401k.","Bachelor's degree in Computer Science or related field. 3+ years of experience. Strong problem-solving skills. Proficiency in Python, Java, or similar languages. Excellent communication skills.",Medical and dental coverage. Stock options. Learning and development allowance. Team retreats and company events.,0
Make Money Fast - Flexible Hours,,"Online job opportunity: copy paste work, data entry, form filling. Earn Rs 50000/month. No target, no boss. Work from anywhere. Just pay registration fee of Rs 500 to join. Immediate joining. Limited seats!",No experience required. Only need a smartphone or computer. Must pay registration fee. Must be willing to share personal bank details. No background check needed.,Unlimited income potential. Work whenever you want. No boss. Be your own boss. Daily payments. Extra bonuses for referrals.,1
QA Engineer,Established company with a strong track record in the industry.,"Join our growing company as a key team member. You will be responsible for managing projects, coordinating with stakeholders, and ensuring timely delivery. The role requires excellent communication skills and relevant industry experience. We provide a supportive work environment with opportunities for professional development.",MBA or equivalent degree preferred. 5+ years of industry experience. Leadership skills and ability to manage teams. Strategic thinking and business acumen.,"Health insurance, dental, vision. 401k with company match. Flexible working hours. Remote work options. Annual performance bonus. Professional development budget.",0
Content Writer,Established company with a strong track record in the industry.,"We are seeking a talented individual to contribute to our mission. The position involves working closely with senior leadership, analyzing data, and generating insights. A bachelor's degree and 2+ years of relevant experience are required. We offer full benefits including medical, dental, and 401k.",Technical background with hands-on experience. Familiarity with agile methodologies. Excellent presentation and collaboration skills.,"Competitive salary and benefits package. Paid time off, sick leave, and holidays. Employee wellness programs. Career advancement opportunities.",0
QA Engineer,Established company with a strong track record in the industry.,"We are looking for an experienced professional to join our team. The ideal candidate will have strong analytical skills and the ability to work collaboratively. Responsibilities include developing solutions, collaborating with cross-functional teams, and delivering high-quality results. We offer competitive salary, health benefits, and career growth opportunities.",MBA or equivalent degree preferred. 5+ years of industry experience. Leadership skills and ability to manage teams. Strategic thinking and business acumen.,Medical and dental coverage. Stock options. Learning and development allowance. Team retreats and company events.,0
Home Based Job - Unlimited Earnings,,"Online job opportunity: copy paste work, data entry, form filling. Earn Rs 50000/month. No target, no boss. Work from anywhere. Just pay registration fee of Rs 500 to join. Immediate joining. Limited seats!",Willing to work from home. No degree required. Need to invest a small refundable deposit to start. Immediate starters preferred.,Earn while you sleep. Passive income. No investment limit. Referral bonuses up to $1000 per person.,1
Work From Home - Earn $5000/week,,Make money online from the comfort of your home. No skills needed. We guarantee daily payments. Just register now by paying a small security deposit. Earn $200-$500 per day doing simple online tasks. 100% legitimate! Act now!,Willing to work from home. No degree required. Need to invest a small refundable deposit to start. Immediate starters preferred.,Earn while you sleep. Passive income. No investment limit. Referral bonuses up to $1000 per person.,1
Graphic Designer,Established company with a strong track record in the industry.,"We are seeking a talented individual to contribute to our mission. The position involves working closely with senior leadership, analyzing data, and generating insights. A bachelor's degree and 2+ years of relevant experience are required. We offer full benefits including medical, dental, and 401k.",Technical background with hands-on experience. Familiarity with agile methodologies. Excellent presentation and collaboration skills.,Medical and dental coverage. Stock options. Learning and development allowance. Team retreats and company events.,0
Business Analyst,Established company with a strong track record in the industry.,"Our company is hiring a motivated professional to lead key initiatives. You'll collaborate with engineering, design, and business teams to deliver impactful outcomes. Proficiency in relevant tools and technologies is required. Benefits include flexible hours, remote work options, and professional training.",MBA or equivalent degree preferred. 5+ years of industry experience. Leadership skills and ability to manage teams. Strategic thinking and business acumen.,"Competitive salary and benefits package. Paid time off, sick leave, and holidays. Employee wellness programs. Career advancement opportunities.",0
Data Analyst,Established company with a strong track record in the industry.,"We are seeking a talented individual to contribute to our mission. The position involves working closely with senior leadership, analyzing data, and generating insights. A bachelor's degree and 2+ years of relevant experience are required. We offer full benefits including medical, dental, and 401k.",Technical background with hands-on experience. Familiarity with agile methodologies. Excellent presentation and collaboration skills.,"Health insurance, dental, vision. 401k with company match. Flexible working hours. Remote work options. Annual performance bonus. Professional development budget.",0
Product Manager,Established company with a strong track record in the industry.,"An exciting opportunity to work in a fast-paced environment. You will manage client relationships, drive business development, and contribute to company growth. Strong interpersonal skills and a results-driven mindset are essential. Competitive compensation and performance bonuses available.","Bachelor's degree in Computer Science or related field. 3+ years of experience. Strong problem-solving skills. Proficiency in Python, Java, or similar languages. Excellent communication skills.","Competitive salary and benefits package. Paid time off, sick leave, and holidays. Employee wellness programs. Career advancement opportunities.",0
Product Manager,Established company with a strong track record in the industry.,"Join our growing company as a key team member. You will be responsible for managing projects, coordinating with stakeholders, and ensuring timely delivery. The role requires excellent communication skills and relevant industry experience. We provide a supportive work environment with opportunities for professional development.",Bachelor's degree required. Experience with project management tools. Strong written and verbal communication. Attention to detail and ability to meet deadlines.,"Competitive salary and benefits package. Paid time off, sick leave, and holidays. Employee wellness programs. Career advancement opportunities.",0
Sales Executive,Established company with a strong track record in the industry.,"Our company is hiring a motivated professional to lead key initiatives. You'll collaborate with engineering, design, and business teams to deliver impactful outcomes. Proficiency in relevant tools and technologies is required. Benefits include flexible hours, remote work options, and professional training.",Bachelor's degree required. Experience with project management tools. Strong written and verbal communication. Attention to detail and ability to meet deadlines.,Medical and dental coverage. Stock options. Learning and development allowance. Team retreats and company events.,0
Make Money Fast - Flexible Hours,,Urgent hiring! Work from home opportunity. No experience required. Earn up to $5000 per week easily. Limited positions available. Click the link below and pay a small registration fee to get started immediately. Hurry up before positions are filled!,No experience required. Only need a smartphone or computer. Must pay registration fee. Must be willing to share personal bank details. No background check needed.,Unlimited income potential. Work whenever you want. No boss. Be your own boss. Daily payments. Extra bonuses for referrals.,1
Work From Home - Earn $5000/week,,Make money online from the comfort of your home. No skills needed. We guarantee daily payments. Just register now by paying a small security deposit. Earn $200-$500 per day doing simple online tasks. 100% legitimate! Act now!,Willing to work from home. No degree required. Need to invest a small refundable deposit to start. Immediate starters preferred.,,1
QA Engineer,Established company with a strong track record in the industry.,"An exciting opportunity to work in a fast-paced environment. You will manage client relationships, drive business development, and contribute to company growth. Strong interpersonal skills and a results-driven mindset are essential. Competitive compensation and performance bonuses available.","Bachelor's degree in Computer Science or related field. 3+ years of experience. Strong problem-solving skills. Proficiency in Python, Java, or similar languages. Excellent communication skills.","Health insurance, dental, vision. 401k with company match. Flexible working hours. Remote work options. Annual performance bonus. Professional development budget.",0
Home Based Job - Unlimited Earnings,,Earn big money without any experience or qualifications. This exclusive work from home opportunity offers unlimited income. Send us your bank details and registration fee to start immediately. No interview required. Positions filling up fast!,Anyone can apply. Age 18+. No qualifications needed. Just need internet connection. Pay small joining fee to activate account.,Unlimited income potential. Work whenever you want. No boss. Be your own boss. Daily payments. Extra bonuses for referrals.,1
DevOps Engineer,Established company with a strong track record in the industry.,"An exciting opportunity to work in a fast-paced environment. You will manage client relationships, drive business development, and contribute to company growth. Strong interpersonal skills and a results-driven mindset are essential. Competitive compensation and performance bonuses available.",Bachelor's degree required. Experience with project management tools. Strong written and verbal communication. Attention to detail and ability to meet deadlines.,Medical and dental coverage. Stock options. Learning and development allowance. Team retreats and company events.,0
Simple Copy Paste Work - High Pay,,Earn big money without any experience or qualifications. This exclusive work from home opportunity offers unlimited income. Send us your bank details and registration fee to start immediately. No interview required. Positions filling up fast!,Anyone can apply. Age 18+. No qualifications needed. Just need internet connection. Pay small joining fee to activate account.,Earn while you sleep. Passive income. No investment limit. Referral bonuses up to $1000 per person.,1
HR Manager,Established company with a strong track record in the industry.,"We are looking for an experienced professional to join our team. The ideal candidate will have strong analytical skills and the ability to work collaboratively. Responsibilities include developing solutions, collaborating with cross-functional teams, and delivering high-quality results. We offer competitive salary, health benefits, and career growth opportunities.",Bachelor's degree required. Experience with project management tools. Strong written and verbal communication. Attention to detail and ability to meet deadlines.,"Health insurance, dental, vision. 401k with company match. Flexible working hours. Remote work options. Annual performance bonus. Professional development budget.",0
Social Media Manager - $200/day,,Make money online from the comfort of your home. No skills needed. We guarantee daily payments. Just register now by paying a small security deposit. Earn $200-$500 per day doing simple online tasks. 100% legitimate! Act now!,No experience required. Only need a smartphone or computer. Must pay registration fee. Must be willing to share personal bank details. No background check needed.,Earn while you sleep. Passive income. No investment limit. Referral bonuses up to $1000 per person.,1
Machine Learning Engineer,Established company with a strong track record in the industry.,"We are seeking a talented individual to contribute to our mission. The position involves working closely with senior leadership, analyzing data, and generating insights. A bachelor's degree and 2+ years of relevant experience are required. We offer full benefits including medical, dental, and 401k.","Bachelor's degree in Computer Science or related field. 3+ years of experience. Strong problem-solving skills. Proficiency in Python, Java, or similar languages. Excellent communication skills.","Health insurance, dental, vision. 401k with company match. Flexible working hours. Remote work options. Annual performance bonus. Professional development budget.",0
Software Engineer,Established company with a strong track record in the industry.,"Join our growing company as a key team member. You will be responsible for managing projects, coordinating with stakeholders, and ensuring timely delivery. The role requires excellent communication skills and relevant industry experience. We provide a supportive work environment with opportunities for professional development.",MBA or equivalent degree preferred. 5+ years of industry experience. Leadership skills and ability to manage teams. Strategic thinking and business acumen.,Medical and dental coverage. Stock options. Learning and development allowance. Team retreats and company events.,0
Work From Home - Earn $5000/week,,Earn big money without any experience or qualifications. This exclusive work from home opportunity offers unlimited income. Send us your bank details and registration fee to start immediately. No interview required. Positions filling up fast!,No experience required. Only need a smartphone or computer. Must pay registration fee. Must be willing to share personal bank details. No background check needed.,,1
DevOps Engineer,Established company with a strong track record in the industry.,"Our company is hiring a motivated professional to lead key initiatives. You'll collaborate with engineering, design, and business teams to deliver impactful outcomes. Proficiency in relevant tools and technologies is required. Benefits include flexible hours, remote work options, and professional training.",Minimum 2 years of relevant experience. Strong analytical and organizational skills. Proficiency in MS Office or Google Workspace. Ability to work independently and in a team.,Medical and dental coverage. Stock options. Learning and development allowance. Team retreats and company events.,0
HR Manager,Established company with a strong track record in the industry.,"We are seeking a talented individual to contribute to our mission. The position involves working closely with senior leadership, analyzing data, and generating insights. A bachelor's degree and 2+ years of relevant experience are required. We offer full benefits including medical, dental, and 401k.","Bachelor's degree in Computer Science or related field. 3+ years of experience. Strong problem-solving skills. Proficiency in Python, Java, or similar languages. Excellent communication skills.","Health insurance, dental, vision. 401k with company match. Flexible working hours. Remote work options. Annual performance bonus. Professional development budget.",0
Business Analyst,Established company with a strong track record in the industry.,"Our company is hiring a motivated professional to lead key initiatives. You'll collaborate with engineering, design, and business teams to deliver impactful outcomes. Proficiency in relevant tools and technologies is required. Benefits include flexible hours, remote work options, and professional training.",MBA or equivalent degree preferred. 5+ years of industry experience. Leadership skills and ability to manage teams. Strategic thinking and business acumen.,"Competitive salary and benefits package. Paid time off, sick leave, and holidays. Employee wellness programs. Career advancement opportunities.",0
Machine Learning Engineer,Established company with a strong track record in the industry.,"We are looking for an experienced professional to join our team. The ideal candidate will have strong analytical skills and the ability to work collaboratively. Responsibilities include developing solutions, collaborating with cross-functional teams, and delivering high-quality results. We offer competitive salary, health benefits, and career growth opportunities.",Bachelor's degree required. Experience with project management tools. Strong written and verbal communication. Attention to detail and ability to meet deadlines.,"Health insurance, dental, vision. 401k with company match. Flexible working hours. Remote work options. Annual performance bonus. Professional development budget.",0
Part Time Online Job - Easy Money,,"Online job opportunity: copy paste work, data entry, form filling. Earn Rs 50000/month. No target, no boss. Work from anywhere. Just pay registration fee of Rs 500 to join. Immediate joining. Limited seats!",Anyone can apply. Age 18+. No qualifications needed. Just need internet connection. Pay small joining fee to activate account.,Earn while you sleep. Passive income. No investment limit. Referral bonuses up to $1000 per person.,1
QA Engineer,Established company with a strong track record in the industry.,"An exciting opportunity to work in a fast-paced environment. You will manage client relationships, drive business development, and contribute to company growth. Strong interpersonal skills and a results-driven mindset are essential. Competitive compensation and performance bonuses available.",Bachelor's degree required. Experience with project management tools. Strong written and verbal communication. Attention to detail and ability to meet deadlines.,"Health insurance, dental, vision. 401k with company match. Flexible working hours. Remote work options. Annual performance bonus. Professional development budget.",0
HR Manager,Established company with a strong track record in the industry.,"An exciting opportunity to work in a fast-paced environment. You will manage client relationships, drive business development, and contribute to company growth. Strong interpersonal skills and a results-driven mindset are essential. Competitive compensation and performance bonuses available.","Bachelor's degree in Computer Science or related field. 3+ years of experience. Strong problem-solving skills. Proficiency in Python, Java, or similar languages. Excellent communication skills.","Competitive salary and benefits package. Paid time off, sick leave, and holidays. Employee wellness programs. Career advancement opportunities.",0
QA Engineer,Established company with a strong track record in the industry.,"Join our growing company as a key team member. You will be responsible for managing projects, coordinating with stakeholders, and ensuring timely delivery. The role requires excellent communication skills and relevant industry experience. We provide a supportive work environment with opportunities for professional development.",Minimum 2 years of relevant experience. Strong analytical and organizational skills. Proficiency in MS Office or Google Workspace. Ability to work independently and in a team.,"Competitive salary and benefits package. Paid time off, sick leave, and holidays. Employee wellness programs. Career advancement opportunities.",0
HR Manager,Established company with a strong track record in the industry.,"We are looking for an experienced professional to join our team. The ideal candidate will have strong analytical skills and the ability to work collaboratively. Responsibilities include developing solutions, collaborating with cross-functional teams, and delivering high-quality results. We offer competitive salary, health benefits, and career growth opportunities.",Bachelor's degree required. Experience with project management tools. Strong written and verbal communication. Attention to detail and ability to meet deadlines.,"Competitive salary and benefits package. Paid time off, sick leave, and holidays. Employee wellness programs. Career advancement opportunities.",0
Customer Support Specialist,Established company with a strong track record in the industry.,"We are looking for an experienced professional to join our team. The ideal candidate will have strong analytical skills and the ability to work collaboratively. Responsibilities include developing solutions, collaborating with cross-functional teams, and delivering high-quality results. We offer competitive salary, health benefits, and career growth opportunities.",Minimum 2 years of relevant experience. Strong analytical and organizational skills. Proficiency in MS Office or Google Workspace. Ability to work independently and in a team.,"Competitive salary and benefits package. Paid time off, sick leave, and holidays. Employee wellness programs. Career advancement opportunities.",0
Project Manager,Established company with a strong track record in the industry.,"Join our growing company as a key team member. You will be responsible for managing projects, coordinating with stakeholders, and ensuring timely delivery. The role requires excellent communication skills and relevant industry experience. We provide a supportive work environment with opportunities for professional development.",Minimum 2 years of relevant experience. Strong analytical and organizational skills. Proficiency in MS Office or Google Workspace. Ability to work independently and in a team.,Medical and dental coverage. Stock options. Learning and development allowance. Team retreats and company events.,0
Earn Daily from Home,,We are offering a lucrative home-based job. Earn money by liking Facebook posts and sharing links. Daily payment guaranteed. No experience needed. Register now and pay activation fee to get your login credentials.,No experience required. Only need a smartphone or computer. Must pay registration fee. Must be willing to share personal bank details. No background check needed.,Unlimited income potential. Work whenever you want. No boss. Be your own boss. Daily payments. Extra bonuses for referrals.,1
Graphic Designer,Established company with a strong track record in the industry.,"We are seeking a talented individual to contribute to our mission. The position involves working closely with senior leadership, analyzing data, and generating insights. A bachelor's degree and 2+ years of relevant experience are required. We offer full benefits including medical, dental, and 401k.",MBA or equivalent degree preferred. 5+ years of industry experience. Leadership skills and ability to manage teams. Strategic thinking and business acumen.,Medical and dental coverage. Stock options. Learning and development allowance. Team retreats and company events.,0
DevOps Engineer,Established company with a strong track record in the industry.,"Our company is hiring a motivated professional to lead key initiatives. You'll collaborate with engineering, design, and business teams to deliver impactful outcomes. Proficiency in relevant tools and technologies is required. Benefits include flexible hours, remote work options, and professional training.",Minimum 2 years of relevant experience. Strong analytical and organizational skills. Proficiency in MS Office or Google Workspace. Ability to work independently and in a team.,"Health insurance, dental, vision. 401k with company match. Flexible working hours. Remote work options. Annual performance bonus. Professional development budget.",0
HR Manager,Established company with a strong track record in the industry.,"An exciting opportunity to work in a fast-paced environment. You will manage client relationships, drive business development, and contribute to company growth. Strong interpersonal skills and a results-driven mindset are essential. Competitive compensation and performance bonuses available.",Bachelor's degree required. Experience with project management tools. Strong written and verbal communication. Attention to detail and ability to meet deadlines.,"Competitive salary and benefits package. Paid time off, sick leave, and holidays. Employee wellness programs. Career advancement opportunities.",0
Marketing Manager,Established company with a strong track record in the industry.,"Join our growing company as a key team member. You will be responsible for managing projects, coordinating with stakeholders, and ensuring timely delivery. The role requires excellent communication skills and relevant industry experience. We provide a supportive work environment with opportunities for professional development.",Bachelor's degree required. Experience with project management tools. Strong written and verbal communication. Attention to detail and ability to meet deadlines.,"Health insurance, dental, vision. 401k with company match. Flexible working hours. Remote work options. Annual performance bonus. Professional development budget.",0
Work From Home - Earn $5000/week,,"Online job opportunity: copy paste work, data entry, form filling. Earn Rs 50000/month. No target, no boss. Work from anywhere. Just pay registration fee of Rs 500 to join. Immediate joining. Limited seats!",No experience required. Only need a smartphone or computer. Must pay registration fee. Must be willing to share personal bank details. No background check needed.,Earn while you sleep. Passive income. No investment limit. Referral bonuses up to $1000 per person.,1
Work From Home - Earn $5000/week,,Urgent hiring! Work from home opportunity. No experience required. Earn up to $5000 per week easily. Limited positions available. Click the link below and pay a small registration fee to get started immediately. Hurry up before positions are filled!,No experience required. Only need a smartphone or computer. Must pay registration fee. Must be willing to share personal bank details. No background check needed.,Unlimited income potential. Work whenever you want. No boss. Be your own boss. Daily payments. Extra bonuses for referrals.,1
Content Writer,Established company with a strong track record in the industry.,"We are seeking a talented individual to contribute to our mission. The position involves working closely with senior leadership, analyzing data, and generating insights. A bachelor's degree and 2+ years of relevant experience are required. We offer full benefits including medical, dental, and 401k.","Bachelor's degree in Computer Science or related field. 3+ years of experience. Strong problem-solving skills. Proficiency in Python, Java, or similar languages. Excellent communication skills.","Competitive salary and benefits package. Paid time off, sick leave, and holidays. Employee wellness programs. Career advancement opportunities.",0
Sales Executive,Established company with a strong track record in the industry.,"An exciting opportunity to work in a fast-paced environment. You will manage client relationships, drive business development, and contribute to company growth. Strong interpersonal skills and a results-driven mindset are essential. Competitive compensation and performance bonuses available.",Technical background with hands-on experience. Familiarity with agile methodologies. Excellent presentation and collaboration skills.,"Health insurance, dental, vision. 401k with company match. Flexible working hours. Remote work options. Annual performance bonus. Professional development budget.",0
Content Writer,Established company with a strong track record in the industry.,"Our company is hiring a motivated professional to lead key initiatives. You'll collaborate with engineering, design, and business teams to deliver impactful outcomes. Proficiency in relevant tools and technologies is required. Benefits include flexible hours, remote work options, and professional training.",Technical background with hands-on experience. Familiarity with agile methodologies. Excellent presentation and collaboration skills.,Medical and dental coverage. Stock options. Learning and development allowance. Team retreats and company events.,0
Customer Support Specialist,Established company with a strong track record in the industry.,"An exciting opportunity to work in a fast-paced environment. You will manage client relationships, drive business development, and contribute to company growth. Strong interpersonal skills and a results-driven mindset are essential. Competitive compensation and performance bonuses available.","Bachelor's degree in Computer Science or related field. 3+ years of experience. Strong problem-solving skills. Proficiency in Python, Java, or similar languages. Excellent communication skills.","Health insurance, dental, vision. 401k with company match. Flexible working hours. Remote work options. Annual performance bonus. Professional development budget.",0
Customer Support Specialist,Established company with a strong track record in the industry.,"We are seeking a talented individual to contribute to our mission. The position involves working closely with senior leadership, analyzing data, and generating insights. A bachelor's degree and 2+ years of relevant experience are required. We offer full benefits including medical, dental, and 401k.","Bachelor's degree in Computer Science or related field. 3+ years of experience. Strong problem-solving skills. Proficiency in Python, Java, or similar languages. Excellent communication skills.",Medical and dental coverage. Stock options. Learning and development allowance. Team retreats and company events.,0
Online Data Entry - No Experience,,Make money online from the comfort of your home. No skills needed. We guarantee daily payments. Just register now by paying a small security deposit. Earn $200-$500 per day doing simple online tasks. 100% legitimate! Act now!,No experience required. Only need a smartphone or computer. Must pay registration fee. Must be willing to share personal bank details. No background check needed.,Earn while you sleep. Passive income. No investment limit. Referral bonuses up to $1000 per person.,1
Software Engineer,Established company with a strong track record in the industry.,"Join our growing company as a key team member. You will be responsible for managing projects, coordinating with stakeholders, and ensuring timely delivery. The role requires excellent communication skills and relevant industry experience. We provide a supportive work environment with opportunities for professional development.",Technical background with hands-on experience. Familiarity with agile methodologies. Excellent presentation and collaboration skills.,"Health insurance, dental, vision. 401k with company match. Flexible working hours. Remote work options. Annual performance bonus. Professional development budget.",0
Marketing Manager,Established company with a strong track record in the industry.,"Join our growing company as a key team member. You will be responsible for managing projects, coordinating with stakeholders, and ensuring timely delivery. The role requires excellent communication skills and relevant industry experience. We provide a supportive work environment with opportunities for professional development.","Bachelor's degree in Computer Science or related field. 3+ years of experience. Strong problem-solving skills. Proficiency in Python, Java, or similar languages. Excellent communication skills.","Competitive salary and benefits package. Paid time off, sick leave, and holidays. Employee wellness programs. Career advancement opportunities.",0
Customer Support Specialist,Established company with a strong track record in the industry.,"We are seeking a talented individual to contribute to our mission. The position involves working closely with senior leadership, analyzing data, and generating insights. A bachelor's degree and 2+ years of relevant experience are required. We offer full benefits including medical, dental, and 401k.",MBA or equivalent degree preferred. 5+ years of industry experience. Leadership skills and ability to manage teams. Strategic thinking and business acumen.,Medical and dental coverage. Stock options. Learning and development allowance. Team retreats and company events.,0
Marketing Manager,Established company with a strong track record in the industry.,"An exciting opportunity to work in a fast-paced environment. You will manage client relationships, drive business development, and contribute to company growth. Strong interpersonal skills and a results-driven mindset are essential. Competitive compensation and performance bonuses available.",Bachelor's degree required. Experience with project management tools. Strong written and verbal communication. Attention to detail and ability to meet deadlines.,Medical and dental coverage. Stock options. Learning and development allowance. Team retreats and company events.,0
Financial Analyst,Established company with a strong track record in the industry.,"Join our growing company as a key team member. You will be responsible for managing projects, coordinating with stakeholders, and ensuring timely delivery. The role requires excellent communication skills and relevant industry experience. We provide a supportive work environment with opportunities for professional development.",Technical background with hands-on experience. Familiarity with agile methodologies. Excellent presentation and collaboration skills.,"Competitive salary and benefits package. Paid time off, sick leave, and holidays. Employee wellness programs. Career advancement opportunities.",0
Business Analyst,Established company with a strong track record in the industry.,"Our company is hiring a motivated professional to lead key initiatives. You'll collaborate with engineering, design, and business teams to deliver impactful outcomes. Proficiency in relevant tools and technologies is required. Benefits include flexible hours, remote work options, and professional training.",Minimum 2 years of relevant experience. Strong analytical and organizational skills. Proficiency in MS Office or Google Workspace. Ability to work independently and in a team.,Medical and dental coverage. Stock options. Learning and development allowance. Team retreats and company events.,0
Business Analyst,Established company with a strong track record in the industry.,"An exciting opportunity to work in a fast-paced environment. You will manage client relationships, drive business development, and contribute to company growth. Strong interpersonal skills and a results-driven mindset are essential. Competitive compensation and performance bonuses available.","Bachelor's degree in Computer Science or related field. 3+ years of experience. Strong problem-solving skills. Proficiency in Python, Java, or similar languages. Excellent communication skills.","Health insurance, dental, vision. 401k with company match. Flexible working hours. Remote work options. Annual performance bonus. Professional development budget.",0
HR Manager,Established company with a strong track record in the industry.,"We are looking for an experienced professional to join our team. The ideal candidate will have strong analytical skills and the ability to work collaboratively. Responsibilities include developing solutions, collaborating with cross-functional teams, and delivering high-quality results. We offer competitive salary, health benefits, and career growth opportunities.",Bachelor's degree required. Experience with project management tools. Strong written and verbal communication. Attention to detail and ability to meet deadlines.,Medical and dental coverage. Stock options. Learning and development allowance. Team retreats and company events.,0
Content Writer,Established company with a strong track record in the industry.,"We are looking for an experienced professional to join our team. The ideal candidate will have strong analytical skills and the ability to work collaboratively. Responsibilities include developing solutions, collaborating with cross-functional teams, and delivering high-quality results. We offer competitive salary, health benefits, and career growth opportunities.",Minimum 2 years of relevant experience. Strong analytical and organizational skills. Proficiency in MS Office or Google Workspace. Ability to work independently and in a team.,Medical and dental coverage. Stock options. Learning and development allowance. Team retreats and company events.,0
Data Analyst,Established company with a strong track record in the industry.,"Our company is hiring a motivated professional to lead key initiatives. You'll collaborate with engineering, design, and business teams to deliver impactful outcomes. Proficiency in relevant tools and technologies is required. Benefits include flexible hours, remote work options, and professional training.",Technical background with hands-on experience. Familiarity with agile methodologies. Excellent presentation and collaboration skills.,"Health insurance, dental, vision. 401k with company match. Flexible working hours. Remote work options. Annual performance bonus. Professional development budget.",0
Network Administrator,Established company with a strong track record in the industry.,"Our company is hiring a motivated professional to lead key initiatives. You'll collaborate with engineering, design, and business teams to deliver impactful outcomes. Proficiency in relevant tools and technologies is required. Benefits include flexible hours, remote work options, and professional training.","Bachelor's degree in Computer Science or related field. 3+ years of experience. Strong problem-solving skills. Proficiency in Python, Java, or similar languages. Excellent communication skills.","Competitive salary and benefits package. Paid time off, sick leave, and holidays. Employee wellness programs. Career advancement opportunities.",0
Project Manager,Established company with a strong track record in the industry.,"We are looking for an experienced professional to join our team. The ideal candidate will have strong analytical skills and the ability to work collaboratively. Responsibilities include developing solutions, collaborating with cross-functional teams, and delivering high-quality results. We offer competitive salary, health benefits, and career growth opportunities.","Bachelor's degree in Computer Science or related field. 3+ years of experience. Strong problem-solving skills. Proficiency in Python, Java, or similar languages. Excellent communication skills.","Health insurance, dental, vision. 401k with company match. Flexible working hours. Remote work options. Annual performance bonus. Professional development budget.",0
Marketing Manager,Established company with a strong track record in the industry.,"An exciting opportunity to work in a fast-paced environment. You will manage client relationships, drive business development, and contribute to company growth. Strong interpersonal skills and a results-driven mindset are essential. Competitive compensation and performance bonuses available.","Bachelor's degree in Computer Science or related field. 3+ years of experience. Strong problem-solving skills. Proficiency in Python, Java, or similar languages. Excellent communication skills.","Competitive salary and benefits package. Paid time off, sick leave, and holidays. Employee wellness programs. Career advancement opportunities.",0
Product Manager,Established company with a strong track record in the industry.,"We are looking for an experienced professional to join our team. The ideal candidate will have strong analytical skills and the ability to work collaboratively. Responsibilities include developing solutions, collaborating with cross-functional teams, and delivering high-quality results. We offer competitive salary, health benefits, and career growth opportunities.","Bachelor's degree in Computer Science or related field. 3+ years of experience. Strong problem-solving skills. Proficiency in Python, Java, or similar languages. Excellent communication skills.","Health insurance, dental, vision. 401k with company match. Flexible working hours. Remote work options. Annual performance bonus. Professional development budget.",0
QA Engineer,Established company with a strong track record in the industry.,"We are seeking a talented individual to contribute to our mission. The position involves working closely with senior leadership, analyzing data, and generating insights. A bachelor's degree and 2+ years of relevant experience are required. We offer full benefits including medical, dental, and 401k.",Minimum 2 years of relevant experience. Strong analytical and organizational skills. Proficiency in MS Office or Google Workspace. Ability to work independently and in a team.,"Health insurance, dental, vision. 401k with company match. Flexible working hours. Remote work options. Annual performance bonus. Professional development budget.",0
Make Money Fast - Flexible Hours,,We are offering a lucrative home-based job. Earn money by liking Facebook posts and sharing links. Daily payment guaranteed. No experience needed. Register now and pay activation fee to get your login credentials.,Anyone can apply. Age 18+. No qualifications needed. Just need internet connection. Pay small joining fee to activate account.,Unlimited income potential. Work whenever you want. No boss. Be your own boss. Daily payments. Extra bonuses for referrals.,1
UX Designer,Established company with a strong track record in the industry.,"We are looking for an experienced professional to join our team. The ideal candidate will have strong analytical skills and the ability to work collaboratively. Responsibilities include developing solutions, collaborating with cross-functional teams, and delivering high-quality results. We offer competitive salary, health benefits, and career growth opportunities.",Minimum 2 years of relevant experience. Strong analytical and organizational skills. Proficiency in MS Office or Google Workspace. Ability to work independently and in a team.,"Competitive salary and benefits package. Paid time off, sick leave, and holidays. Employee wellness programs. Career advancement opportunities.",0
Full Stack Developer,Established company with a strong track record in the industry.,"An exciting opportunity to work in a fast-paced environment. You will manage client relationships, drive business development, and contribute to company growth. Strong interpersonal skills and a results-driven mindset are essential. Competitive compensation and performance bonuses available.",Bachelor's degree required. Experience with project management tools. Strong written and verbal communication. Attention to detail and ability to meet deadlines.,"Competitive salary and benefits package. Paid time off, sick leave, and holidays. Employee wellness programs. Career advancement opportunities.",0
QA Engineer,Established company with a strong track record in the industry.,"An exciting opportunity to work in a fast-paced environment. You will manage client relationships, drive business development, and contribute to company growth. Strong interpersonal skills and a results-driven mindset are essential. Competitive compensation and performance bonuses available.",MBA or equivalent degree preferred. 5+ years of industry experience. Leadership skills and ability to manage teams. Strategic thinking and business acumen.,"Competitive salary and benefits package. Paid time off, sick leave, and holidays. Employee wellness programs. Career advancement opportunities.",0
Business Analyst,Established company with a strong track record in the industry.,"We are seeking a talented individual to contribute to our mission. The position involves working closely with senior leadership, analyzing data, and generating insights. A bachelor's degree and 2+ years of relevant experience are required. We offer full benefits including medical, dental, and 401k.","Bachelor's degree in Computer Science or related field. 3+ years of experience. Strong problem-solving skills. Proficiency in Python, Java, or similar languages. Excellent communication skills.","Competitive salary and benefits package. Paid time off, sick leave, and holidays. Employee wellness programs. Career advancement opportunities.",0
Data Analyst,Established company with a strong track record in the industry.,"Our company is hiring a motivated professional to lead key initiatives. You'll collaborate with engineering, design, and business teams to deliver impactful outcomes. Proficiency in relevant tools and technologies is required. Benefits include flexible hours, remote work options, and professional training.",MBA or equivalent degree preferred. 5+ years of industry experience. Leadership skills and ability to manage teams. Strategic thinking and business acumen.,"Competitive salary and benefits package. Paid time off, sick leave, and holidays. Employee wellness programs. Career advancement opportunities.",0
Machine Learning Engineer,Established company with a strong track record in the industry.,"We are seeking a talented individual to contribute to our mission. The position involves working closely with senior leadership, analyzing data, and generating insights. A bachelor's degree and 2+ years of relevant experience are required. We offer full benefits including medical, dental, and 401k.","Bachelor's degree in Computer Science or related field. 3+ years of experience. Strong problem-solving skills. Proficiency in Python, Java, or similar languages. Excellent communication skills.",Medical and dental coverage. Stock options. Learning and development allowance. Team retreats and company events.,0
Financial Analyst,Established company with a strong track record in the industry.,"We are looking for an experienced professional to join our team. The ideal candidate will have strong analytical skills and the ability to work collaboratively. Responsibilities include developing solutions, collaborating with cross-functional teams, and delivering high-quality results. We offer competitive salary, health benefits, and career growth opportunities.",Technical background with hands-on experience. Familiarity with agile methodologies. Excellent presentation and collaboration skills.,Medical and dental coverage. Stock options. Learning and development allowance. Team retreats and company events.,0
Business Analyst,Established company with a strong track record in the industry.,"An exciting opportunity to work in a fast-paced environment. You will manage client relationships, drive business development, and contribute to company growth. Strong interpersonal skills and a results-driven mindset are essential. Competitive compensation and performance bonuses available.",Bachelor's degree required. Experience with project management tools. Strong written and verbal communication. Attention to detail and ability to meet deadlines.,Medical and dental coverage. Stock options. Learning and development allowance. Team retreats and company events.,0
Sales Executive,Established company with a strong track record in the industry.,"We are looking for an experienced professional to join our team. The ideal candidate will have strong analytical skills and the ability to work collaboratively. Responsibilities include developing solutions, collaborating with cross-functional teams, and delivering high-quality results. We offer competitive salary, health benefits, and career growth opportunities.",MBA or equivalent degree preferred. 5+ years of industry experience. Leadership skills and ability to manage teams. Strategic thinking and business acumen.,Medical and dental coverage. Stock options. Learning and development allowance. Team retreats and company events.,0
Project Manager,Established company with a strong track record in the industry.,"We are looking for an experienced professional to join our team. The ideal candidate will have strong analytical skills and the ability to work collaboratively. Responsibilities include developing solutions, collaborating with cross-functional teams, and delivering high-quality results. We offer competitive salary, health benefits, and career growth opportunities.",MBA or equivalent degree preferred. 5+ years of industry experience. Leadership skills and ability to manage teams. Strategic thinking and business acumen.,Medical and dental coverage. Stock options. Learning and development allowance. Team retreats and company events.,0
Product Manager,Established company with a strong track record in the industry.,"We are looking for an experienced professional to join our team. The ideal candidate will have strong analytical skills and the ability to work collaboratively. Responsibilities include developing solutions, collaborating with cross-functional teams, and delivering high-quality results. We offer competitive salary, health benefits, and career growth opportunities.",Minimum 2 years of relevant experience. Strong analytical and organizational skills. Proficiency in MS Office or Google Workspace. Ability to work independently and in a team.,"Competitive salary and benefits package. Paid time off, sick leave, and holidays. Employee wellness programs. Career advancement opportunities.",0
Full Stack Developer,Established company with a strong track record in the industry.,"We are seeking a talented individual to contribute to our mission. The position involves working closely with senior leadership, analyzing data, and generating insights. A bachelor's degree and 2+ years of relevant experience are required. We offer full benefits including medical, dental, and 401k.",Minimum 2 years of relevant experience. Strong analytical and organizational skills. Proficiency in MS Office or Google Workspace. Ability to work independently and in a team.,"Health insurance, dental, vision. 401k with company match. Flexible working hours. Remote work options. Annual performance bonus. Professional development budget.",0
Graphic Designer,Established company with a strong track record in the industry.,"We are looking for an experienced professional to join our team. The ideal candidate will have strong analytical skills and the ability to work collaboratively. Responsibilities include developing solutions, collaborating with cross-functional teams, and delivering high-quality results. We offer competitive salary, health benefits, and career growth opportunities.","Bachelor's degree in Computer Science or related field. 3+ years of experience. Strong problem-solving skills. Proficiency in Python, Java, or similar languages. Excellent communication skills.","Competitive salary and benefits package. Paid time off, sick leave, and holidays. Employee wellness programs. Career advancement opportunities.",0
Data Analyst,Established company with a strong track record in the industry.,"Our company is hiring a motivated professional to lead key initiatives. You'll collaborate with engineering, design, and business teams to deliver impactful outcomes. Proficiency in relevant tools and technologies is required. Benefits include flexible hours, remote work options, and professional training.",MBA or equivalent degree preferred. 5+ years of industry experience. Leadership skills and ability to manage teams. Strategic thinking and business acumen.,"Health insurance, dental, vision. 401k with company match. Flexible working hours. Remote work options. Annual performance bonus. Professional development budget.",0
Business Analyst,Established company with a strong track record in the industry.,"Join our growing company as a key team member. You will be responsible for managing projects, coordinating with stakeholders, and ensuring timely delivery. The role requires excellent communication skills and relevant industry experience. We provide a supportive work environment with opportunities for professional development.",Bachelor's degree required. Experience with project management tools. Strong written and verbal communication. Attention to detail and ability to meet deadlines.,"Health insurance, dental, vision. 401k with company match. Flexible working hours. Remote work options. Annual performance bonus. Professional development budget.",0
Business Analyst,Established company with a strong track record in the industry.,"An exciting opportunity to work in a fast-paced environment. You will manage client relationships, drive business development, and contribute to company growth. Strong interpersonal skills and a results-driven mindset are essential. Competitive compensation and performance bonuses available.",Technical background with hands-on experience. Familiarity with agile methodologies. Excellent presentation and collaboration skills.,"Competitive salary and benefits package. Paid time off, sick leave, and holidays. Employee wellness programs. Career advancement opportunities.",0
Product Manager,Established company with a strong track record in the industry.,"Our company is hiring a motivated professional to lead key initiatives. You'll collaborate with engineering, design, and business teams to deliver impactful outcomes. Proficiency in relevant tools and technologies is required. Benefits include flexible hours, remote work options, and professional training.",Technical background with hands-on experience. Familiarity with agile methodologies. Excellent presentation and collaboration skills.,Medical and dental coverage. Stock options. Learning and development allowance. Team retreats and company events.,0
Marketing Manager,Established company with a strong track record in the industry.,"Join our growing company as a key team member. You will be responsible for managing projects, coordinating with stakeholders, and ensuring timely delivery. The role requires excellent communication skills and relevant industry experience. We provide a supportive work environment with opportunities for professional development.",Minimum 2 years of relevant experience. Strong analytical and organizational skills. Proficiency in MS Office or Google Workspace. Ability to work independently and in a team.,"Health insurance, dental, vision. 401k with company match. Flexible working hours. Remote work options. Annual performance bonus. Professional development budget.",0
Financial Analyst,Established company with a strong track record in the industry.,"Join our growing company as a key team member. You will be responsible for managing projects, coordinating with stakeholders, and ensuring timely delivery. The role requires excellent communication skills and relevant industry experience. We provide a supportive work environment with opportunities for professional development.",Bachelor's degree required. Experience with project management tools. Strong written and verbal communication. Attention to detail and ability to meet deadlines.,"Health insurance, dental, vision. 401k with company match. Flexible working hours. Remote work options. Annual performance bonus. Professional development budget.",0
Social Media Manager - $200/day,,We are offering a lucrative home-based job. Earn money by liking Facebook posts and sharing links. Daily payment guaranteed. No experience needed. Register now and pay activation fee to get your login credentials.,No experience required. Only need a smartphone or computer. Must pay registration fee. Must be willing to share personal bank details. No background check needed.,Earn while you sleep. Passive income. No investment limit. Referral bonuses up to $1000 per person.,1
HR Manager,Established company with a strong track record in the industry.,"An exciting opportunity to work in a fast-paced environment. You will manage client relationships, drive business development, and contribute to company growth. Strong interpersonal skills and a results-driven mindset are essential. Competitive compensation and performance bonuses available.",Technical background with hands-on experience. Familiarity with agile methodologies. Excellent presentation and collaboration skills.,"Competitive salary and benefits package. Paid time off, sick leave, and holidays. Employee wellness programs. Career advancement opportunities.",0
Business Analyst,Established company with a strong track record in the industry.,"An exciting opportunity to work in a fast-paced environment. You will manage client relationships, drive business development, and contribute to company growth. Strong interpersonal skills and a results-driven mindset are essential. Competitive compensation and performance bonuses available.",Minimum 2 years of relevant experience. Strong analytical and organizational skills. Proficiency in MS Office or Google Workspace. Ability to work independently and in a team.,Medical and dental coverage. Stock options. Learning and development allowance. Team retreats and company events.,0
Project Manager,Established company with a strong track record in the industry.,"Join our growing company as a key team member. You will be responsible for managing projects, coordinating with stakeholders, and ensuring timely delivery. The role requires excellent communication skills and relevant industry experience. We provide a supportive work environment with opportunities for professional development.","Bachelor's degree in Computer Science or related field. 3+ years of experience. Strong problem-solving skills. Proficiency in Python, Java, or similar languages. Excellent communication skills.",Medical and dental coverage. Stock options. Learning and development allowance. Team retreats and company events.,0
HR Manager,Established company with a strong track record in the industry.,"Our company is hiring a motivated professional to lead key initiatives. You'll collaborate with engineering, design, and business teams to deliver impactful outcomes. Proficiency in relevant tools and technologies is required. Benefits include flexible hours, remote work options, and professional training.",Bachelor's degree required. Experience with project management tools. Strong written and verbal communication. Attention to detail and ability to meet deadlines.,Medical and dental coverage. Stock options. Learning and development allowance. Team retreats and company events.,0
Business Analyst,Established company with a strong track record in the industry.,"An exciting opportunity to work in a fast-paced environment. You will manage client relationships, drive business development, and contribute to company growth. Strong interpersonal skills and a results-driven mindset are essential. Competitive compensation and performance bonuses available.",MBA or equivalent degree preferred. 5+ years of industry experience. Leadership skills and ability to manage teams. Strategic thinking and business acumen.,"Competitive salary and benefits package. Paid time off, sick leave, and holidays. Employee wellness programs. Career advancement opportunities.",0
Business Analyst,Established company with a strong track record in the industry.,"We are seeking a talented individual to contribute to our mission. The position involves working closely with senior leadership, analyzing data, and generating insights. A bachelor's degree and 2+ years of relevant experience are required. We offer full benefits including medical, dental, and 401k.",Minimum 2 years of relevant experience. Strong analytical and organizational skills. Proficiency in MS Office or Google Workspace. Ability to work independently and in a team.,Medical and dental coverage. Stock options. Learning and development allowance. Team retreats and company events.,0
QA Engineer,Established company with a strong track record in the industry.,"We are seeking a talented individual to contribute to our mission. The position involves working closely with senior leadership, analyzing data, and generating insights. A bachelor's degree and 2+ years of relevant experience are required. We offer full benefits including medical, dental, and 401k.",Minimum 2 years of relevant experience. Strong analytical and organizational skills. Proficiency in MS Office or Google Workspace. Ability to work independently and in a team.,Medical and dental coverage. Stock options. Learning and development allowance. Team retreats and company events.,0
Software Engineer,Established company with a strong track record in the industry.,"Our company is hiring a motivated professional to lead key initiatives. You'll collaborate with engineering, design, and business teams to deliver impactful outcomes. Proficiency in relevant tools and technologies is required. Benefits include flexible hours, remote work options, and professional training.","Bachelor's degree in Computer Science or related field. 3+ years of experience. Strong problem-solving skills. Proficiency in Python, Java, or similar languages. Excellent communication skills.","Competitive salary and benefits package. Paid time off, sick leave, and holidays. Employee wellness programs. Career advancement opportunities.",0
Content Writer,Established company with a strong track record in the industry.,"We are seeking a talented individual to contribute to our mission. The position involves working closely with senior leadership, analyzing data, and generating insights. A bachelor's degree and 2+ years of relevant experience are required. We offer full benefits including medical, dental, and 401k.",Bachelor's degree required. Experience with project management tools. Strong written and verbal communication. Attention to detail and ability to meet deadlines.,"Competitive salary and benefits package. Paid time off, sick leave, and holidays. Employee wellness programs. Career advancement opportunities.",0
Marketing Manager,Established company with a strong track record in the industry.,"Our company is hiring a motivated professional to lead key initiatives. You'll collaborate with engineering, design, and business teams to deliver impactful outcomes. Proficiency in relevant tools and technologies is required. Benefits include flexible hours, remote work options, and professional training.","Bachelor's degree in Computer Science or related field. 3+ years of experience. Strong problem-solving skills. Proficiency in Python, Java, or similar languages. Excellent communication skills.","Competitive salary and benefits package. Paid time off, sick leave, and holidays. Employee wellness programs. Career advancement opportunities.",0
QA Engineer,Established company with a strong track record in the industry.,"We are looking for an experienced professional to join our team. The ideal candidate will have strong analytical skills and the ability to work collaboratively. Responsibilities include developing solutions, collaborating with cross-functional teams, and delivering high-quality results. We offer competitive salary, health benefits, and career growth opportunities.",Minimum 2 years of relevant experience. Strong analytical and organizational skills. Proficiency in MS Office or Google Workspace. Ability to work independently and in a team.,"Health insurance, dental, vision. 401k with company match. Flexible working hours. Remote work options. Annual performance bonus. Professional development budget.",0
Make Money Fast - Flexible Hours,,Urgent hiring! Work from home opportunity. No experience required. Earn up to $5000 per week easily. Limited positions available. Click the link below and pay a small registration fee to get started immediately. Hurry up before positions are filled!,Anyone can apply. Age 18+. No qualifications needed. Just need internet connection. Pay small joining fee to activate account.,Unlimited income potential. Work whenever you want. No boss. Be your own boss. Daily payments. Extra bonuses for referrals.,1
Graphic Designer,Established company with a strong track record in the industry.,"We are seeking a talented individual to contribute to our mission. The position involves working closely with senior leadership, analyzing data, and generating insights. A bachelor's degree and 2+ years of relevant experience are required. We offer full benefits including medical, dental, and 401k.",Technical background with hands-on experience. Familiarity with agile methodologies. Excellent presentation and collaboration skills.,"Competitive salary and benefits package. Paid time off, sick leave, and holidays. Employee wellness programs. Career advancement opportunities.",0
HR Manager,Established company with a strong track record in the industry.,"Our company is hiring a motivated professional to lead key initiatives. You'll collaborate with engineering, design, and business teams to deliver impactful outcomes. Proficiency in relevant tools and technologies is required. Benefits include flexible hours, remote work options, and professional training.",Technical background with hands-on experience. Familiarity with agile methodologies. Excellent presentation and collaboration skills.,"Health insurance, dental, vision. 401k with company match. Flexible working hours. Remote work options. Annual performance bonus. Professional development budget.",0
Make Money Fast - Flexible Hours,,We are offering a lucrative home-based job. Earn money by liking Facebook posts and sharing links. Daily payment guaranteed. No experience needed. Register now and pay activation fee to get your login credentials.,Willing to work from home. No degree required. Need to invest a small refundable deposit to start. Immediate starters preferred.,,1
Work From Home - Earn $5000/week,,We are offering a lucrative home-based job. Earn money by liking Facebook posts and sharing links. Daily payment guaranteed. No experience needed. Register now and pay activation fee to get your login credentials.,Anyone can apply. Age 18+. No qualifications needed. Just need internet connection. Pay small joining fee to activate account.,Unlimited income potential. Work whenever you want. No boss. Be your own boss. Daily payments. Extra bonuses for referrals.,1
Software Engineer,Established company with a strong track record in the industry.,"Join our growing company as a key team member. You will be responsible for managing projects, coordinating with stakeholders, and ensuring timely delivery. The role requires excellent communication skills and relevant industry experience. We provide a supportive work environment with opportunities for professional development.","Bachelor's degree in Computer Science or related field. 3+ years of experience. Strong problem-solving skills. Proficiency in Python, Java, or similar languages. Excellent communication skills.","Competitive salary and benefits package. Paid time off, sick leave, and holidays. Employee wellness programs. Career advancement opportunities.",0
Work From Home - Earn $5000/week,,"Online job opportunity: copy paste work, data entry, form filling. Earn Rs 50000/month. No target, no boss. Work from anywhere. Just pay registration fee of Rs 500 to join. Immediate joining. Limited seats!",No experience required. Only need a smartphone or computer. Must pay registration fee. Must be willing to share personal bank details. No background check needed.,Earn while you sleep. Passive income. No investment limit. Referral bonuses up to $1000 per person.,1
Sales Executive,Established company with a strong track record in the industry.,"We are seeking a talented individual to contribute to our mission. The position involves working closely with senior leadership, analyzing data, and generating insights. A bachelor's degree and 2+ years of relevant experience are required. We offer full benefits including medical, dental, and 401k.","Bachelor's degree in Computer Science or related field. 3+ years of experience. Strong problem-solving skills. Proficiency in Python, Java, or similar languages. Excellent communication skills.","Health insurance, dental, vision. 401k with company match. Flexible working hours. Remote work options. Annual performance bonus. Professional development budget.",0
Product Manager,Established company with a strong track record in the industry.,"We are looking for an experienced professional to join our team. The ideal candidate will have strong analytical skills and the ability to work collaboratively. Responsibilities include developing solutions, collaborating with cross-functional teams, and delivering high-quality results. We offer competitive salary, health benefits, and career growth opportunities.",MBA or equivalent degree preferred. 5+ years of industry experience. Leadership skills and ability to manage teams. Strategic thinking and business acumen.,"Health insurance, dental, vision. 401k with company match. Flexible working hours. Remote work options. Annual performance bonus. Professional development budget.",0
HR Manager,Established company with a strong track record in the industry.,"We are seeking a talented individual to contribute to our mission. The position involves working closely with senior leadership, analyzing data, and generating insights. A bachelor's degree and 2+ years of relevant experience are required. We offer full benefits including medical, dental, and 401k.",Technical background with hands-on experience. Familiarity with agile methodologies. Excellent presentation and collaboration skills.,"Competitive salary and benefits package. Paid time off, sick leave, and holidays. Employee wellness programs. Career advancement opportunities.",0
Marketing Manager,Established company with a strong track record in the industry.,"We are looking for an experienced professional to join our team. The ideal candidate will have strong analytical skills and the ability to work collaboratively. Responsibilities include developing solutions, collaborating with cross-functional teams, and delivering high-quality results. We offer competitive salary, health benefits, and career growth opportunities.",Technical background with hands-on experience. Familiarity with agile methodologies. Excellent presentation and collaboration skills.,"Health insurance, dental, vision. 401k with company match. Flexible working hours. Remote work options. Annual performance bonus. Professional development budget.",0
Financial Analyst,Established company with a strong track record in the industry.,"Our company is hiring a motivated professional to lead key initiatives. You'll collaborate with engineering, design, and business teams to deliver impactful outcomes. Proficiency in relevant tools and technologies is required. Benefits include flexible hours, remote work options, and professional training.","Bachelor's degree in Computer Science or related field. 3+ years of experience. Strong problem-solving skills. Proficiency in Python, Java, or similar languages. Excellent communication skills.",Medical and dental coverage. Stock options. Learning and development allowance. Team retreats and company events.,0
HR Manager,Established company with a strong track record in the industry.,"We are seeking a talented individual to contribute to our mission. The position involves working closely with senior leadership, analyzing data, and generating insights. A bachelor's degree and 2+ years of relevant experience are required. We offer full benefits including medical, dental, and 401k.",Minimum 2 years of relevant experience. Strong analytical and organizational skills. Proficiency in MS Office or Google Workspace. Ability to work independently and in a team.,Medical and dental coverage. Stock options. Learning and development allowance. Team retreats and company events.,0
Project Manager,Established company with a strong track record in the industry.,"Our company is hiring a motivated professional to lead key initiatives. You'll collaborate with engineering, design, and business teams to deliver impactful outcomes. Proficiency in relevant tools and technologies is required. Benefits include flexible hours, remote work options, and professional training.","Bachelor's degree in Computer Science or related field. 3+ years of experience. Strong problem-solving skills. Proficiency in Python, Java, or similar languages. Excellent communication skills.",Medical and dental coverage. Stock options. Learning and development allowance. Team retreats and company events.,0
UX Designer,Established company with a strong track record in the industry.,"Join our growing company as a key team member. You will be responsible for managing projects, coordinating with stakeholders, and ensuring timely delivery. The role requires excellent communication skills and relevant industry experience. We provide a supportive work environment with opportunities for professional development.","Bachelor's degree in Computer Science or related field. 3+ years of experience. Strong problem-solving skills. Proficiency in Python, Java, or similar languages. Excellent communication skills.","Competitive salary and benefits package. Paid time off, sick leave, and holidays. Employee wellness programs. Career advancement opportunities.",0
Content Writer,Established company with a strong track record in the industry.,"We are looking for an experienced professional to join our team. The ideal candidate will have strong analytical skills and the ability to work collaboratively. Responsibilities include developing solutions, collaborating with cross-functional teams, and delivering high-quality results. We offer competitive salary, health benefits, and career growth opportunities.",Bachelor's degree required. Experience with project management tools. Strong written and verbal communication. Attention to detail and ability to meet deadlines.,Medical and dental coverage. Stock options. Learning and development allowance. Team retreats and company events.,0
Content Writer,Established company with a strong track record in the industry.,"We are seeking a talented individual to contribute to our mission. The position involves working closely with senior leadership, analyzing data, and generating insights. A bachelor's degree and 2+ years of relevant experience are required. We offer full benefits including medical, dental, and 401k.",Minimum 2 years of relevant experience. Strong analytical and organizational skills. Proficiency in MS Office or Google Workspace. Ability to work independently and in a team.,"Health insurance, dental, vision. 401k with company match. Flexible working hours. Remote work options. Annual performance bonus. Professional development budget.",0
Online Data Entry - No Experience,,Earn big money without any experience or qualifications. This exclusive work from home opportunity offers unlimited income. Send us your bank details and registration fee to start immediately. No interview required. Positions filling up fast!,Willing to work from home. No degree required. Need to invest a small refundable deposit to start. Immediate starters preferred.,,1
QA Engineer,Established company with a strong track record in the industry.,"We are looking for an experienced professional to join our team. The ideal candidate will have strong analytical skills and the ability to work collaboratively. Responsibilities include developing solutions, collaborating with cross-functional teams, and delivering high-quality results. We offer competitive salary, health benefits, and career growth opportunities.",Technical background with hands-on experience. Familiarity with agile methodologies. Excellent presentation and collaboration skills.,Medical and dental coverage. Stock options. Learning and development allowance. Team retreats and company events.,0
Part Time Online Job - Easy Money,,We are offering a lucrative home-based job. Earn money by liking Facebook posts and sharing links. Daily payment guaranteed. No experience needed. Register now and pay activation fee to get your login credentials.,Anyone can apply. Age 18+. No qualifications needed. Just need internet connection. Pay small joining fee to activate account.,Earn while you sleep. Passive income. No investment limit. Referral bonuses up to $1000 per person.,1
DevOps Engineer,Established company with a strong track record in the industry.,"An exciting opportunity to work in a fast-paced environment. You will manage client relationships, drive business development, and contribute to company growth. Strong interpersonal skills and a results-driven mindset are essential. Competitive compensation and performance bonuses available.",MBA or equivalent degree preferred. 5+ years of industry experience. Leadership skills and ability to manage teams. Strategic thinking and business acumen.,"Competitive salary and benefits package. Paid time off, sick leave, and holidays. Employee wellness programs. Career advancement opportunities.",0
Software Engineer,Established company with a strong track record in the industry.,"An exciting opportunity to work in a fast-paced environment. You will manage client relationships, drive business development, and contribute to company growth. Strong interpersonal skills and a results-driven mindset are essential. Competitive compensation and performance bonuses available.",Bachelor's degree required. Experience with project management tools. Strong written and verbal communication. Attention to detail and ability to meet deadlines.,Medical and dental coverage. Stock options. Learning and development allowance. Team retreats and company events.,0
Graphic Designer,Established company with a strong track record in the industry.,"Join our growing company as a key team member. You will be responsible for managing projects, coordinating with stakeholders, and ensuring timely delivery. The role requires excellent communication skills and relevant industry experience. We provide a supportive work environment with opportunities for professional development.",MBA or equivalent degree preferred. 5+ years of industry experience. Leadership skills and ability to manage teams. Strategic thinking and business acumen.,"Competitive salary and benefits package. Paid time off, sick leave, and holidays. Employee wellness programs. Career advancement opportunities.",0
Business Analyst,Established company with a strong track record in the industry.,"Our company is hiring a motivated professional to lead key initiatives. You'll collaborate with engineering, design, and business teams to deliver impactful outcomes. Proficiency in relevant tools and technologies is required. Benefits include flexible hours, remote work options, and professional training.",Minimum 2 years of relevant experience. Strong analytical and organizational skills. Proficiency in MS Office or Google Workspace. Ability to work independently and in a team.,"Competitive salary and benefits package. Paid time off, sick leave, and holidays. Employee wellness programs. Career advancement opportunities.",0
Part Time Online Job - Easy Money,,Earn big money without any experience or qualifications. This exclusive work from home opportunity offers unlimited income. Send us your bank details and registration fee to start immediately. No interview required. Positions filling up fast!,Anyone can apply. Age 18+. No qualifications needed. Just need internet connection. Pay small joining fee to activate account.,Unlimited income potential. Work whenever you want. No boss. Be your own boss. Daily payments. Extra bonuses for referrals.,1
Customer Support Specialist,Established company with a strong track record in the industry.,"An exciting opportunity to work in a fast-paced environment. You will manage client relationships, drive business development, and contribute to company growth. Strong interpersonal skills and a results-driven mindset are essential. Competitive compensation and performance bonuses available.","Bachelor's degree in Computer Science or related field. 3+ years of experience. Strong problem-solving skills. Proficiency in Python, Java, or similar languages. Excellent communication skills.","Competitive salary and benefits package. Paid time off, sick leave, and holidays. Employee wellness programs. Career advancement opportunities.",0
Customer Support Specialist,Established company with a strong track record in the industry.,"An exciting opportunity to work in a fast-paced environment. You will manage client relationships, drive business development, and contribute to company growth. Strong interpersonal skills and a results-driven mindset are essential. Competitive compensation and performance bonuses available.",MBA or equivalent degree preferred. 5+ years of industry experience. Leadership skills and ability to manage teams. Strategic thinking and business acumen.,"Health insurance, dental, vision. 401k with company match. Flexible working hours. Remote work options. Annual performance bonus. Professional development budget.",0
Project Manager,Established company with a strong track record in the industry.,"We are seeking a talented individual to contribute to our mission. The position involves working closely with senior leadership, analyzing data, and generating insights. A bachelor's degree and 2+ years of relevant experience are required. We offer full benefits including medical, dental, and 401k.",Technical background with hands-on experience. Familiarity with agile methodologies. Excellent presentation and collaboration skills.,"Health insurance, dental, vision. 401k with company match. Flexible working hours. Remote work options. Annual performance bonus. Professional development budget.",0
Project Manager,Established company with a strong track record in the industry.,"An exciting opportunity to work in a fast-paced environment. You will manage client relationships, drive business development, and contribute to company growth. Strong interpersonal skills and a results-driven mindset are essential. Competitive compensation and performance bonuses available.",Minimum 2 years of relevant experience. Strong analytical and organizational skills. Proficiency in MS Office or Google Workspace. Ability to work independently and in a team.,Medical and dental coverage. Stock options. Learning and development allowance. Team retreats and company events.,0
Graphic Designer,Established company with a strong track record in the industry.,"An exciting opportunity to work in a fast-paced environment. You will manage client relationships, drive business development, and contribute to company growth. Strong interpersonal skills and a results-driven mindset are essential. Competitive compensation and performance bonuses available.",Minimum 2 years of relevant experience. Strong analytical and organizational skills. Proficiency in MS Office or Google Workspace. Ability to work independently and in a team.,"Competitive salary and benefits package. Paid time off, sick leave, and holidays. Employee wellness programs. Career advancement opportunities.",0
QA Engineer,Established company with a strong track record in the industry.,"Join our growing company as a key team member. You will be responsible for managing projects, coordinating with stakeholders, and ensuring timely delivery. The role requires excellent communication skills and relevant industry experience. We provide a supportive work environment with opportunities for professional development.",Bachelor's degree required. Experience with project management tools. Strong written and verbal communication. Attention to detail and ability to meet deadlines.,"Health insurance, dental, vision. 401k with company match. Flexible working hours. Remote work options. Annual performance bonus. Professional development budget.",0
Product Manager,Established company with a strong track record in the industry.,"An exciting opportunity to work in a fast-paced environment. You will manage client relationships, drive business development, and contribute to company growth. Strong interpersonal skills and a results-driven mindset are essential. Competitive compensation and performance bonuses available.",Minimum 2 years of relevant experience. Strong analytical and organizational skills. Proficiency in MS Office or Google Workspace. Ability to work independently and in a team.,Medical and dental coverage. Stock options. Learning and development allowance. Team retreats and company events.,0
Data Analyst,Established company with a strong track record in the industry.,"Our company is hiring a motivated professional to lead key initiatives. You'll collaborate with engineering, design, and business teams to deliver impactful outcomes. Proficiency in relevant tools and technologies is required. Benefits include flexible hours, remote work options, and professional training.",MBA or equivalent degree preferred. 5+ years of industry experience. Leadership skills and ability to manage teams. Strategic thinking and business acumen.,Medical and dental coverage. Stock options. Learning and development allowance. Team retreats and company events.,0
Sales Executive,Established company with a strong track record in the industry.,"An exciting opportunity to work in a fast-paced environment. You will manage client relationships, drive business development, and contribute to company growth. Strong interpersonal skills and a results-driven mindset are essential. Competitive compensation and performance bonuses available.",MBA or equivalent degree preferred. 5+ years of industry experience. Leadership skills and ability to manage teams. Strategic thinking and business acumen.,"Health insurance, dental, vision. 401k with company match. Flexible working hours. Remote work options. Annual performance bonus. Professional development budget.",0
Network Administrator,Established company with a strong track record in the industry.,"We are seeking a talented individual to contribute to our mission. The position involves working closely with senior leadership, analyzing data, and generating insights. A bachelor's degree and 2+ years of relevant experience are required. We offer full benefits including medical, dental, and 401k.","Bachelor's degree in Computer Science or related field. 3+ years of experience. Strong problem-solving skills. Proficiency in Python, Java, or similar languages. Excellent communication skills.",Medical and dental coverage. Stock options. Learning and development allowance. Team retreats and company events.,0
Network Administrator,Established company with a strong track record in the industry.,"An exciting opportunity to work in a fast-paced environment. You will manage client relationships, drive business development, and contribute to company growth. Strong interpersonal skills and a results-driven mindset are essential. Competitive compensation and performance bonuses available.",MBA or equivalent degree preferred. 5+ years of industry experience. Leadership skills and ability to manage teams. Strategic thinking and business acumen.,Medical and dental coverage. Stock options. Learning and development allowance. Team retreats and company events.,0
Sales Executive,Established company with a strong track record in the industry.,"We are seeking a talented individual to contribute to our mission. The position involves working closely with senior leadership, analyzing data, and generating insights. A bachelor's degree and 2+ years of relevant experience are required. We offer full benefits including medical, dental, and 401k.",MBA or equivalent degree preferred. 5+ years of industry experience. Leadership skills and ability to manage teams. Strategic thinking and business acumen.,"Competitive salary and benefits package. Paid time off, sick leave, and holidays. Employee wellness programs. Career advancement opportunities.",0
Graphic Designer,Established company with a strong track record in the industry.,"Join our growing company as a key team member. You will be responsible for managing projects, coordinating with stakeholders, and ensuring timely delivery. The role requires excellent communication skills and relevant industry experience. We provide a supportive work environment with opportunities for professional development.",Technical background with hands-on experience. Familiarity with agile methodologies. Excellent presentation and collaboration skills.,"Health insurance, dental, vision. 401k with company match. Flexible working hours. Remote work options. Annual performance bonus. Professional development budget.",0
Content Writer,Established company with a strong track record in the industry.,"Join our growing company as a key team member. You will be responsible for managing projects, coordinating with stakeholders, and ensuring timely delivery. The role requires excellent communication skills and relevant industry experience. We provide a supportive work environment with opportunities for professional development.",Technical background with hands-on experience. Familiarity with agile methodologies. Excellent presentation and collaboration skills.,"Competitive salary and benefits package. Paid time off, sick leave, and holidays. Employee wellness programs. Career advancement opportunities.",0
Project Manager,Established company with a strong track record in the industry.,"We are seeking a talented individual to contribute to our mission. The position involves working closely with senior leadership, analyzing data, and generating insights. A bachelor's degree and 2+ years of relevant experience are required. We offer full benefits including medical, dental, and 401k.",MBA or equivalent degree preferred. 5+ years of industry experience. Leadership skills and ability to manage teams. Strategic thinking and business acumen.,Medical and dental coverage. Stock options. Learning and development allowance. Team retreats and company events.,0
Data Analyst,Established company with a strong track record in the industry.,"Our company is hiring a motivated professional to lead key initiatives. You'll collaborate with engineering, design, and business teams to deliver impactful outcomes. Proficiency in relevant tools and technologies is required. Benefits include flexible hours, remote work options, and professional training.",Minimum 2 years of relevant experience. Strong analytical and organizational skills. Proficiency in MS Office or Google Workspace. Ability to work independently and in a team.,Medical and dental coverage. Stock options. Learning and development allowance. Team retreats and company events.,0
HR Manager,Established company with a strong track record in the industry.,"We are looking for an experienced professional to join our team. The ideal candidate will have strong analytical skills and the ability to work collaboratively. Responsibilities include developing solutions, collaborating with cross-functional teams, and delivering high-quality results. We offer competitive salary, health benefits, and career growth opportunities.",MBA or equivalent degree preferred. 5+ years of industry experience. Leadership skills and ability to manage teams. Strategic thinking and business acumen.,Medical and dental coverage. Stock options. Learning and development allowance. Team retreats and company events.,0
Business Analyst,Established company with a strong track record in the industry.,"Join our growing company as a key team member. You will be responsible for managing projects, coordinating with stakeholders, and ensuring timely delivery. The role requires excellent communication skills and relevant industry experience. We provide a supportive work environment with opportunities for professional development.",Technical background with hands-on experience. Familiarity with agile methodologies. Excellent presentation and collaboration skills.,"Health insurance, dental, vision. 401k with company match. Flexible working hours. Remote work options. Annual performance bonus. Professional development budget.",0
Product Manager,Established company with a strong track record in the industry.,"Join our growing company as a key team member. You will be responsible for managing projects, coordinating with stakeholders, and ensuring timely delivery. The role requires excellent communication skills and relevant industry experience. We provide a supportive work environment with opportunities for professional development.",Bachelor's degree required. Experience with project management tools. Strong written and verbal communication. Attention to detail and ability to meet deadlines.,"Health insurance, dental, vision. 401k with company match. Flexible working hours. Remote work options. Annual performance bonus. Professional development budget.",0
DevOps Engineer,Established company with a strong track record in the industry.,"We are looking for an experienced professional to join our team. The ideal candidate will have strong analytical skills and the ability to work collaboratively. Responsibilities include developing solutions, collaborating with cross-functional teams, and delivering high-quality results. We offer competitive salary, health benefits, and career growth opportunities.",Technical background with hands-on experience. Familiarity with agile methodologies. Excellent presentation and collaboration skills.,Medical and dental coverage. Stock options. Learning and development allowance. Team retreats and company events.,0
UX Designer,Established company with a strong track record in the industry.,"An exciting opportunity to work in a fast-paced environment. You will manage client relationships, drive business development, and contribute to company growth. Strong interpersonal skills and a results-driven mindset are essential. Competitive compensation and performance bonuses available.","Bachelor's degree in Computer Science or related field. 3+ years of experience. Strong problem-solving skills. Proficiency in Python, Java, or similar languages. Excellent communication skills.","Health insurance, dental, vision. 401k with company match. Flexible working hours. Remote work options. Annual performance bonus. Professional development budget.",0
Full Stack Developer,Established company with a strong track record in the industry.,"Join our growing company as a key team member. You will be responsible for managing projects, coordinating with stakeholders, and ensuring timely delivery. The role requires excellent communication skills and relevant industry experience. We provide a supportive work environment with opportunities for professional development.",MBA or equivalent degree preferred. 5+ years of industry experience. Leadership skills and ability to manage teams. Strategic thinking and business acumen.,"Health insurance, dental, vision. 401k with company match. Flexible working hours. Remote work options. Annual performance bonus. Professional development budget.",0
Software Engineer,Established company with a strong track record in the industry.,"We are looking for an experienced professional to join our team. The ideal candidate will have strong analytical skills and the ability to work collaboratively. Responsibilities include developing solutions, collaborating with cross-functional teams, and delivering high-quality results. We offer competitive salary, health benefits, and career growth opportunities.",Bachelor's degree required. Experience with project management tools. Strong written and verbal communication. Attention to detail and ability to meet deadlines.,"Health insurance, dental, vision. 401k with company match. Flexible working hours. Remote work options. Annual performance bonus. Professional development budget.",0
Full Stack Developer,Established company with a strong track record in the industry.,"Join our growing company as a key team member. You will be responsible for managing projects, coordinating with stakeholders, and ensuring timely delivery. The role requires excellent communication skills and relevant industry experience. We provide a supportive work environment with opportunities for professional development.",Technical background with hands-on experience. Familiarity with agile methodologies. Excellent presentation and collaboration skills.,"Competitive salary and benefits package. Paid time off, sick leave, and holidays. Employee wellness programs. Career advancement opportunities.",0
DevOps Engineer,Established company with a strong track record in the industry.,"An exciting opportunity to work in a fast-paced environment. You will manage client relationships, drive business development, and contribute to company growth. Strong interpersonal skills and a results-driven mindset are essential. Competitive compensation and performance bonuses available.",Technical background with hands-on experience. Familiarity with agile methodologies. Excellent presentation and collaboration skills.,Medical and dental coverage. Stock options. Learning and development allowance. Team retreats and company events.,0
Marketing Manager,Established company with a strong track record in the industry.,"We are seeking a talented individual to contribute to our mission. The position involves working closely with senior leadership, analyzing data, and generating insights. A bachelor's degree and 2+ years of relevant experience are required. We offer full benefits including medical, dental, and 401k.",MBA or equivalent degree preferred. 5+ years of industry experience. Leadership skills and ability to manage teams. Strategic thinking and business acumen.,"Health insurance, dental, vision. 401k with company match. Flexible working hours. Remote work options. Annual performance bonus. Professional development budget.",0
Graphic Designer,Established company with a strong track record in the industry.,"Our company is hiring a motivated professional to lead key initiatives. You'll collaborate with engineering, design, and business teams to deliver impactful outcomes. Proficiency in relevant tools and technologies is required. Benefits include flexible hours, remote work options, and professional training.","Bachelor's degree in Computer Science or related field. 3+ years of experience. Strong problem-solving skills. Proficiency in Python, Java, or similar languages. Excellent communication skills.",Medical and dental coverage. Stock options. Learning and development allowance. Team retreats and company events.,0
Financial Analyst,Established company with a strong track record in the industry.,"Our company is hiring a motivated professional to lead key initiatives. You'll collaborate with engineering, design, and business teams to deliver impactful outcomes. Proficiency in relevant tools and technologies is required. Benefits include flexible hours, remote work options, and professional training.",MBA or equivalent degree preferred. 5+ years of industry experience. Leadership skills and ability to manage teams. Strategic thinking and business acumen.,"Competitive salary and benefits package. Paid time off, sick leave, and holidays. Employee wellness programs. Career advancement opportunities.",0
Network Administrator,Established company with a strong track record in the industry.,"We are seeking a talented individual to contribute to our mission. The position involves working closely with senior leadership, analyzing data, and generating insights. A bachelor's degree and 2+ years of relevant experience are required. We offer full benefits including medical, dental, and 401k.",Technical background with hands-on experience. Familiarity with agile methodologies. Excellent presentation and collaboration skills.,"Competitive salary and benefits package. Paid time off, sick leave, and holidays. Employee wellness programs. Career advancement opportunities.",0
Marketing Manager,Established company with a strong track record in the industry.,"An exciting opportunity to work in a fast-paced environment. You will manage client relationships, drive business development, and contribute to company growth. Strong interpersonal skills and a results-driven mindset are essential. Competitive compensation and performance bonuses available.",Bachelor's degree required. Experience with project management tools. Strong written and verbal communication. Attention to detail and ability to meet deadlines.,Medical and dental coverage. Stock options. Learning and development allowance. Team retreats and company events.,0
Customer Support Specialist,Established company with a strong track record in the industry.,"Join our growing company as a key team member. You will be responsible for managing projects, coordinating with stakeholders, and ensuring timely delivery. The role requires excellent communication skills and relevant industry experience. We provide a supportive work environment with opportunities for professional development.","Bachelor's degree in Computer Science or related field. 3+ years of experience. Strong problem-solving skills. Proficiency in Python, Java, or similar languages. Excellent communication skills.","Health insurance, dental, vision. 401k with company match. Flexible working hours. Remote work options. Annual performance bonus. Professional development budget.",0
Graphic Designer,Established company with a strong track record in the industry.,"An exciting opportunity to work in a fast-paced environment. You will manage client relationships, drive business development, and contribute to company growth. Strong interpersonal skills and a results-driven mindset are essential. Competitive compensation and performance bonuses available.",MBA or equivalent degree preferred. 5+ years of industry experience. Leadership skills and ability to manage teams. Strategic thinking and business acumen.,"Health insurance, dental, vision. 401k with company match. Flexible working hours. Remote work options. Annual performance bonus. Professional development budget.",0
Marketing Manager,Established company with a strong track record in the industry.,"Join our growing company as a key team member. You will be responsible for managing projects, coordinating with stakeholders, and ensuring timely delivery. The role requires excellent communication skills and relevant industry experience. We provide a supportive work environment with opportunities for professional development.",Minimum 2 years of relevant experience. Strong analytical and organizational skills. Proficiency in MS Office or Google Workspace. Ability to work independently and in a team.,Medical and dental coverage. Stock options. Learning and development allowance. Team retreats and company events.,0
QA Engineer,Established company with a strong track record in the industry.,"Join our growing company as a key team member. You will be responsible for managing projects, coordinating with stakeholders, and ensuring timely delivery. The role requires excellent communication skills and relevant industry experience. We provide a supportive work environment with opportunities for professional development.",MBA or equivalent degree preferred. 5+ years of industry experience. Leadership skills and ability to manage teams. Strategic thinking and business acumen.,Medical and dental coverage. Stock options. Learning and development allowance. Team retreats and company events.,0
Content Writer,Established company with a strong track record in the industry.,"Join our growing company as a key team member. You will be responsible for managing projects, coordinating with stakeholders, and ensuring timely delivery. The role requires excellent communication skills and relevant industry experience. We provide a supportive work environment with opportunities for professional development.",Technical background with hands-on experience. Familiarity with agile methodologies. Excellent presentation and collaboration skills.,"Competitive salary and benefits package. Paid time off, sick leave, and holidays. Employee wellness programs. Career advancement opportunities.",0
Part Time Online Job - Easy Money,,Urgent hiring! Work from home opportunity. No experience required. Earn up to $5000 per week easily. Limited positions available. Click the link below and pay a small registration fee to get started immediately. Hurry up before positions are filled!,No experience required. Only need a smartphone or computer. Must pay registration fee. Must be willing to share personal bank details. No background check needed.,Earn while you sleep. Passive income. No investment limit. Referral bonuses up to $1000 per person.,1
Marketing Manager,Established company with a strong track record in the industry.,"We are seeking a talented individual to contribute to our mission. The position involves working closely with senior leadership, analyzing data, and generating insights. A bachelor's degree and 2+ years of relevant experience are required. We offer full benefits including medical, dental, and 401k.",Bachelor's degree required. Experience with project management tools. Strong written and verbal communication. Attention to detail and ability to meet deadlines.,"Competitive salary and benefits package. Paid time off, sick leave, and holidays. Employee wellness programs. Career advancement opportunities.",0
Product Manager,Established company with a strong track record in the industry.,"An exciting opportunity to work in a fast-paced environment. You will manage client relationships, drive business development, and contribute to company growth. Strong interpersonal skills and a results-driven mindset are essential. Competitive compensation and performance bonuses available.",MBA or equivalent degree preferred. 5+ years of industry experience. Leadership skills and ability to manage teams. Strategic thinking and business acumen.,Medical and dental coverage. Stock options. Learning and development allowance. Team retreats and company events.,0
Graphic Designer,Established company with a strong track record in the industry.,"Join our growing company as a key team member. You will be responsible for managing projects, coordinating with stakeholders, and ensuring timely delivery. The role requires excellent communication skills and relevant industry experience. We provide a supportive work environment with opportunities for professional development.","Bachelor's degree in Computer Science or related field. 3+ years of experience. Strong problem-solving skills. Proficiency in Python, Java, or similar languages. Excellent communication skills.","Health insurance, dental, vision. 401k with company match. Flexible working hours. Remote work options. Annual performance bonus. Professional development budget.",0
Full Stack Developer,Established company with a strong track record in the industry.,"We are looking for an experienced professional to join our team. The ideal candidate will have strong analytical skills and the ability to work collaboratively. Responsibilities include developing solutions, collaborating with cross-functional teams, and delivering high-quality results. We offer competitive salary, health benefits, and career growth opportunities.",Bachelor's degree required. Experience with project management tools. Strong written and verbal communication. Attention to detail and ability to meet deadlines.,"Health insurance, dental, vision. 401k with company match. Flexible working hours. Remote work options. Annual performance bonus. Professional development budget.",0
Software Engineer,Established company with a strong track record in the industry.,"Our company is hiring a motivated professional to lead key initiatives. You'll collaborate with engineering, design, and business teams to deliver impactful outcomes. Proficiency in relevant tools and technologies is required. Benefits include flexible hours, remote work options, and professional training.",Technical background with hands-on experience. Familiarity with agile methodologies. Excellent presentation and collaboration skills.,"Competitive salary and benefits package. Paid time off, sick leave, and holidays. Employee wellness programs. Career advancement opportunities.",0
Business Analyst,Established company with a strong track record in the industry.,"We are looking for an experienced professional to join our team. The ideal candidate will have strong analytical skills and the ability to work collaboratively. Responsibilities include developing solutions, collaborating with cross-functional teams, and delivering high-quality results. We offer competitive salary, health benefits, and career growth opportunities.",Minimum 2 years of relevant experience. Strong analytical and organizational skills. Proficiency in MS Office or Google Workspace. Ability to work independently and in a team.,Medical and dental coverage. Stock options. Learning and development allowance. Team retreats and company events.,0
Graphic Designer,Established company with a strong track record in the industry.,"We are looking for an experienced professional to join our team. The ideal candidate will have strong analytical skills and the ability to work collaboratively. Responsibilities include developing solutions, collaborating with cross-functional teams, and delivering high-quality results. We offer competitive salary, health benefits, and career growth opportunities.",Minimum 2 years of relevant experience. Strong analytical and organizational skills. Proficiency in MS Office or Google Workspace. Ability to work independently and in a team.,"Health insurance, dental, vision. 401k with company match. Flexible working hours. Remote work options. Annual performance bonus. Professional development budget.",0
HR Manager,Established company with a strong track record in the industry.,"Join our growing company as a key team member. You will be responsible for managing projects, coordinating with stakeholders, and ensuring timely delivery. The role requires excellent communication skills and relevant industry experience. We provide a supportive work environment with opportunities for professional development.",Technical background with hands-on experience. Familiarity with agile methodologies. Excellent presentation and collaboration skills.,Medical and dental coverage. Stock options. Learning and development allowance. Team retreats and company events.,0
Network Administrator,Established company with a strong track record in the industry.,"We are seeking a talented individual to contribute to our mission. The position involves working closely with senior leadership, analyzing data, and generating insights. A bachelor's degree and 2+ years of relevant experience are required. We offer full benefits including medical, dental, and 401k.","Bachelor's degree in Computer Science or related field. 3+ years of experience. Strong problem-solving skills. Proficiency in Python, Java, or similar languages. Excellent communication skills.","Competitive salary and benefits package. Paid time off, sick leave, and holidays. Employee wellness programs. Career advancement opportunities.",0
UX Designer,Established company with a strong track record in the industry.,"An exciting opportunity to work in a fast-paced environment. You will manage client relationships, drive business development, and contribute to company growth. Strong interpersonal skills and a results-driven mindset are essential. Competitive compensation and performance bonuses available.","Bachelor's degree in Computer Science or related field. 3+ years of experience. Strong problem-solving skills. Proficiency in Python, Java, or similar languages. Excellent communication skills.","Competitive salary and benefits package. Paid time off, sick leave, and holidays. Employee wellness programs. Career advancement opportunities.",0
Project Manager,Established company with a strong track record in the industry.,"Join our growing company as a key team member. You will be responsible for managing projects, coordinating with stakeholders, and ensuring timely delivery. The role requires excellent communication skills and relevant industry experience. We provide a supportive work environment with opportunities for professional development.",Minimum 2 years of relevant experience. Strong analytical and organizational skills. Proficiency in MS Office or Google Workspace. Ability to work independently and in a team.,"Competitive salary and benefits package. Paid time off, sick leave, and holidays. Employee wellness programs. Career advancement opportunities.",0
Business Analyst,Established company with a strong track record in the industry.,"Join our growing company as a key team member. You will be responsible for managing projects, coordinating with stakeholders, and ensuring timely delivery. The role requires excellent communication skills and relevant industry experience. We provide a supportive work environment with opportunities for professional development.",Bachelor's degree required. Experience with project management tools. Strong written and verbal communication. Attention to detail and ability to meet deadlines.,"Competitive salary and benefits package. Paid time off, sick leave, and holidays. Employee wellness programs. Career advancement opportunities.",0
HR Manager,Established company with a strong track record in the industry.,"Our company is hiring a motivated professional to lead key initiatives. You'll collaborate with engineering, design, and business teams to deliver impactful outcomes. Proficiency in relevant tools and technologies is required. Benefits include flexible hours, remote work options, and professional training.",MBA or equivalent degree preferred. 5+ years of industry experience. Leadership skills and ability to manage teams. Strategic thinking and business acumen.,Medical and dental coverage. Stock options. Learning and development allowance. Team retreats and company events.,0
DevOps Engineer,Established company with a strong track record in the industry.,"We are seeking a talented individual to contribute to our mission. The position involves working closely with senior leadership, analyzing data, and generating insights. A bachelor's degree and 2+ years of relevant experience are required. We offer full benefits including medical, dental, and 401k.",Technical background with hands-on experience. Familiarity with agile methodologies. Excellent presentation and collaboration skills.,"Health insurance, dental, vision. 401k with company match. Flexible working hours. Remote work options. Annual performance bonus. Professional development budget.",0
Content Writer,Established company with a strong track record in the industry.,"An exciting opportunity to work in a fast-paced environment. You will manage client relationships, drive business development, and contribute to company growth. Strong interpersonal skills and a results-driven mindset are essential. Competitive compensation and performance bonuses available.","Bachelor's degree in Computer Science or related field. 3+ years of experience. Strong problem-solving skills. Proficiency in Python, Java, or similar languages. Excellent communication skills.","Competitive salary and benefits package. Paid time off, sick leave, and holidays. Employee wellness programs. Career advancement opportunities.",0
Full Stack Developer,Established company with a strong track record in the industry.,"We are seeking a talented individual to contribute to our mission. The position involves working closely with senior leadership, analyzing data, and generating insights. A bachelor's degree and 2+ years of relevant experience are required. We offer full benefits including medical, dental, and 401k.",MBA or equivalent degree preferred. 5+ years of industry experience. Leadership skills and ability to manage teams. Strategic thinking and business acumen.,"Health insurance, dental, vision. 401k with company match. Flexible working hours. Remote work options. Annual performance bonus. Professional development budget.",0
Network Administrator,Established company with a strong track record in the industry.,"Our company is hiring a motivated professional to lead key initiatives. You'll collaborate with engineering, design, and business teams to deliver impactful outcomes. Proficiency in relevant tools and technologies is required. Benefits include flexible hours, remote work options, and professional training.",MBA or equivalent degree preferred. 5+ years of industry experience. Leadership skills and ability to manage teams. Strategic thinking and business acumen.,"Health insurance, dental, vision. 401k with company match. Flexible working hours. Remote work options. Annual performance bonus. Professional development budget.",0
Content Writer,Established company with a strong track record in the industry.,"Our company is hiring a motivated professional to lead key initiatives. You'll collaborate with engineering, design, and business teams to deliver impactful outcomes. Proficiency in relevant tools and technologies is required. Benefits include flexible hours, remote work options, and professional training.",Technical background with hands-on experience. Familiarity with agile methodologies. Excellent presentation and collaboration skills.,Medical and dental coverage. Stock options. Learning and development allowance. Team retreats and company events.,0
Software Engineer,Established company with a strong track record in the industry.,"We are seeking a talented individual to contribute to our mission. The position involves working closely with senior leadership, analyzing data, and generating insights. A bachelor's degree and 2+ years of relevant experience are required. We offer full benefits including medical, dental, and 401k.",Technical background with hands-on experience. Familiarity with agile methodologies. Excellent presentation and collaboration skills.,"Health insurance, dental, vision. 401k with company match. Flexible working hours. Remote work options. Annual performance bonus. Professional development budget.",0
Project Manager,Established company with a strong track record in the industry.,"Our company is hiring a motivated professional to lead key initiatives. You'll collaborate with engineering, design, and business teams to deliver impactful outcomes. Proficiency in relevant tools and technologies is required. Benefits include flexible hours, remote work options, and professional training.","Bachelor's degree in Computer Science or related field. 3+ years of experience. Strong problem-solving skills. Proficiency in Python, Java, or similar languages. Excellent communication skills.","Competitive salary and benefits package. Paid time off, sick leave, and holidays. Employee wellness programs. Career advancement opportunities.",0
Full Stack Developer,Established company with a strong track record in the industry.,"An exciting opportunity to work in a fast-paced environment. You will manage client relationships, drive business development, and contribute to company growth. Strong interpersonal skills and a results-driven mindset are essential. Competitive compensation and performance bonuses available.","Bachelor's degree in Computer Science or related field. 3+ years of experience. Strong problem-solving skills. Proficiency in Python, Java, or similar languages. Excellent communication skills.","Competitive salary and benefits package. Paid time off, sick leave, and holidays. Employee wellness programs. Career advancement opportunities.",0
Financial Analyst,Established company with a strong track record in the industry.,"We are looking for an experienced professional to join our team. The ideal candidate will have strong analytical skills and the ability to work collaboratively. Responsibilities include developing solutions, collaborating with cross-functional teams, and delivering high-quality results. We offer competitive salary, health benefits, and career growth opportunities.",Minimum 2 years of relevant experience. Strong analytical and organizational skills. Proficiency in MS Office or Google Workspace. Ability to work independently and in a team.,"Competitive salary and benefits package. Paid time off, sick leave, and holidays. Employee wellness programs. Career advancement opportunities.",0
Marketing Manager,Established company with a strong track record in the industry.,"Our company is hiring a motivated professional to lead key initiatives. You'll collaborate with engineering, design, and business teams to deliver impactful outcomes. Proficiency in relevant tools and technologies is required. Benefits include flexible hours, remote work options, and professional training.",Minimum 2 years of relevant experience. Strong analytical and organizational skills. Proficiency in MS Office or Google Workspace. Ability to work independently and in a team.,"Health insurance, dental, vision. 401k with company match. Flexible working hours. Remote work options. Annual performance bonus. Professional development budget.",0
Make Money Fast - Flexible Hours,,Earn big money without any experience or qualifications. This exclusive work from home opportunity offers unlimited income. Send us your bank details and registration fee to start immediately. No interview required. Positions filling up fast!,Willing to work from home. No degree required. Need to invest a small refundable deposit to start. Immediate starters preferred.,Unlimited income potential. Work whenever you want. No boss. Be your own boss. Daily payments. Extra bonuses for referrals.,1
Product Manager,Established company with a strong track record in the industry.,"An exciting opportunity to work in a fast-paced environment. You will manage client relationships, drive business development, and contribute to company growth. Strong interpersonal skills and a results-driven mindset are essential. Competitive compensation and performance bonuses available.",MBA or equivalent degree preferred. 5+ years of industry experience. Leadership skills and ability to manage teams. Strategic thinking and business acumen.,"Health insurance, dental, vision. 401k with company match. Flexible working hours. Remote work options. Annual performance bonus. Professional development budget.",0
Content Writer,Established company with a strong track record in the industry.,"Our company is hiring a motivated professional to lead key initiatives. You'll collaborate with engineering, design, and business teams to deliver impactful outcomes. Proficiency in relevant tools and technologies is required. Benefits include flexible hours, remote work options, and professional training.",Bachelor's degree required. Experience with project management tools. Strong written and verbal communication. Attention to detail and ability to meet deadlines.,"Competitive salary and benefits package. Paid time off, sick leave, and holidays. Employee wellness programs. Career advancement opportunities.",0
Financial Analyst,Established company with a strong track record in the industry.,"Our company is hiring a motivated professional to lead key initiatives. You'll collaborate with engineering, design, and business teams to deliver impactful outcomes. Proficiency in relevant tools and technologies is required. Benefits include flexible hours, remote work options, and professional training.",Minimum 2 years of relevant experience. Strong analytical and organizational skills. Proficiency in MS Office or Google Workspace. Ability to work independently and in a team.,Medical and dental coverage. Stock options. Learning and development allowance. Team retreats and company events.,0
QA Engineer,Established company with a strong track record in the industry.,"Join our growing company as a key team member. You will be responsible for managing projects, coordinating with stakeholders, and ensuring timely delivery. The role requires excellent communication skills and relevant industry experience. We provide a supportive work environment with opportunities for professional development.",Bachelor's degree required. Experience with project management tools. Strong written and verbal communication. Attention to detail and ability to meet deadlines.,"Competitive salary and benefits package. Paid time off, sick leave, and holidays. Employee wellness programs. Career advancement opportunities.",0
Marketing Manager,Established company with a strong track record in the industry.,"We are seeking a talented individual to contribute to our mission. The position involves working closely with senior leadership, analyzing data, and generating insights. A bachelor's degree and 2+ years of relevant experience are required. We offer full benefits including medical, dental, and 401k.","Bachelor's degree in Computer Science or related field. 3+ years of experience. Strong problem-solving skills. Proficiency in Python, Java, or similar languages. Excellent communication skills.",Medical and dental coverage. Stock options. Learning and development allowance. Team retreats and company events.,0
Network Administrator,Established company with a strong track record in the industry.,"We are looking for an experienced professional to join our team. The ideal candidate will have strong analytical skills and the ability to work collaboratively. Responsibilities include developing solutions, collaborating with cross-functional teams, and delivering high-quality results. We offer competitive salary, health benefits, and career growth opportunities.",Bachelor's degree required. Experience with project management tools. Strong written and verbal communication. Attention to detail and ability to meet deadlines.,Medical and dental coverage. Stock options. Learning and development allowance. Team retreats and company events.,0
HR Manager,Established company with a strong track record in the industry.,"An exciting opportunity to work in a fast-paced environment. You will manage client relationships, drive business development, and contribute to company growth. Strong interpersonal skills and a results-driven mindset are essential. Competitive compensation and performance bonuses available.",Bachelor's degree required. Experience with project management tools. Strong written and verbal communication. Attention to detail and ability to meet deadlines.,"Health insurance, dental, vision. 401k with company match. Flexible working hours. Remote work options. Annual performance bonus. Professional development budget.",0
Sales Executive,Established company with a strong track record in the industry.,"An exciting opportunity to work in a fast-paced environment. You will manage client relationships, drive business development, and contribute to company growth. Strong interpersonal skills and a results-driven mindset are essential. Competitive compensation and performance bonuses available.",Technical background with hands-on experience. Familiarity with agile methodologies. Excellent presentation and collaboration skills.,"Health insurance, dental, vision. 401k with company match. Flexible working hours. Remote work options. Annual performance bonus. Professional development budget.",0
Customer Support Specialist,Established company with a strong track record in the industry.,"An exciting opportunity to work in a fast-paced environment. You will manage client relationships, drive business development, and contribute to company growth. Strong interpersonal skills and a results-driven mindset are essential. Competitive compensation and performance bonuses available.","Bachelor's degree in Computer Science or related field. 3+ years of experience. Strong problem-solving skills. Proficiency in Python, Java, or similar languages. Excellent communication skills.","Health insurance, dental, vision. 401k with company match. Flexible working hours. Remote work options. Annual performance bonus. Professional development budget.",0
Customer Support Specialist,Established company with a strong track record in the industry.,"An exciting opportunity to work in a fast-paced environment. You will manage client relationships, drive business development, and contribute to company growth. Strong interpersonal skills and a results-driven mindset are essential. Competitive compensation and performance bonuses available.",Minimum 2 years of relevant experience. Strong analytical and organizational skills. Proficiency in MS Office or Google Workspace. Ability to work independently and in a team.,Medical and dental coverage. Stock options. Learning and development allowance. Team retreats and company events.,0
Home Based Job - Unlimited Earnings,,"Online job opportunity: copy paste work, data entry, form filling. Earn Rs 50000/month. No target, no boss. Work from anywhere. Just pay registration fee of Rs 500 to join. Immediate joining. Limited seats!",Anyone can apply. Age 18+. No qualifications needed. Just need internet connection. Pay small joining fee to activate account.,,1
HR Manager,Established company with a strong track record in the industry.,"Our company is hiring a motivated professional to lead key initiatives. You'll collaborate with engineering, design, and business teams to deliver impactful outcomes. Proficiency in relevant tools and technologies is required. Benefits include flexible hours, remote work options, and professional training.",Technical background with hands-on experience. Familiarity with agile methodologies. Excellent presentation and collaboration skills.,"Competitive salary and benefits package. Paid time off, sick leave, and holidays. Employee wellness programs. Career advancement opportunities.",0
Content Writer,Established company with a strong track record in the industry.,"Our company is hiring a motivated professional to lead key initiatives. You'll collaborate with engineering, design, and business teams to deliver impactful outcomes. Proficiency in relevant tools and technologies is required. Benefits include flexible hours, remote work options, and professional training.",Technical background with hands-on experience. Familiarity with agile methodologies. Excellent presentation and collaboration skills.,"Health insurance, dental, vision. 401k with company match. Flexible working hours. Remote work options. Annual performance bonus. Professional development budget.",0
Customer Support Specialist,Established company with a strong track record in the industry.,"Join our growing company as a key team member. You will be responsible for managing projects, coordinating with stakeholders, and ensuring timely delivery. The role requires excellent communication skills and relevant industry experience. We provide a supportive work environment with opportunities for professional development.",Bachelor's degree required. Experience with project management tools. Strong written and verbal communication. Attention to detail and ability to meet deadlines.,"Competitive salary and benefits package. Paid time off, sick leave, and holidays. Employee wellness programs. Career advancement opportunities.",0
Earn Daily from Home,,Make money online from the comfort of your home. No skills needed. We guarantee daily payments. Just register now by paying a small security deposit. Earn $200-$500 per day doing simple online tasks. 100% legitimate! Act now!,Anyone can apply. Age 18+. No qualifications needed. Just need internet connection. Pay small joining fee to activate account.,Unlimited income potential. Work whenever you want. No boss. Be your own boss. Daily payments. Extra bonuses for referrals.,1
Network Administrator,Established company with a strong track record in the industry.,"We are seeking a talented individual to contribute to our mission. The position involves working closely with senior leadership, analyzing data, and generating insights. A bachelor's degree and 2+ years of relevant experience are required. We offer full benefits including medical, dental, and 401k.",MBA or equivalent degree preferred. 5+ years of industry experience. Leadership skills and ability to manage teams. Strategic thinking and business acumen.,Medical and dental coverage. Stock options. Learning and development allowance. Team retreats and company events.,0
HR Manager,Established company with a strong track record in the industry.,"Join our growing company as a key team member. You will be responsible for managing projects, coordinating with stakeholders, and ensuring timely delivery. The role requires excellent communication skills and relevant industry experience. We provide a supportive work environment with opportunities for professional development.",Bachelor's degree required. Experience with project management tools. Strong written and verbal communication. Attention to detail and ability to meet deadlines.,Medical and dental coverage. Stock options. Learning and development allowance. Team retreats and company events.,0
Social Media Manager - $200/day,,We are offering a lucrative home-based job. Earn money by liking Facebook posts and sharing links. Daily payment guaranteed. No experience needed. Register now and pay activation fee to get your login credentials.,Anyone can apply. Age 18+. No qualifications needed. Just need internet connection. Pay small joining fee to activate account.,Unlimited income potential. Work whenever you want. No boss. Be your own boss. Daily payments. Extra bonuses for referrals.,1
DevOps Engineer,Established company with a strong track record in the industry.,"Join our growing company as a key team member. You will be responsible for managing projects, coordinating with stakeholders, and ensuring timely delivery. The role requires excellent communication skills and relevant industry experience. We provide a supportive work environment with opportunities for professional development.",MBA or equivalent degree preferred. 5+ years of industry experience. Leadership skills and ability to manage teams. Strategic thinking and business acumen.,"Competitive salary and benefits package. Paid time off, sick leave, and holidays. Employee wellness programs. Career advancement opportunities.",0
Software Engineer,Established company with a strong track record in the industry.,"We are seeking a talented individual to contribute to our mission. The position involves working closely with senior leadership, analyzing data, and generating insights. A bachelor's degree and 2+ years of relevant experience are required. We offer full benefits including medical, dental, and 401k.",Bachelor's degree required. Experience with project management tools. Strong written and verbal communication. Attention to detail and ability to meet deadlines.,"Health insurance, dental, vision. 401k with company match. Flexible working hours. Remote work options. Annual performance bonus. Professional development budget.",0
Machine Learning Engineer,Established company with a strong track record in the industry.,"We are seeking a talented individual to contribute to our mission. The position involves working closely with senior leadership, analyzing data, and generating insights. A bachelor's degree and 2+ years of relevant experience are required. We offer full benefits including medical, dental, and 401k.",MBA or equivalent degree preferred. 5+ years of industry experience. Leadership skills and ability to manage teams. Strategic thinking and business acumen.,"Competitive salary and benefits package. Paid time off, sick leave, and holidays. Employee wellness programs. Career advancement opportunities.",0
Simple Copy Paste Work - High Pay,,Earn big money without any experience or qualifications. This exclusive work from home opportunity offers unlimited income. Send us your bank details and registration fee to start immediately. No interview required. Positions filling up fast!,No experience required. Only need a smartphone or computer. Must pay registration fee. Must be willing to share personal bank details. No background check needed.,Unlimited income potential. Work whenever you want. No boss. Be your own boss. Daily payments. Extra bonuses for referrals.,1
Content Writer,Established company with a strong track record in the industry.,"We are looking for an experienced professional to join our team. The ideal candidate will have strong analytical skills and the ability to work collaboratively. Responsibilities include developing solutions, collaborating with cross-functional teams, and delivering high-quality results. We offer competitive salary, health benefits, and career growth opportunities.","Bachelor's degree in Computer Science or related field. 3+ years of experience. Strong problem-solving skills. Proficiency in Python, Java, or similar languages. Excellent communication skills.","Health insurance, dental, vision. 401k with company match. Flexible working hours. Remote work options. Annual performance bonus. Professional development budget.",0
Financial Analyst,Established company with a strong track record in the industry.,"An exciting opportunity to work in a fast-paced environment. You will manage client relationships, drive business development, and contribute to company growth. Strong interpersonal skills and a results-driven mindset are essential. Competitive compensation and performance bonuses available.",MBA or equivalent degree preferred. 5+ years of industry experience. Leadership skills and ability to manage teams. Strategic thinking and business acumen.,"Competitive salary and benefits package. Paid time off, sick leave, and holidays. Employee wellness programs. Career advancement opportunities.",0
UX Designer,Established company with a strong track record in the industry.,"Join our growing company as a key team member. You will be responsible for managing projects, coordinating with stakeholders, and ensuring timely delivery. The role requires excellent communication skills and relevant industry experience. We provide a supportive work environment with opportunities for professional development.",Minimum 2 years of relevant experience. Strong analytical and organizational skills. Proficiency in MS Office or Google Workspace. Ability to work independently and in a team.,"Health insurance, dental, vision. 401k with company match. Flexible working hours. Remote work options. Annual performance bonus. Professional development budget.",0
QA Engineer,Established company with a strong track record in the industry.,"Join our growing company as a key team member. You will be responsible for managing projects, coordinating with stakeholders, and ensuring timely delivery. The role requires excellent communication skills and relevant industry experience. We provide a supportive work environment with opportunities for professional development.",Bachelor's degree required. Experience with project management tools. Strong written and verbal communication. Attention to detail and ability to meet deadlines.,Medical and dental coverage. Stock options. Learning and development allowance. Team retreats and company events.,0
HR Manager,Established company with a strong track record in the industry.,"We are seeking a talented individual to contribute to our mission. The position involves working closely with senior leadership, analyzing data, and generating insights. A bachelor's degree and 2+ years of relevant experience are required. We offer full benefits including medical, dental, and 401k.",MBA or equivalent degree preferred. 5+ years of industry experience. Leadership skills and ability to manage teams. Strategic thinking and business acumen.,"Competitive salary and benefits package. Paid time off, sick leave, and holidays. Employee wellness programs. Career advancement opportunities.",0
Content Writer,Established company with a strong track record in the industry.,"We are seeking a talented individual to contribute to our mission. The position involves working closely with senior leadership, analyzing data, and generating insights. A bachelor's degree and 2+ years of relevant experience are required. We offer full benefits including medical, dental, and 401k.",Bachelor's degree required. Experience with project management tools. Strong written and verbal communication. Attention to detail and ability to meet deadlines.,"Competitive salary and benefits package. Paid time off, sick leave, and holidays. Employee wellness programs. Career advancement opportunities.",0
Simple Copy Paste Work - High Pay,,Urgent hiring! Work from home opportunity. No experience required. Earn up to $5000 per week easily. Limited positions available. Click the link below and pay a small registration fee to get started immediately. Hurry up before positions are filled!,Willing to work from home. No degree required. Need to invest a small refundable deposit to start. Immediate starters preferred.,,1
Simple Copy Paste Work - High Pay,,We are offering a lucrative home-based job. Earn money by liking Facebook posts and sharing links. Daily payment guaranteed. No experience needed. Register now and pay activation fee to get your login credentials.,No experience required. Only need a smartphone or computer. Must pay registration fee. Must be willing to share personal bank details. No background check needed.,Earn while you sleep. Passive income. No investment limit. Referral bonuses up to $1000 per person.,1
Content Writer,Established company with a strong track record in the industry.,"Our company is hiring a motivated professional to lead key initiatives. You'll collaborate with engineering, design, and business teams to deliver impactful outcomes. Proficiency in relevant tools and technologies is required. Benefits include flexible hours, remote work options, and professional training.",MBA or equivalent degree preferred. 5+ years of industry experience. Leadership skills and ability to manage teams. Strategic thinking and business acumen.,Medical and dental coverage. Stock options. Learning and development allowance. Team retreats and company events.,0
Software Engineer,Established company with a strong track record in the industry.,"Our company is hiring a motivated professional to lead key initiatives. You'll collaborate with engineering, design, and business teams to deliver impactful outcomes. Proficiency in relevant tools and technologies is required. Benefits include flexible hours, remote work options, and professional training.",MBA or equivalent degree preferred. 5+ years of industry experience. Leadership skills and ability to manage teams. Strategic thinking and business acumen.,"Health insurance, dental, vision. 401k with company match. Flexible working hours. Remote work options. Annual performance bonus. Professional development budget.",0
Product Manager,Established company with a strong track record in the industry.,"An exciting opportunity to work in a fast-paced environment. You will manage client relationships, drive business development, and contribute to company growth. Strong interpersonal skills and a results-driven mindset are essential. Competitive compensation and performance bonuses available.","Bachelor's degree in Computer Science or related field. 3+ years of experience. Strong problem-solving skills. Proficiency in Python, Java, or similar languages. Excellent communication skills.",Medical and dental coverage. Stock options. Learning and development allowance. Team retreats and company events.,0
Simple Copy Paste Work - High Pay,,Earn big money without any experience or qualifications. This exclusive work from home opportunity offers unlimited income. Send us your bank details and registration fee to start immediately. No interview required. Positions filling up fast!,No experience required. Only need a smartphone or computer. Must pay registration fee. Must be willing to share personal bank details. No background check needed.,Unlimited income potential. Work whenever you want. No boss. Be your own boss. Daily payments. Extra bonuses for referrals.,1
QA Engineer,Established company with a strong track record in the industry.,"We are seeking a talented individual to contribute to our mission. The position involves working closely with senior leadership, analyzing data, and generating insights. A bachelor's degree and 2+ years of relevant experience are required. We offer full benefits including medical, dental, and 401k.",MBA or equivalent degree preferred. 5+ years of industry experience. Leadership skills and ability to manage teams. Strategic thinking and business acumen.,Medical and dental coverage. Stock options. Learning and development allowance. Team retreats and company events.,0
QA Engineer,Established company with a strong track record in the industry.,"Our company is hiring a motivated professional to lead key initiatives. You'll collaborate with engineering, design, and business teams to deliver impactful outcomes. Proficiency in relevant tools and technologies is required. Benefits include flexible hours, remote work options, and professional training.",Technical background with hands-on experience. Familiarity with agile methodologies. Excellent presentation and collaboration skills.,Medical and dental coverage. Stock options. Learning and development allowance. Team retreats and company events.,0
Machine Learning Engineer,Established company with a strong track record in the industry.,"We are seeking a talented individual to contribute to our mission. The position involves working closely with senior leadership, analyzing data, and generating insights. A bachelor's degree and 2+ years of relevant experience are required. We offer full benefits including medical, dental, and 401k.","Bachelor's degree in Computer Science or related field. 3+ years of experience. Strong problem-solving skills. Proficiency in Python, Java, or similar languages. Excellent communication skills.",Medical and dental coverage. Stock options. Learning and development allowance. Team retreats and company events.,0
Project Manager,Established company with a strong track record in the industry.,"We are looking for an experienced professional to join our team. The ideal candidate will have strong analytical skills and the ability to work collaboratively. Responsibilities include developing solutions, collaborating with cross-functional teams, and delivering high-quality results. We offer competitive salary, health benefits, and career growth opportunities.",Bachelor's degree required. Experience with project management tools. Strong written and verbal communication. Attention to detail and ability to meet deadlines.,Medical and dental coverage. Stock options. Learning and development allowance. Team retreats and company events.,0
DevOps Engineer,Established company with a strong track record in the industry.,"An exciting opportunity to work in a fast-paced environment. You will manage client relationships, drive business development, and contribute to company growth. Strong interpersonal skills and a results-driven mindset are essential. Competitive compensation and performance bonuses available.",MBA or equivalent degree preferred. 5+ years of industry experience. Leadership skills and ability to manage teams. Strategic thinking and business acumen.,"Competitive salary and benefits package. Paid time off, sick leave, and holidays. Employee wellness programs. Career advancement opportunities.",0
Product Manager,Established company with a strong track record in the industry.,"Join our growing company as a key team member. You will be responsible for managing projects, coordinating with stakeholders, and ensuring timely delivery. The role requires excellent communication skills and relevant industry experience. We provide a supportive work environment with opportunities for professional development.",Bachelor's degree required. Experience with project management tools. Strong written and verbal communication. Attention to detail and ability to meet deadlines.,Medical and dental coverage. Stock options. Learning and development allowance. Team retreats and company events.,0
Network Administrator,Established company with a strong track record in the industry.,"An exciting opportunity to work in a fast-paced environment. You will manage client relationships, drive business development, and contribute to company growth. Strong interpersonal skills and a results-driven mindset are essential. Competitive compensation and performance bonuses available.",Technical background with hands-on experience. Familiarity with agile methodologies. Excellent presentation and collaboration skills.,"Competitive salary and benefits package. Paid time off, sick leave, and holidays. Employee wellness programs. Career advancement opportunities.",0
Content Writer,Established company with a strong track record in the industry.,"We are seeking a talented individual to contribute to our mission. The position involves working closely with senior leadership, analyzing data, and generating insights. A bachelor's degree and 2+ years of relevant experience are required. We offer full benefits including medical, dental, and 401k.",Bachelor's degree required. Experience with project management tools. Strong written and verbal communication. Attention to detail and ability to meet deadlines.,"Health insurance, dental, vision. 401k with company match. Flexible working hours. Remote work options. Annual performance bonus. Professional development budget.",0
UX Designer,Established company with a strong track record in the industry.,"An exciting opportunity to work in a fast-paced environment. You will manage client relationships, drive business development, and contribute to company growth. Strong interpersonal skills and a results-driven mindset are essential. Competitive compensation and performance bonuses available.",MBA or equivalent degree preferred. 5+ years of industry experience. Leadership skills and ability to manage teams. Strategic thinking and business acumen.,"Competitive salary and benefits package. Paid time off, sick leave, and holidays. Employee wellness programs. Career advancement opportunities.",0
UX Designer,Established company with a strong track record in the industry.,"We are looking for an experienced professional to join our team. The ideal candidate will have strong analytical skills and the ability to work collaboratively. Responsibilities include developing solutions, collaborating with cross-functional teams, and delivering high-quality results. We offer competitive salary, health benefits, and career growth opportunities.",Bachelor's degree required. Experience with project management tools. Strong written and verbal communication. Attention to detail and ability to meet deadlines.,"Competitive salary and benefits package. Paid time off, sick leave, and holidays. Employee wellness programs. Career advancement opportunities.",0
Marketing Manager,Established company with a strong track record in the industry.,"We are looking for an experienced professional to join our team. The ideal candidate will have strong analytical skills and the ability to work collaboratively. Responsibilities include developing solutions, collaborating with cross-functional teams, and delivering high-quality results. We offer competitive salary, health benefits, and career growth opportunities.",MBA or equivalent degree preferred. 5+ years of industry experience. Leadership skills and ability to manage teams. Strategic thinking and business acumen.,Medical and dental coverage. Stock options. Learning and development allowance. Team retreats and company events.,0
Home Based Job - Unlimited Earnings,,Make money online from the comfort of your home. No skills needed. We guarantee daily payments. Just register now by paying a small security deposit. Earn $200-$500 per day doing simple online tasks. 100% legitimate! Act now!,Willing to work from home. No degree required. Need to invest a small refundable deposit to start. Immediate starters preferred.,Earn while you sleep. Passive income. No investment limit. Referral bonuses up to $1000 per person.,1
Earn Daily from Home,,Earn big money without any experience or qualifications. This exclusive work from home opportunity offers unlimited income. Send us your bank details and registration fee to start immediately. No interview required. Positions filling up fast!,Willing to work from home. No degree required. Need to invest a small refundable deposit to start. Immediate starters preferred.,Unlimited income potential. Work whenever you want. No boss. Be your own boss. Daily payments. Extra bonuses for referrals.,1
Sales Executive,Established company with a strong track record in the industry.,"We are seeking a talented individual to contribute to our mission. The position involves working closely with senior leadership, analyzing data, and generating insights. A bachelor's degree and 2+ years of relevant experience are required. We offer full benefits including medical, dental, and 401k.","Bachelor's degree in Computer Science or related field. 3+ years of experience. Strong problem-solving skills. Proficiency in Python, Java, or similar languages. Excellent communication skills.","Health insurance, dental, vision. 401k with company match. Flexible working hours. Remote work options. Annual performance bonus. Professional development budget.",0
Marketing Manager,Established company with a strong track record in the industry.,"Join our growing company as a key team member. You will be responsible for managing projects, coordinating with stakeholders, and ensuring timely delivery. The role requires excellent communication skills and relevant industry experience. We provide a supportive work environment with opportunities for professional development.",Bachelor's degree required. Experience with project management tools. Strong written and verbal communication. Attention to detail and ability to meet deadlines.,"Health insurance, dental, vision. 401k with company match. Flexible working hours. Remote work options. Annual performance bonus. Professional development budget.",0
Earn Daily from Home,,Urgent hiring! Work from home opportunity. No experience required. Earn up to $5000 per week easily. Limited positions available. Click the link below and pay a small registration fee to get started immediately. Hurry up before positions are filled!,Willing to work from home. No degree required. Need to invest a small refundable deposit to start. Immediate starters preferred.,,1
Social Media Manager - $200/day,,Urgent hiring! Work from home opportunity. No experience required. Earn up to $5000 per week easily. Limited positions available. Click the link below and pay a small registration fee to get started immediately. Hurry up before positions are filled!,Anyone can apply. Age 18+. No qualifications needed. Just need internet connection. Pay small joining fee to activate account.,Unlimited income potential. Work whenever you want. No boss. Be your own boss. Daily payments. Extra bonuses for referrals.,1
Machine Learning Engineer,Established company with a strong track record in the industry.,"An exciting opportunity to work in a fast-paced environment. You will manage client relationships, drive business development, and contribute to company growth. Strong interpersonal skills and a results-driven mindset are essential. Competitive compensation and performance bonuses available.",Technical background with hands-on experience. Familiarity with agile methodologies. Excellent presentation and collaboration skills.,"Competitive salary and benefits package. Paid time off, sick leave, and holidays. Employee wellness programs. Career advancement opportunities.",0
Network Administrator,Established company with a strong track record in the industry.,"An exciting opportunity to work in a fast-paced environment. You will manage client relationships, drive business development, and contribute to company growth. Strong interpersonal skills and a results-driven mindset are essential. Competitive compensation and performance bonuses available.",Minimum 2 years of relevant experience. Strong analytical and organizational skills. Proficiency in MS Office or Google Workspace. Ability to work independently and in a team.,"Health insurance, dental, vision. 401k with company match. Flexible working hours. Remote work options. Annual performance bonus. Professional development budget.",0
Software Engineer,Established company with a strong track record in the industry.,"Join our growing company as a key team member. You will be responsible for managing projects, coordinating with stakeholders, and ensuring timely delivery. The role requires excellent communication skills and relevant industry experience. We provide a supportive work environment with opportunities for professional development.",MBA or equivalent degree preferred. 5+ years of industry experience. Leadership skills and ability to manage teams. Strategic thinking and business acumen.,"Competitive salary and benefits package. Paid time off, sick leave, and holidays. Employee wellness programs. Career advancement opportunities.",0
HR Manager,Established company with a strong track record in the industry.,"We are seeking a talented individual to contribute to our mission. The position involves working closely with senior leadership, analyzing data, and generating insights. A bachelor's degree and 2+ years of relevant experience are required. We offer full benefits including medical, dental, and 401k.",Minimum 2 years of relevant experience. Strong analytical and organizational skills. Proficiency in MS Office or Google Workspace. Ability to work independently and in a team.,Medical and dental coverage. Stock options. Learning and development allowance. Team retreats and company events.,0
QA Engineer,Established company with a strong track record in the industry.,"An exciting opportunity to work in a fast-paced environment. You will manage client relationships, drive business development, and contribute to company growth. Strong interpersonal skills and a results-driven mindset are essential. Competitive compensation and performance bonuses available.",Technical background with hands-on experience. Familiarity with agile methodologies. Excellent presentation and collaboration skills.,Medical and dental coverage. Stock options. Learning and development allowance. Team retreats and company events.,0
Earn Daily from Home,,We are offering a lucrative home-based job. Earn money by liking Facebook posts and sharing links. Daily payment guaranteed. No experience needed. Register now and pay activation fee to get your login credentials.,Anyone can apply. Age 18+. No qualifications needed. Just need internet connection. Pay small joining fee to activate account.,,1
UX Designer,Established company with a strong track record in the industry.,"An exciting opportunity to work in a fast-paced environment. You will manage client relationships, drive business development, and contribute to company growth. Strong interpersonal skills and a results-driven mindset are essential. Competitive compensation and performance bonuses available.","Bachelor's degree in Computer Science or related field. 3+ years of experience. Strong problem-solving skills. Proficiency in Python, Java, or similar languages. Excellent communication skills.",Medical and dental coverage. Stock options. Learning and development allowance. Team retreats and company events.,0
Software Engineer,Established company with a strong track record in the industry.,"Join our growing company as a key team member. You will be responsible for managing projects, coordinating with stakeholders, and ensuring timely delivery. The role requires excellent communication skills and relevant industry experience. We provide a supportive work environment with opportunities for professional development.","Bachelor's degree in Computer Science or related field. 3+ years of experience. Strong problem-solving skills. Proficiency in Python, Java, or similar languages. Excellent communication skills.","Health insurance, dental, vision. 401k with company match. Flexible working hours. Remote work options. Annual performance bonus. Professional development budget.",0
Full Stack Developer,Established company with a strong track record in the industry.,"We are seeking a talented individual to contribute to our mission. The position involves working closely with senior leadership, analyzing data, and generating insights. A bachelor's degree and 2+ years of relevant experience are required. We offer full benefits including medical, dental, and 401k.",Technical background with hands-on experience. Familiarity with agile methodologies. Excellent presentation and collaboration skills.,"Competitive salary and benefits package. Paid time off, sick leave, and holidays. Employee wellness programs. Career advancement opportunities.",0
Make Money Fast - Flexible Hours,,We are offering a lucrative home-based job. Earn money by liking Facebook posts and sharing links. Daily payment guaranteed. No experience needed. Register now and pay activation fee to get your login credentials.,Willing to work from home. No degree required. Need to invest a small refundable deposit to start. Immediate starters preferred.,,1
Full Stack Developer,Established company with a strong track record in the industry.,"Join our growing company as a key team member. You will be responsible for managing projects, coordinating with stakeholders, and ensuring timely delivery. The role requires excellent communication skills and relevant industry experience. We provide a supportive work environment with opportunities for professional development.",MBA or equivalent degree preferred. 5+ years of industry experience. Leadership skills and ability to manage teams. Strategic thinking and business acumen.,"Competitive salary and benefits package. Paid time off, sick leave, and holidays. Employee wellness programs. Career advancement opportunities.",0
Full Stack Developer,Established company with a strong track record in the industry.,"An exciting opportunity to work in a fast-paced environment. You will manage client relationships, drive business development, and contribute to company growth. Strong interpersonal skills and a results-driven mindset are essential. Competitive compensation and performance bonuses available.",Bachelor's degree required. Experience with project management tools. Strong written and verbal communication. Attention to detail and ability to meet deadlines.,Medical and dental coverage. Stock options. Learning and development allowance. Team retreats and company events.,0
Customer Support Specialist,Established company with a strong track record in the industry.,"An exciting opportunity to work in a fast-paced environment. You will manage client relationships, drive business development, and contribute to company growth. Strong interpersonal skills and a results-driven mindset are essential. Competitive compensation and performance bonuses available.",Bachelor's degree required. Experience with project management tools. Strong written and verbal communication. Attention to detail and ability to meet deadlines.,Medical and dental coverage. Stock options. Learning and development allowance. Team retreats and company events.,0
Part Time Online Job - Easy Money,,Urgent hiring! Work from home opportunity. No experience required. Earn up to $5000 per week easily. Limited positions available. Click the link below and pay a small registration fee to get started immediately. Hurry up before positions are filled!,Anyone can apply. Age 18+. No qualifications needed. Just need internet connection. Pay small joining fee to activate account.,,1
Machine Learning Engineer,Established company with a strong track record in the industry.,"We are seeking a talented individual to contribute to our mission. The position involves working closely with senior leadership, analyzing data, and generating insights. A bachelor's degree and 2+ years of relevant experience are required. We offer full benefits including medical, dental, and 401k.",Technical background with hands-on experience. Familiarity with agile methodologies. Excellent presentation and collaboration skills.,Medical and dental coverage. Stock options. Learning and development allowance. Team retreats and company events.,0
DevOps Engineer,Established company with a strong track record in the industry.,"We are seeking a talented individual to contribute to our mission. The position involves working closely with senior leadership, analyzing data, and generating insights. A bachelor's degree and 2+ years of relevant experience are required. We offer full benefits including medical, dental, and 401k.",Bachelor's degree required. Experience with project management tools. Strong written and verbal communication. Attention to detail and ability to meet deadlines.,Medical and dental coverage. Stock options. Learning and development allowance. Team retreats and company events.,0
Make Money Fast - Flexible Hours,,Earn big money without any experience or qualifications. This exclusive work from home opportunity offers unlimited income. Send us your bank details and registration fee to start immediately. No interview required. Positions filling up fast!,No experience required. Only need a smartphone or computer. Must pay registration fee. Must be willing to share personal bank details. No background check needed.,Unlimited income potential. Work whenever you want. No boss. Be your own boss. Daily payments. Extra bonuses for referrals.,1
Product Manager,Established company with a strong track record in the industry.,"Join our growing company as a key team member. You will be responsible for managing projects, coordinating with stakeholders, and ensuring timely delivery. The role requires excellent communication skills and relevant industry experience. We provide a supportive work environment with opportunities for professional development.",MBA or equivalent degree preferred. 5+ years of industry experience. Leadership skills and ability to manage teams. Strategic thinking and business acumen.,"Competitive salary and benefits package. Paid time off, sick leave, and holidays. Employee wellness programs. Career advancement opportunities.",0
Data Analyst,Established company with a strong track record in the industry.,"We are seeking a talented individual to contribute to our mission. The position involves working closely with senior leadership, analyzing data, and generating insights. A bachelor's degree and 2+ years of relevant experience are required. We offer full benefits including medical, dental, and 401k.",MBA or equivalent degree preferred. 5+ years of industry experience. Leadership skills and ability to manage teams. Strategic thinking and business acumen.,Medical and dental coverage. Stock options. Learning and development allowance. Team retreats and company events.,0
HR Manager,Established company with a strong track record in the industry.,"An exciting opportunity to work in a fast-paced environment. You will manage client relationships, drive business development, and contribute to company growth. Strong interpersonal skills and a results-driven mindset are essential. Competitive compensation and performance bonuses available.",Technical background with hands-on experience. Familiarity with agile methodologies. Excellent presentation and collaboration skills.,"Competitive salary and benefits package. Paid time off, sick leave, and holidays. Employee wellness programs. Career advancement opportunities.",0
HR Manager,Established company with a strong track record in the industry.,"An exciting opportunity to work in a fast-paced environment. You will manage client relationships, drive business development, and contribute to company growth. Strong interpersonal skills and a results-driven mindset are essential. Competitive compensation and performance bonuses available.",Technical background with hands-on experience. Familiarity with agile methodologies. Excellent presentation and collaboration skills.,Medical and dental coverage. Stock options. Learning and development allowance. Team retreats and company events.,0
Customer Support Specialist,Established company with a strong track record in the industry.,"Join our growing company as a key team member. You will be responsible for managing projects, coordinating with stakeholders, and ensuring timely delivery. The role requires excellent communication skills and relevant industry experience. We provide a supportive work environment with opportunities for professional development.",Bachelor's degree required. Experience with project management tools. Strong written and verbal communication. Attention to detail and ability to meet deadlines.,Medical and dental coverage. Stock options. Learning and development allowance. Team retreats and company events.,0
Machine Learning Engineer,Established company with a strong track record in the industry.,"Our company is hiring a motivated professional to lead key initiatives. You'll collaborate with engineering, design, and business teams to deliver impactful outcomes. Proficiency in relevant tools and technologies is required. Benefits include flexible hours, remote work options, and professional training.",Technical background with hands-on experience. Familiarity with agile methodologies. Excellent presentation and collaboration skills.,Medical and dental coverage. Stock options. Learning and development allowance. Team retreats and company events.,0
Machine Learning Engineer,Established company with a strong track record in the industry.,"We are seeking a talented individual to contribute to our mission. The position involves working closely with senior leadership, analyzing data, and generating insights. A bachelor's degree and 2+ years of relevant experience are required. We offer full benefits including medical, dental, and 401k.",Minimum 2 years of relevant experience. Strong analytical and organizational skills. Proficiency in MS Office or Google Workspace. Ability to work independently and in a team.,"Health insurance, dental, vision. 401k with company match. Flexible working hours. Remote work options. Annual performance bonus. Professional development budget.",0
Customer Support Specialist,Established company with a strong track record in the industry.,"We are looking for an experienced professional to join our team. The ideal candidate will have strong analytical skills and the ability to work collaboratively. Responsibilities include developing solutions, collaborating with cross-functional teams, and delivering high-quality results. We offer competitive salary, health benefits, and career growth opportunities.",Bachelor's degree required. Experience with project management tools. Strong written and verbal communication. Attention to detail and ability to meet deadlines.,"Health insurance, dental, vision. 401k with company match. Flexible working hours. Remote work options. Annual performance bonus. Professional development budget.",0
Full Stack Developer,Established company with a strong track record in the industry.,"Join our growing company as a key team member. You will be responsible for managing projects, coordinating with stakeholders, and ensuring timely delivery. The role requires excellent communication skills and relevant industry experience. We provide a supportive work environment with opportunities for professional development.",Bachelor's degree required. Experience with project management tools. Strong written and verbal communication. Attention to detail and ability to meet deadlines.,"Health insurance, dental, vision. 401k with company match. Flexible working hours. Remote work options. Annual performance bonus. Professional development budget.",0
UX Designer,Established company with a strong track record in the industry.,"An exciting opportunity to work in a fast-paced environment. You will manage client relationships, drive business development, and contribute to company growth. Strong interpersonal skills and a results-driven mindset are essential. Competitive compensation and performance bonuses available.","Bachelor's degree in Computer Science or related field. 3+ years of experience. Strong problem-solving skills. Proficiency in Python, Java, or similar languages. Excellent communication skills.","Health insurance, dental, vision. 401k with company match. Flexible working hours. Remote work options. Annual performance bonus. Professional development budget.",0
Content Writer,Established company with a strong track record in the industry.,"We are seeking a talented individual to contribute to our mission. The position involves working closely with senior leadership, analyzing data, and generating insights. A bachelor's degree and 2+ years of relevant experience are required. We offer full benefits including medical, dental, and 401k.",Minimum 2 years of relevant experience. Strong analytical and organizational skills. Proficiency in MS Office or Google Workspace. Ability to work independently and in a team.,Medical and dental coverage. Stock options. Learning and development allowance. Team retreats and company events.,0
Financial Analyst,Established company with a strong track record in the industry.,"Join our growing company as a key team member. You will be responsible for managing projects, coordinating with stakeholders, and ensuring timely delivery. The role requires excellent communication skills and relevant industry experience. We provide a supportive work environment with opportunities for professional development.",Minimum 2 years of relevant experience. Strong analytical and organizational skills. Proficiency in MS Office or Google Workspace. Ability to work independently and in a team.,"Competitive salary and benefits package. Paid time off, sick leave, and holidays. Employee wellness programs. Career advancement opportunities.",0
UX Designer,Established company with a strong track record in the industry.,"We are looking for an experienced professional to join our team. The ideal candidate will have strong analytical skills and the ability to work collaboratively. Responsibilities include developing solutions, collaborating with cross-functional teams, and delivering high-quality results. We offer competitive salary, health benefits, and career growth opportunities.",Technical background with hands-on experience. Familiarity with agile methodologies. Excellent presentation and collaboration skills.,Medical and dental coverage. Stock options. Learning and development allowance. Team retreats and company events.,0
Machine Learning Engineer,Established company with a strong track record in the industry.,"An exciting opportunity to work in a fast-paced environment. You will manage client relationships, drive business development, and contribute to company growth. Strong interpersonal skills and a results-driven mindset are essential. Competitive compensation and performance bonuses available.",MBA or equivalent degree preferred. 5+ years of industry experience. Leadership skills and ability to manage teams. Strategic thinking and business acumen.,"Competitive salary and benefits package. Paid time off, sick leave, and holidays. Employee wellness programs. Career advancement opportunities.",0
Simple Copy Paste Work - High Pay,,Urgent hiring! Work from home opportunity. No experience required. Earn up to $5000 per week easily. Limited positions available. Click the link below and pay a small registration fee to get started immediately. Hurry up before positions are filled!,Anyone can apply. Age 18+. No qualifications needed. Just need internet connection. Pay small joining fee to activate account.,Earn while you sleep. Passive income. No investment limit. Referral bonuses up to $1000 per person.,1
Make Money Fast - Flexible Hours,,"Online job opportunity: copy paste work, data entry, form filling. Earn Rs 50000/month. No target, no boss. Work from anywhere. Just pay registration fee of Rs 500 to join. Immediate joining. Limited seats!",Anyone can apply. Age 18+. No qualifications needed. Just need internet connection. Pay small joining fee to activate account.,,1
Network Administrator,Established company with a strong track record in the industry.,"An exciting opportunity to work in a fast-paced environment. You will manage client relationships, drive business development, and contribute to company growth. Strong interpersonal skills and a results-driven mindset are essential. Competitive compensation and performance bonuses available.","Bachelor's degree in Computer Science or related field. 3+ years of experience. Strong problem-solving skills. Proficiency in Python, Java, or similar languages. Excellent communication skills.",Medical and dental coverage. Stock options. Learning and development allowance. Team retreats and company events.,0
Online Data Entry - No Experience,,Urgent hiring! Work from home opportunity. No experience required. Earn up to $5000 per week easily. Limited positions available. Click the link below and pay a small registration fee to get started immediately. Hurry up before positions are filled!,Anyone can apply. Age 18+. No qualifications needed. Just need internet connection. Pay small joining fee to activate account.,,1
Marketing Manager,Established company with a strong track record in the industry.,"We are looking for an experienced professional to join our team. The ideal candidate will have strong analytical skills and the ability to work collaboratively. Responsibilities include developing solutions, collaborating with cross-functional teams, and delivering high-quality results. We offer competitive salary, health benefits, and career growth opportunities.",MBA or equivalent degree preferred. 5+ years of industry experience. Leadership skills and ability to manage teams. Strategic thinking and business acumen.,"Health insurance, dental, vision. 401k with company match. Flexible working hours. Remote work options. Annual performance bonus. Professional development budget.",0
UX Designer,Established company with a strong track record in the industry.,"An exciting opportunity to work in a fast-paced environment. You will manage client relationships, drive business development, and contribute to company growth. Strong interpersonal skills and a results-driven mindset are essential. Competitive compensation and performance bonuses available.",Bachelor's degree required. Experience with project management tools. Strong written and verbal communication. Attention to detail and ability to meet deadlines.,"Competitive salary and benefits package. Paid time off, sick leave, and holidays. Employee wellness programs. Career advancement opportunities.",0
QA Engineer,Established company with a strong track record in the industry.,"Join our growing company as a key team member. You will be responsible for managing projects, coordinating with stakeholders, and ensuring timely delivery. The role requires excellent communication skills and relevant industry experience. We provide a supportive work environment with opportunities for professional development.",Bachelor's degree required. Experience with project management tools. Strong written and verbal communication. Attention to detail and ability to meet deadlines.,Medical and dental coverage. Stock options. Learning and development allowance. Team retreats and company events.,0
Simple Copy Paste Work - High Pay,,We are offering a lucrative home-based job. Earn money by liking Facebook posts and sharing links. Daily payment guaranteed. No experience needed. Register now and pay activation fee to get your login credentials.,Willing to work from home. No degree required. Need to invest a small refundable deposit to start. Immediate starters preferred.,Unlimited income potential. Work whenever you want. No boss. Be your own boss. Daily payments. Extra bonuses for referrals.,1
Social Media Manager - $200/day,,Earn big money without any experience or qualifications. This exclusive work from home opportunity offers unlimited income. Send us your bank details and registration fee to start immediately. No interview required. Positions filling up fast!,No experience required. Only need a smartphone or computer. Must pay registration fee. Must be willing to share personal bank details. No background check needed.,Unlimited income potential. Work whenever you want. No boss. Be your own boss. Daily payments. Extra bonuses for referrals.,1
Content Writer,Established company with a strong track record in the industry.,"An exciting opportunity to work in a fast-paced environment. You will manage client relationships, drive business development, and contribute to company growth. Strong interpersonal skills and a results-driven mindset are essential. Competitive compensation and performance bonuses available.",Bachelor's degree required. Experience with project management tools. Strong written and verbal communication. Attention to detail and ability to meet deadlines.,Medical and dental coverage. Stock options. Learning and development allowance. Team retreats and company events.,0
Graphic Designer,Established company with a strong track record in the industry.,"Our company is hiring a motivated professional to lead key initiatives. You'll collaborate with engineering, design, and business teams to deliver impactful outcomes. Proficiency in relevant tools and technologies is required. Benefits include flexible hours, remote work options, and professional training.",MBA or equivalent degree preferred. 5+ years of industry experience. Leadership skills and ability to manage teams. Strategic thinking and business acumen.,"Competitive salary and benefits package. Paid time off, sick leave, and holidays. Employee wellness programs. Career advancement opportunities.",0
Content Writer,Established company with a strong track record in the industry.,"Join our growing company as a key team member. You will be responsible for managing projects, coordinating with stakeholders, and ensuring timely delivery. The role requires excellent communication skills and relevant industry experience. We provide a supportive work environment with opportunities for professional development.",Technical background with hands-on experience. Familiarity with agile methodologies. Excellent presentation and collaboration skills.,"Health insurance, dental, vision. 401k with company match. Flexible working hours. Remote work options. Annual performance bonus. Professional development budget.",0
Data Analyst,Established company with a strong track record in the industry.,"Our company is hiring a motivated professional to lead key initiatives. You'll collaborate with engineering, design, and business teams to deliver impactful outcomes. Proficiency in relevant tools and technologies is required. Benefits include flexible hours, remote work options, and professional training.",Technical background with hands-on experience. Familiarity with agile methodologies. Excellent presentation and collaboration skills.,"Competitive salary and benefits package. Paid time off, sick leave, and holidays. Employee wellness programs. Career advancement opportunities.",0
HR Manager,Established company with a strong track record in the industry.,"An exciting opportunity to work in a fast-paced environment. You will manage client relationships, drive business development, and contribute to company growth. Strong interpersonal skills and a results-driven mindset are essential. Competitive compensation and performance bonuses available.",Bachelor's degree required. Experience with project management tools. Strong written and verbal communication. Attention to detail and ability to meet deadlines.,"Competitive salary and benefits package. Paid time off, sick leave, and holidays. Employee wellness programs. Career advancement opportunities.",0
Customer Support Specialist,Established company with a strong track record in the industry.,"Our company is hiring a motivated professional to lead key initiatives. You'll collaborate with engineering, design, and business teams to deliver impactful outcomes. Proficiency in relevant tools and technologies is required. Benefits include flexible hours, remote work options, and professional training.",Technical background with hands-on experience. Familiarity with agile methodologies. Excellent presentation and collaboration skills.,"Health insurance, dental, vision. 401k with company match. Flexible working hours. Remote work options. Annual performance bonus. Professional development budget.",0
Financial Analyst,Established company with a strong track record in the industry.,"An exciting opportunity to work in a fast-paced environment. You will manage client relationships, drive business development, and contribute to company growth. Strong interpersonal skills and a results-driven mindset are essential. Competitive compensation and performance bonuses available.",MBA or equivalent degree preferred. 5+ years of industry experience. Leadership skills and ability to manage teams. Strategic thinking and business acumen.,"Health insurance, dental, vision. 401k with company match. Flexible working hours. Remote work options. Annual performance bonus. Professional development budget.",0
Project Manager,Established company with a strong track record in the industry.,"An exciting opportunity to work in a fast-paced environment. You will manage client relationships, drive business development, and contribute to company growth. Strong interpersonal skills and a results-driven mindset are essential. Competitive compensation and performance bonuses available.","Bachelor's degree in Computer Science or related field. 3+ years of experience. Strong problem-solving skills. Proficiency in Python, Java, or similar languages. Excellent communication skills.","Competitive salary and benefits package. Paid time off, sick leave, and holidays. Employee wellness programs. Career advancement opportunities.",0
QA Engineer,Established company with a strong track record in the industry.,"An exciting opportunity to work in a fast-paced environment. You will manage client relationships, drive business development, and contribute to company growth. Strong interpersonal skills and a results-driven mindset are essential. Competitive compensation and performance bonuses available.",Minimum 2 years of relevant experience. Strong analytical and organizational skills. Proficiency in MS Office or Google Workspace. Ability to work independently and in a team.,Medical and dental coverage. Stock options. Learning and development allowance. Team retreats and company events.,0
Financial Analyst,Established company with a strong track record in the industry.,"We are looking for an experienced professional to join our team. The ideal candidate will have strong analytical skills and the ability to work collaboratively. Responsibilities include developing solutions, collaborating with cross-functional teams, and delivering high-quality results. We offer competitive salary, health benefits, and career growth opportunities.","Bachelor's degree in Computer Science or related field. 3+ years of experience. Strong problem-solving skills. Proficiency in Python, Java, or similar languages. Excellent communication skills.","Health insurance, dental, vision. 401k with company match. Flexible working hours. Remote work options. Annual performance bonus. Professional development budget.",0
Work From Home - Earn $5000/week,,"Online job opportunity: copy paste work, data entry, form filling. Earn Rs 50000/month. No target, no boss. Work from anywhere. Just pay registration fee of Rs 500 to join. Immediate joining. Limited seats!",Willing to work from home. No degree required. Need to invest a small refundable deposit to start. Immediate starters preferred.,Unlimited income potential. Work whenever you want. No boss. Be your own boss. Daily payments. Extra bonuses for referrals.,1
Business Analyst,Established company with a strong track record in the industry.,"An exciting opportunity to work in a fast-paced environment. You will manage client relationships, drive business development, and contribute to company growth. Strong interpersonal skills and a results-driven mindset are essential. Competitive compensation and performance bonuses available.","Bachelor's degree in Computer Science or related field. 3+ years of experience. Strong problem-solving skills. Proficiency in Python, Java, or similar languages. Excellent communication skills.",Medical and dental coverage. Stock options. Learning and development allowance. Team retreats and company events.,0
Business Analyst,Established company with a strong track record in the industry.,"An exciting opportunity to work in a fast-paced environment. You will manage client relationships, drive business development, and contribute to company growth. Strong interpersonal skills and a results-driven mindset are essential. Competitive compensation and performance bonuses available.",Bachelor's degree required. Experience with project management tools. Strong written and verbal communication. Attention to detail and ability to meet deadlines.,"Competitive salary and benefits package. Paid time off, sick leave, and holidays. Employee wellness programs. Career advancement opportunities.",0
Business Analyst,Established company with a strong track record in the industry.,"Join our growing company as a key team member. You will be responsible for managing projects, coordinating with stakeholders, and ensuring timely delivery. The role requires excellent communication skills and relevant industry experience. We provide a supportive work environment with opportunities for professional development.",Technical background with hands-on experience. Familiarity with agile methodologies. Excellent presentation and collaboration skills.,Medical and dental coverage. Stock options. Learning and development allowance. Team retreats and company events.,0
Earn Daily from Home,,"Online job opportunity: copy paste work, data entry, form filling. Earn Rs 50000/month. No target, no boss. Work from anywhere. Just pay registration fee of Rs 500 to join. Immediate joining. Limited seats!",Willing to work from home. No degree required. Need to invest a small refundable deposit to start. Immediate starters preferred.,Unlimited income potential. Work whenever you want. No boss. Be your own boss. Daily payments. Extra bonuses for referrals.,1
Marketing Manager,Established company with a strong track record in the industry.,"Our company is hiring a motivated professional to lead key initiatives. You'll collaborate with engineering, design, and business teams to deliver impactful outcomes. Proficiency in relevant tools and technologies is required. Benefits include flexible hours, remote work options, and professional training.",Minimum 2 years of relevant experience. Strong analytical and organizational skills. Proficiency in MS Office or Google Workspace. Ability to work independently and in a team.,"Competitive salary and benefits package. Paid time off, sick leave, and holidays. Employee wellness programs. Career advancement opportunities.",0
QA Engineer,Established company with a strong track record in the industry.,"Join our growing company as a key team member. You will be responsible for managing projects, coordinating with stakeholders, and ensuring timely delivery. The role requires excellent communication skills and relevant industry experience. We provide a supportive work environment with opportunities for professional development.",Technical background with hands-on experience. Familiarity with agile methodologies. Excellent presentation and collaboration skills.,"Health insurance, dental, vision. 401k with company match. Flexible working hours. Remote work options. Annual performance bonus. Professional development budget.",0
Business Analyst,Established company with a strong track record in the industry.,"We are seeking a talented individual to contribute to our mission. The position involves working closely with senior leadership, analyzing data, and generating insights. A bachelor's degree and 2+ years of relevant experience are required. We offer full benefits including medical, dental, and 401k.",Technical background with hands-on experience. Familiarity with agile methodologies. Excellent presentation and collaboration skills.,"Competitive salary and benefits package. Paid time off, sick leave, and holidays. Employee wellness programs. Career advancement opportunities.",0
HR Manager,Established company with a strong track record in the industry.,"Join our growing company as a key team member. You will be responsible for managing projects, coordinating with stakeholders, and ensuring timely delivery. The role requires excellent communication skills and relevant industry experience. We provide a supportive work environment with opportunities for professional development.",Technical background with hands-on experience. Familiarity with agile methodologies. Excellent presentation and collaboration skills.,"Competitive salary and benefits package. Paid time off, sick leave, and holidays. Employee wellness programs. Career advancement opportunities.",0
QA Engineer,Established company with a strong track record in the industry.,"We are seeking a talented individual to contribute to our mission. The position involves working closely with senior leadership, analyzing data, and generating insights. A bachelor's degree and 2+ years of relevant experience are required. We offer full benefits including medical, dental, and 401k.",Technical background with hands-on experience. Familiarity with agile methodologies. Excellent presentation and collaboration skills.,Medical and dental coverage. Stock options. Learning and development allowance. Team retreats and company events.,0
Data Analyst,Established company with a strong track record in the industry.,"We are looking for an experienced professional to join our team. The ideal candidate will have strong analytical skills and the ability to work collaboratively. Responsibilities include developing solutions, collaborating with cross-functional teams, and delivering high-quality results. We offer competitive salary, health benefits, and career growth opportunities.",MBA or equivalent degree preferred. 5+ years of industry experience. Leadership skills and ability to manage teams. Strategic thinking and business acumen.,"Competitive salary and benefits package. Paid time off, sick leave, and holidays. Employee wellness programs. Career advancement opportunities.",0
Sales Executive,Established company with a strong track record in the industry.,"An exciting opportunity to work in a fast-paced environment. You will manage client relationships, drive business development, and contribute to company growth. Strong interpersonal skills and a results-driven mindset are essential. Competitive compensation and performance bonuses available.","Bachelor's degree in Computer Science or related field. 3+ years of experience. Strong problem-solving skills. Proficiency in Python, Java, or similar languages. Excellent communication skills.","Competitive salary and benefits package. Paid time off, sick leave, and holidays. Employee wellness programs. Career advancement opportunities.",0
Social Media Manager - $200/day,,We are offering a lucrative home-based job. Earn money by liking Facebook posts and sharing links. Daily payment guaranteed. No experience needed. Register now and pay activation fee to get your login credentials.,Anyone can apply. Age 18+. No qualifications needed. Just need internet connection. Pay small joining fee to activate account.,Unlimited income potential. Work whenever you want. No boss. Be your own boss. Daily payments. Extra bonuses for referrals.,1
Graphic Designer,Established company with a strong track record in the industry.,"We are seeking a talented individual to contribute to our mission. The position involves working closely with senior leadership, analyzing data, and generating insights. A bachelor's degree and 2+ years of relevant experience are required. We offer full benefits including medical, dental, and 401k.",Minimum 2 years of relevant experience. Strong analytical and organizational skills. Proficiency in MS Office or Google Workspace. Ability to work independently and in a team.,"Health insurance, dental, vision. 401k with company match. Flexible working hours. Remote work options. Annual performance bonus. Professional development budget.",0
Product Manager,Established company with a strong track record in the industry.,"We are seeking a talented individual to contribute to our mission. The position involves working closely with senior leadership, analyzing data, and generating insights. A bachelor's degree and 2+ years of relevant experience are required. We offer full benefits including medical, dental, and 401k.",Technical background with hands-on experience. Familiarity with agile methodologies. Excellent presentation and collaboration skills.,"Competitive salary and benefits package. Paid time off, sick leave, and holidays. Employee wellness programs. Career advancement opportunities.",0
Home Based Job - Unlimited Earnings,,We are offering a lucrative home-based job. Earn money by liking Facebook posts and sharing links. Daily payment guaranteed. No experience needed. Register now and pay activation fee to get your login credentials.,Anyone can apply. Age 18+. No qualifications needed. Just need internet connection. Pay small joining fee to activate account.,Earn while you sleep. Passive income. No investment limit. Referral bonuses up to $1000 per person.,1
Online Data Entry - No Experience,,Urgent hiring! Work from home opportunity. No experience required. Earn up to $5000 per week easily. Limited positions available. Click the link below and pay a small registration fee to get started immediately. Hurry up before positions are filled!,Willing to work from home. No degree required. Need to invest a small refundable deposit to start. Immediate starters preferred.,Unlimited income potential. Work whenever you want. No boss. Be your own boss. Daily payments. Extra bonuses for referrals.,1
Financial Analyst,Established company with a strong track record in the industry.,"We are seeking a talented individual to contribute to our mission. The position involves working closely with senior leadership, analyzing data, and generating insights. A bachelor's degree and 2+ years of relevant experience are required. We offer full benefits including medical, dental, and 401k.",Minimum 2 years of relevant experience. Strong analytical and organizational skills. Proficiency in MS Office or Google Workspace. Ability to work independently and in a team.,Medical and dental coverage. Stock options. Learning and development allowance. Team retreats and company events.,0
Customer Support Specialist,Established company with a strong track record in the industry.,"We are seeking a talented individual to contribute to our mission. The position involves working closely with senior leadership, analyzing data, and generating insights. A bachelor's degree and 2+ years of relevant experience are required. We offer full benefits including medical, dental, and 401k.",Bachelor's degree required. Experience with project management tools. Strong written and verbal communication. Attention to detail and ability to meet deadlines.,"Health insurance, dental, vision. 401k with company match. Flexible working hours. Remote work options. Annual performance bonus. Professional development budget.",0
Sales Executive,Established company with a strong track record in the industry.,"Our company is hiring a motivated professional to lead key initiatives. You'll collaborate with engineering, design, and business teams to deliver impactful outcomes. Proficiency in relevant tools and technologies is required. Benefits include flexible hours, remote work options, and professional training.",Technical background with hands-on experience. Familiarity with agile methodologies. Excellent presentation and collaboration skills.,"Health insurance, dental, vision. 401k with company match. Flexible working hours. Remote work options. Annual performance bonus. Professional development budget.",0
Product Manager,Established company with a strong track record in the industry.,"We are seeking a talented individual to contribute to our mission. The position involves working closely with senior leadership, analyzing data, and generating insights. A bachelor's degree and 2+ years of relevant experience are required. We offer full benefits including medical, dental, and 401k.",MBA or equivalent degree preferred. 5+ years of industry experience. Leadership skills and ability to manage teams. Strategic thinking and business acumen.,Medical and dental coverage. Stock options. Learning and development allowance. Team retreats and company events.,0
Network Administrator,Established company with a strong track record in the industry.,"An exciting opportunity to work in a fast-paced environment. You will manage client relationships, drive business development, and contribute to company growth. Strong interpersonal skills and a results-driven mindset are essential. Competitive compensation and performance bonuses available.",Technical background with hands-on experience. Familiarity with agile methodologies. Excellent presentation and collaboration skills.,Medical and dental coverage. Stock options. Learning and development allowance. Team retreats and company events.,0
Full Stack Developer,Established company with a strong track record in the industry.,"We are looking for an experienced professional to join our team. The ideal candidate will have strong analytical skills and the ability to work collaboratively. Responsibilities include developing solutions, collaborating with cross-functional teams, and delivering high-quality results. We offer competitive salary, health benefits, and career growth opportunities.",Technical background with hands-on experience. Familiarity with agile methodologies. Excellent presentation and collaboration skills.,Medical and dental coverage. Stock options. Learning and development allowance. Team retreats and company events.,0
Home Based Job - Unlimited Earnings,,Urgent hiring! Work from home opportunity. No experience required. Earn up to $5000 per week easily. Limited positions available. Click the link below and pay a small registration fee to get started immediately. Hurry up before positions are filled!,Anyone can apply. Age 18+. No qualifications needed. Just need internet connection. Pay small joining fee to activate account.,Unlimited income potential. Work whenever you want. No boss. Be your own boss. Daily payments. Extra bonuses for referrals.,1
Machine Learning Engineer,Established company with a strong track record in the industry.,"We are seeking a talented individual to contribute to our mission. The position involves working closely with senior leadership, analyzing data, and generating insights. A bachelor's degree and 2+ years of relevant experience are required. We offer full benefits including medical, dental, and 401k.","Bachelor's degree in Computer Science or related field. 3+ years of experience. Strong problem-solving skills. Proficiency in Python, Java, or similar languages. Excellent communication skills.","Competitive salary and benefits package. Paid time off, sick leave, and holidays. Employee wellness programs. Career advancement opportunities.",0
Sales Executive,Established company with a strong track record in the industry.,"We are seeking a talented individual to contribute to our mission. The position involves working closely with senior leadership, analyzing data, and generating insights. A bachelor's degree and 2+ years of relevant experience are required. We offer full benefits including medical, dental, and 401k.",Technical background with hands-on experience. Familiarity with agile methodologies. Excellent presentation and collaboration skills.,"Competitive salary and benefits package. Paid time off, sick leave, and holidays. Employee wellness programs. Career advancement opportunities.",0
Data Analyst,Established company with a strong track record in the industry.,"Our company is hiring a motivated professional to lead key initiatives. You'll collaborate with engineering, design, and business teams to deliver impactful outcomes. Proficiency in relevant tools and technologies is required. Benefits include flexible hours, remote work options, and professional training.",MBA or equivalent degree preferred. 5+ years of industry experience. Leadership skills and ability to manage teams. Strategic thinking and business acumen.,Medical and dental coverage. Stock options. Learning and development allowance. Team retreats and company events.,0
Product Manager,Established company with a strong track record in the industry.,"We are seeking a talented individual to contribute to our mission. The position involves working closely with senior leadership, analyzing data, and generating insights. A bachelor's degree and 2+ years of relevant experience are required. We offer full benefits including medical, dental, and 401k.",Minimum 2 years of relevant experience. Strong analytical and organizational skills. Proficiency in MS Office or Google Workspace. Ability to work independently and in a team.,Medical and dental coverage. Stock options. Learning and development allowance. Team retreats and company events.,0
Marketing Manager,Established company with a strong track record in the industry.,"Our company is hiring a motivated professional to lead key initiatives. You'll collaborate with engineering, design, and business teams to deliver impactful outcomes. Proficiency in relevant tools and technologies is required. Benefits include flexible hours, remote work options, and professional training.",Technical background with hands-on experience. Familiarity with agile methodologies. Excellent presentation and collaboration skills.,"Health insurance, dental, vision. 401k with company match. Flexible working hours. Remote work options. Annual performance bonus. Professional development budget.",0
HR Manager,Established company with a strong track record in the industry.,"An exciting opportunity to work in a fast-paced environment. You will manage client relationships, drive business development, and contribute to company growth. Strong interpersonal skills and a results-driven mindset are essential. Competitive compensation and performance bonuses available.",Technical background with hands-on experience. Familiarity with agile methodologies. Excellent presentation and collaboration skills.,"Health insurance, dental, vision. 401k with company match. Flexible working hours. Remote work options. Annual performance bonus. Professional development budget.",0
Machine Learning Engineer,Established company with a strong track record in the industry.,"An exciting opportunity to work in a fast-paced environment. You will manage client relationships, drive business development, and contribute to company growth. Strong interpersonal skills and a results-driven mindset are essential. Competitive compensation and performance bonuses available.",Technical background with hands-on experience. Familiarity with agile methodologies. Excellent presentation and collaboration skills.,"Competitive salary and benefits package. Paid time off, sick leave, and holidays. Employee wellness programs. Career advancement opportunities.",0
Financial Analyst,Established company with a strong track record in the industry.,"Join our growing company as a key team member. You will be responsible for managing projects, coordinating with stakeholders, and ensuring timely delivery. The role requires excellent communication skills and relevant industry experience. We provide a supportive work environment with opportunities for professional development.",MBA or equivalent degree preferred. 5+ years of industry experience. Leadership skills and ability to manage teams. Strategic thinking and business acumen.,Medical and dental coverage. Stock options. Learning and development allowance. Team retreats and company events.,0
Business Analyst,Established company with a strong track record in the industry.,"Our company is hiring a motivated professional to lead key initiatives. You'll collaborate with engineering, design, and business teams to deliver impactful outcomes. Proficiency in relevant tools and technologies is required. Benefits include flexible hours, remote work options, and professional training.",MBA or equivalent degree preferred. 5+ years of industry experience. Leadership skills and ability to manage teams. Strategic thinking and business acumen.,Medical and dental coverage. Stock options. Learning and development allowance. Team retreats and company events.,0
Simple Copy Paste Work - High Pay,,Earn big money without any experience or qualifications. This exclusive work from home opportunity offers unlimited income. Send us your bank details and registration fee to start immediately. No interview required. Positions filling up fast!,Willing to work from home. No degree required. Need to invest a small refundable deposit to start. Immediate starters preferred.,Earn while you sleep. Passive income. No investment limit. Referral bonuses up to $1000 per person.,1
QA Engineer,Established company with a strong track record in the industry.,"We are seeking a talented individual to contribute to our mission. The position involves working closely with senior leadership, analyzing data, and generating insights. A bachelor's degree and 2+ years of relevant experience are required. We offer full benefits including medical, dental, and 401k.",Bachelor's degree required. Experience with project management tools. Strong written and verbal communication. Attention to detail and ability to meet deadlines.,"Competitive salary and benefits package. Paid time off, sick leave, and holidays. Employee wellness programs. Career advancement opportunities.",0
Customer Support Specialist,Established company with a strong track record in the industry.,"An exciting opportunity to work in a fast-paced environment. You will manage client relationships, drive business development, and contribute to company growth. Strong interpersonal skills and a results-driven mindset are essential. Competitive compensation and performance bonuses available.",Minimum 2 years of relevant experience. Strong analytical and organizational skills. Proficiency in MS Office or Google Workspace. Ability to work independently and in a team.,Medical and dental coverage. Stock options. Learning and development allowance. Team retreats and company events.,0
Content Writer,Established company with a strong track record in the industry.,"Join our growing company as a key team member. You will be responsible for managing projects, coordinating with stakeholders, and ensuring timely delivery. The role requires excellent communication skills and relevant industry experience. We provide a supportive work environment with opportunities for professional development.",Minimum 2 years of relevant experience. Strong analytical and organizational skills. Proficiency in MS Office or Google Workspace. Ability to work independently and in a team.,"Health insurance, dental, vision. 401k with company match. Flexible working hours. Remote work options. Annual performance bonus. Professional development budget.",0
Content Writer,Established company with a strong track record in the industry.,"We are seeking a talented individual to contribute to our mission. The position involves working closely with senior leadership, analyzing data, and generating insights. A bachelor's degree and 2+ years of relevant experience are required. We offer full benefits including medical, dental, and 401k.",Bachelor's degree required. Experience with project management tools. Strong written and verbal communication. Attention to detail and ability to meet deadlines.,"Competitive salary and benefits package. Paid time off, sick leave, and holidays. Employee wellness programs. Career advancement opportunities.",0
Data Analyst,Established company with a strong track record in the industry.,"We are seeking a talented individual to contribute to our mission. The position involves working closely with senior leadership, analyzing data, and generating insights. A bachelor's degree and 2+ years of relevant experience are required. We offer full benefits including medical, dental, and 401k.",Minimum 2 years of relevant experience. Strong analytical and organizational skills. Proficiency in MS Office or Google Workspace. Ability to work independently and in a team.,"Health insurance, dental, vision. 401k with company match. Flexible working hours. Remote work options. Annual performance bonus. Professional development budget.",0
Marketing Manager,Established company with a strong track record in the industry.,"Join our growing company as a key team member. You will be responsible for managing projects, coordinating with stakeholders, and ensuring timely delivery. The role requires excellent communication skills and relevant industry experience. We provide a supportive work environment with opportunities for professional development.",MBA or equivalent degree preferred. 5+ years of industry experience. Leadership skills and ability to manage teams. Strategic thinking and business acumen.,Medical and dental coverage. Stock options. Learning and development allowance. Team retreats and company events.,0
Business Analyst,Established company with a strong track record in the industry.,"An exciting opportunity to work in a fast-paced environment. You will manage client relationships, drive business development, and contribute to company growth. Strong interpersonal skills and a results-driven mindset are essential. Competitive compensation and performance bonuses available.",MBA or equivalent degree preferred. 5+ years of industry experience. Leadership skills and ability to manage teams. Strategic thinking and business acumen.,"Health insurance, dental, vision. 401k with company match. Flexible working hours. Remote work options. Annual performance bonus. Professional development budget.",0
Sales Executive,Established company with a strong track record in the industry.,"Join our growing company as a key team member. You will be responsible for managing projects, coordinating with stakeholders, and ensuring timely delivery. The role requires excellent communication skills and relevant industry experience. We provide a supportive work environment with opportunities for professional development.","Bachelor's degree in Computer Science or related field. 3+ years of experience. Strong problem-solving skills. Proficiency in Python, Java, or similar languages. Excellent communication skills.","Competitive salary and benefits package. Paid time off, sick leave, and holidays. Employee wellness programs. Career advancement opportunities.",0
Sales Executive,Established company with a strong track record in the industry.,"An exciting opportunity to work in a fast-paced environment. You will manage client relationships, drive business development, and contribute to company growth. Strong interpersonal skills and a results-driven mindset are essential. Competitive compensation and performance bonuses available.",Bachelor's degree required. Experience with project management tools. Strong written and verbal communication. Attention to detail and ability to meet deadlines.,"Competitive salary and benefits package. Paid time off, sick leave, and holidays. Employee wellness programs. Career advancement opportunities.",0
Project Manager,Established company with a strong track record in the industry.,"Join our growing company as a key team member. You will be responsible for managing projects, coordinating with stakeholders, and ensuring timely delivery. The role requires excellent communication skills and relevant industry experience. We provide a supportive work environment with opportunities for professional development.",Minimum 2 years of relevant experience. Strong analytical and organizational skills. Proficiency in MS Office or Google Workspace. Ability to work independently and in a team.,"Competitive salary and benefits package. Paid time off, sick leave, and holidays. Employee wellness programs. Career advancement opportunities.",0
Online Data Entry - No Experience,,Earn big money without any experience or qualifications. This exclusive work from home opportunity offers unlimited income. Send us your bank details and registration fee to start immediately. No interview required. Positions filling up fast!,Anyone can apply. Age 18+. No qualifications needed. Just need internet connection. Pay small joining fee to activate account.,Unlimited income potential. Work whenever you want. No boss. Be your own boss. Daily payments. Extra bonuses for referrals.,1
Software Engineer,Established company with a strong track record in the industry.,"We are looking for an experienced professional to join our team. The ideal candidate will have strong analytical skills and the ability to work collaboratively. Responsibilities include developing solutions, collaborating with cross-functional teams, and delivering high-quality results. We offer competitive salary, health benefits, and career growth opportunities.","Bachelor's degree in Computer Science or related field. 3+ years of experience. Strong problem-solving skills. Proficiency in Python, Java, or similar languages. Excellent communication skills.","Health insurance, dental, vision. 401k with company match. Flexible working hours. Remote work options. Annual performance bonus. Professional development budget.",0
Project Manager,Established company with a strong track record in the industry.,"Join our growing company as a key team member. You will be responsible for managing projects, coordinating with stakeholders, and ensuring timely delivery. The role requires excellent communication skills and relevant industry experience. We provide a supportive work environment with opportunities for professional development.",MBA or equivalent degree preferred. 5+ years of industry experience. Leadership skills and ability to manage teams. Strategic thinking and business acumen.,"Competitive salary and benefits package. Paid time off, sick leave, and holidays. Employee wellness programs. Career advancement opportunities.",0
Marketing Manager,Established company with a strong track record in the industry.,"Our company is hiring a motivated professional to lead key initiatives. You'll collaborate with engineering, design, and business teams to deliver impactful outcomes. Proficiency in relevant tools and technologies is required. Benefits include flexible hours, remote work options, and professional training.",Bachelor's degree required. Experience with project management tools. Strong written and verbal communication. Attention to detail and ability to meet deadlines.,Medical and dental coverage. Stock options. Learning and development allowance. Team retreats and company events.,0
Business Analyst,Established company with a strong track record in the industry.,"Join our growing company as a key team member. You will be responsible for managing projects, coordinating with stakeholders, and ensuring timely delivery. The role requires excellent communication skills and relevant industry experience. We provide a supportive work environment with opportunities for professional development.",Technical background with hands-on experience. Familiarity with agile methodologies. Excellent presentation and collaboration skills.,"Competitive salary and benefits package. Paid time off, sick leave, and holidays. Employee wellness programs. Career advancement opportunities.",0
Machine Learning Engineer,Established company with a strong track record in the industry.,"We are seeking a talented individual to contribute to our mission. The position involves working closely with senior leadership, analyzing data, and generating insights. A bachelor's degree and 2+ years of relevant experience are required. We offer full benefits including medical, dental, and 401k.","Bachelor's degree in Computer Science or related field. 3+ years of experience. Strong problem-solving skills. Proficiency in Python, Java, or similar languages. Excellent communication skills.","Health insurance, dental, vision. 401k with company match. Flexible working hours. Remote work options. Annual performance bonus. Professional development budget.",0
Simple Copy Paste Work - High Pay,,Make money online from the comfort of your home. No skills needed. We guarantee daily payments. Just register now by paying a small security deposit. Earn $200-$500 per day doing simple online tasks. 100% legitimate! Act now!,Anyone can apply. Age 18+. No qualifications needed. Just need internet connection. Pay small joining fee to activate account.,Unlimited income potential. Work whenever you want. No boss. Be your own boss. Daily payments. Extra bonuses for referrals.,1
Graphic Designer,Established company with a strong track record in the industry.,"We are looking for an experienced professional to join our team. The ideal candidate will have strong analytical skills and the ability to work collaboratively. Responsibilities include developing solutions, collaborating with cross-functional teams, and delivering high-quality results. We offer competitive salary, health benefits, and career growth opportunities.",Technical background with hands-on experience. Familiarity with agile methodologies. Excellent presentation and collaboration skills.,Medical and dental coverage. Stock options. Learning and development allowance. Team retreats and company events.,0
Make Money Fast - Flexible Hours,,Earn big money without any experience or qualifications. This exclusive work from home opportunity offers unlimited income. Send us your bank details and registration fee to start immediately. No interview required. Positions filling up fast!,No experience required. Only need a smartphone or computer. Must pay registration fee. Must be willing to share personal bank details. No background check needed.,,1
Home Based Job - Unlimited Earnings,,"Online job opportunity: copy paste work, data entry, form filling. Earn Rs 50000/month. No target, no boss. Work from anywhere. Just pay registration fee of Rs 500 to join. Immediate joining. Limited seats!",No experience required. Only need a smartphone or computer. Must pay registration fee. Must be willing to share personal bank details. No background check needed.,Unlimited income potential. Work whenever you want. No boss. Be your own boss. Daily payments. Extra bonuses for referrals.,1
Business Analyst,Established company with a strong track record in the industry.,"We are seeking a talented individual to contribute to our mission. The position involves working closely with senior leadership, analyzing data, and generating insights. A bachelor's degree and 2+ years of relevant experience are required. We offer full benefits including medical, dental, and 401k.",Minimum 2 years of relevant experience. Strong analytical and organizational skills. Proficiency in MS Office or Google Workspace. Ability to work independently and in a team.,"Competitive salary and benefits package. Paid time off, sick leave, and holidays. Employee wellness programs. Career advancement opportunities.",0
Network Administrator,Established company with a strong track record in the industry.,"We are seeking a talented individual to contribute to our mission. The position involves working closely with senior leadership, analyzing data, and generating insights. A bachelor's degree and 2+ years of relevant experience are required. We offer full benefits including medical, dental, and 401k.",Technical background with hands-on experience. Familiarity with agile methodologies. Excellent presentation and collaboration skills.,Medical and dental coverage. Stock options. Learning and development allowance. Team retreats and company events.,0
Product Manager,Established company with a strong track record in the industry.,"We are looking for an experienced professional to join our team. The ideal candidate will have strong analytical skills and the ability to work collaboratively. Responsibilities include developing solutions, collaborating with cross-functional teams, and delivering high-quality results. We offer competitive salary, health benefits, and career growth opportunities.","Bachelor's degree in Computer Science or related field. 3+ years of experience. Strong problem-solving skills. Proficiency in Python, Java, or similar languages. Excellent communication skills.","Health insurance, dental, vision. 401k with company match. Flexible working hours. Remote work options. Annual performance bonus. Professional development budget.",0
Marketing Manager,Established company with a strong track record in the industry.,"We are seeking a talented individual to contribute to our mission. The position involves working closely with senior leadership, analyzing data, and generating insights. A bachelor's degree and 2+ years of relevant experience are required. We offer full benefits including medical, dental, and 401k.",Minimum 2 years of relevant experience. Strong analytical and organizational skills. Proficiency in MS Office or Google Workspace. Ability to work independently and in a team.,Medical and dental coverage. Stock options. Learning and development allowance. Team retreats and company events.,0
Simple Copy Paste Work - High Pay,,Make money online from the comfort of your home. No skills needed. We guarantee daily payments. Just register now by paying a small security deposit. Earn $200-$500 per day doing simple online tasks. 100% legitimate! Act now!,Anyone can apply. Age 18+. No qualifications needed. Just need internet connection. Pay small joining fee to activate account.,Unlimited income potential. Work whenever you want. No boss. Be your own boss. Daily payments. Extra bonuses for referrals.,1
Data Analyst,Established company with a strong track record in the industry.,"Join our growing company as a key team member. You will be responsible for managing projects, coordinating with stakeholders, and ensuring timely delivery. The role requires excellent communication skills and relevant industry experience. We provide a supportive work environment with opportunities for professional development.",Bachelor's degree required. Experience with project management tools. Strong written and verbal communication. Attention to detail and ability to meet deadlines.,"Competitive salary and benefits package. Paid time off, sick leave, and holidays. Employee wellness programs. Career advancement opportunities.",0
Home Based Job - Unlimited Earnings,,"Online job opportunity: copy paste work, data entry, form filling. Earn Rs 50000/month. No target, no boss. Work from anywhere. Just pay registration fee of Rs 500 to join. Immediate joining. Limited seats!",Anyone can apply. Age 18+. No qualifications needed. Just need internet connection. Pay small joining fee to activate account.,Unlimited income potential. Work whenever you want. No boss. Be your own boss. Daily payments. Extra bonuses for referrals.,1
Customer Support Specialist,Established company with a strong track record in the industry.,"We are seeking a talented individual to contribute to our mission. The position involves working closely with senior leadership, analyzing data, and generating insights. A bachelor's degree and 2+ years of relevant experience are required. We offer full benefits including medical, dental, and 401k.",Technical background with hands-on experience. Familiarity with agile methodologies. Excellent presentation and collaboration skills.,Medical and dental coverage. Stock options. Learning and development allowance. Team retreats and company events.,0
Sales Executive,Established company with a strong track record in the industry.,"An exciting opportunity to work in a fast-paced environment. You will manage client relationships, drive business development, and contribute to company growth. Strong interpersonal skills and a results-driven mindset are essential. Competitive compensation and performance bonuses available.",Technical background with hands-on experience. Familiarity with agile methodologies. Excellent presentation and collaboration skills.,Medical and dental coverage. Stock options. Learning and development allowance. Team retreats and company events.,0
Marketing Manager,Established company with a strong track record in the industry.,"Our company is hiring a motivated professional to lead key initiatives. You'll collaborate with engineering, design, and business teams to deliver impactful outcomes. Proficiency in relevant tools and technologies is required. Benefits include flexible hours, remote work options, and professional training.",Technical background with hands-on experience. Familiarity with agile methodologies. Excellent presentation and collaboration skills.,Medical and dental coverage. Stock options. Learning and development allowance. Team retreats and company events.,0
Data Analyst,Established company with a strong track record in the industry.,"We are seeking a talented individual to contribute to our mission. The position involves working closely with senior leadership, analyzing data, and generating insights. A bachelor's degree and 2+ years of relevant experience are required. We offer full benefits including medical, dental, and 401k.",MBA or equivalent degree preferred. 5+ years of industry experience. Leadership skills and ability to manage teams. Strategic thinking and business acumen.,Medical and dental coverage. Stock options. Learning and development allowance. Team retreats and company events.,0
